record_id,region_id,date,month,tmax_c,normal_tmax_c,rh_pct,wind_ms,solar_mj_m2,precip_mm,temp_deviation_c,risk_class,split
4038,andheri,2000-01-07,1,30.2,30.12,53.5,1.57,15.08,0.0,0.08,NORMAL,train
1898,andheri,2000-01-09,1,37.3,30.06,14.3,2.44,23.32,0.0,7.24,SEVERE_HEATWAVE,train
3021,andheri,2000-01-14,1,33.0,30.04,56.3,1.59,,0.0,2.96,NORMAL,train
4784,andheri,2000-01-28,1,36.7,30.46,12.5,1.54,19.05,0.0,6.24,SEVERE_HEATWAVE,train
1989,andheri,2000-02-01,2,29.2,30.67,46.2,1.92,20.31,3.4,-1.47,NORMAL,train
1658,andheri,2000-02-29,2,31.7,32.99,49.9,2.14,22.39,0.0,-1.29,NORMAL,test
4258,andheri,2000-03-18,3,42.2,34.55,33.0,,24.26,0.0,7.65,SEVERE_HEATWAVE,train
1896,andheri,2000-03-25,3,34.1,35.06,47.0,2.1,23.48,0.0,-0.96,NORMAL,train
1709,andheri,2000-03-26,3,34.3,35.13,47.4,2.2,17.73,0.0,-0.83,NORMAL,test
910,andheri,2000-03-28,3,35.5,35.27,64.3,2.38,21.46,0.0,0.23,NORMAL,validation
1263,andheri,2000-04-02,4,36.0,35.51,47.5,2.42,27.03,0.1,0.49,NORMAL,train
763,andheri,2000-04-04,4,35.6,35.57,64.3,1.81,27.47,0.9,0.03,NORMAL,train
2959,andheri,2000-04-08,4,42.7,35.72,15.3,1.57,29.3,0.0,6.98,SEVERE_HEATWAVE,train
1008,andheri,2000-04-09,4,39.0,35.76,41.8,1.64,26.56,,3.24,NORMAL,test
847,andheri,2000-04-11,4,35.9,35.82,56.2,2.28,22.11,0.0,0.08,NORMAL,train
3740,andheri,2000-04-30,4,34.0,36.24,61.1,2.43,25.93,0.0,-2.24,NORMAL,test
1026,andheri,2000-05-21,5,35.4,35.92,67.9,2.3,24.76,0.0,-0.52,NORMAL,train
3784,andheri,2000-05-22,5,40.5,35.87,43.3,2.77,32.0,0.0,4.63,NORMAL,train
3529,andheri,2000-05-24,5,41.2,35.74,47.2,2.96,27.72,0.0,5.46,HEATWAVE,train
4541,andheri,2000-06-04,6,36.0,34.56,77.5,2.13,,0.0,1.44,NORMAL,validation
1162,andheri,2000-06-12,6,40.3,33.35,61.7,4.01,31.44,0.0,6.95,SEVERE_HEATWAVE,train
176,andheri,2000-06-13,6,39.7,33.19,42.3,2.02,23.36,0.0,6.51,HEATWAVE,train
4082,andheri,2000-06-20,6,33.8,32.04,56.2,2.23,17.95,0.0,1.76,NORMAL,train
159,andheri,2000-06-25,6,27.2,31.31,77.8,4.87,13.57,8.4,-4.11,NORMAL,train
2911,andheri,2000-07-11,7,29.2,29.94,91.7,4.37,12.56,0.0,-0.74,NORMAL,validation
2818,andheri,2000-08-02,8,28.8,29.0,89.2,2.79,15.64,23.8,-0.2,NORMAL,validation
3089,andheri,2000-08-11,8,28.2,29.04,88.7,5.24,12.03,5.7,-0.84,NORMAL,train
1247,andheri,2000-08-13,8,27.7,29.06,90.6,4.17,11.04,30.2,-1.36,NORMAL,train
342,andheri,2000-08-16,8,29.7,29.12,90.1,1.99,22.55,0.0,0.58,NORMAL,validation
2289,andheri,2000-08-18,8,29.3,29.15,86.9,3.39,13.19,18.6,0.15,NORMAL,train
904,andheri,2000-09-15,9,32.1,30.46,91.4,2.15,14.61,0.0,1.64,NORMAL,validation
1117,andheri,2000-09-18,9,31.1,30.73,85.5,0.95,17.31,0.0,0.37,NORMAL,train
1684,andheri,2000-09-21,9,37.2,30.97,61.9,2.8,15.55,0.0,6.23,HEATWAVE,validation
1381,andheri,2000-09-25,9,29.5,31.36,90.5,2.68,12.53,0.0,-1.86,NORMAL,validation
2823,andheri,2000-09-29,9,37.6,31.72,68.3,1.96,21.3,36.7,5.88,HEATWAVE,train
3411,andheri,2000-10-19,10,33.5,33.23,62.6,2.34,22.09,0.0,0.27,NORMAL,train
3892,andheri,2000-11-07,11,40.0,33.11,66.2,1.19,20.45,0.0,6.89,SEVERE_HEATWAVE,train
992,andheri,2000-11-10,11,39.7,33.02,47.6,0.96,20.07,0.0,6.68,HEATWAVE,validation
1488,andheri,2000-11-26,11,31.1,32.21,66.2,2.91,15.3,0.0,-1.11,NORMAL,test
1074,andheri,2000-11-27,11,32.3,32.15,72.6,1.9,18.9,0.0,0.15,NORMAL,train
736,andheri,2000-11-28,11,31.9,32.09,61.0,1.91,16.41,0.0,-0.19,NORMAL,train
2135,andheri,2000-12-11,12,34.6,31.46,56.9,1.09,17.5,0.0,3.14,NORMAL,validation
282,andheri,2000-12-12,12,31.2,31.4,73.5,1.18,15.63,0.0,-0.2,NORMAL,train
2740,andheri,2000-12-19,12,41.0,30.94,19.0,0.94,,0.0,10.06,SEVERE_HEATWAVE,train
943,andheri,2000-12-22,12,29.0,30.75,59.4,3.71,17.03,0.0,-1.75,NORMAL,validation
2953,andheri,2000-12-23,12,30.6,30.69,71.5,1.82,18.16,0.0,-0.09,NORMAL,train
3771,andheri,2000-12-26,12,28.5,30.53,72.2,1.99,,0.0,-2.03,NORMAL,train
991,andheri,2001-01-01,1,30.4,30.34,55.2,2.15,14.78,0.0,0.06,NORMAL,train
1267,andheri,2001-01-04,1,32.2,30.2,71.7,1.61,22.11,0.0,2.0,NORMAL,test
4104,andheri,2001-01-19,1,31.2,30.18,54.2,2.06,18.68,0.0,1.02,NORMAL,train
1856,andheri,2001-02-03,2,37.2,30.79,15.8,1.69,21.14,0.0,6.41,HEATWAVE,validation
15,andheri,2001-02-05,2,31.7,30.92,25.1,3.05,20.19,0.0,0.78,NORMAL,test
1930,andheri,2001-02-14,2,31.1,31.69,45.0,2.5,19.4,0.0,-0.59,NORMAL,validation
1593,andheri,2001-03-02,3,38.2,33.17,54.9,1.69,27.72,0.0,5.03,NORMAL,test
2217,andheri,2001-03-03,3,34.3,33.28,18.8,1.61,25.61,0.0,1.02,NORMAL,train
4589,andheri,2001-03-05,3,32.0,33.49,46.9,2.56,23.59,0.0,-1.49,NORMAL,test
2792,andheri,2001-03-09,3,39.7,33.82,12.6,1.63,28.26,0.0,5.88,HEATWAVE,train
121,andheri,2001-03-20,3,33.1,34.67,51.1,2.75,23.53,0.0,-1.57,NORMAL,validation
3610,andheri,2001-03-26,3,35.2,35.13,50.0,2.78,23.57,0.0,0.07,NORMAL,train
1443,andheri,2001-03-27,3,33.2,35.2,36.9,2.56,25.82,0.0,-2.0,NORMAL,train
1360,andheri,2001-04-08,4,33.9,35.72,55.7,1.99,23.7,0.0,-1.82,NORMAL,validation
4389,andheri,2001-04-14,4,41.0,35.9,39.2,1.84,27.03,0.0,5.1,HEATWAVE,train
287,andheri,2001-05-03,5,39.9,36.28,46.3,1.74,28.17,0.0,3.62,NORMAL,test
1446,andheri,2001-05-12,5,43.0,36.24,34.6,2.33,31.43,0.0,6.76,SEVERE_HEATWAVE,train
4190,andheri,2001-05-19,5,35.7,36.03,60.2,3.58,26.78,,-0.33,NORMAL,train
4632,andheri,2001-05-26,5,42.3,35.58,40.3,1.18,28.13,0.0,6.72,HEATWAVE,train
1177,andheri,2001-05-28,5,41.1,35.41,44.7,2.02,26.69,0.0,5.69,HEATWAVE,train
299,andheri,2001-06-07,6,38.2,34.14,59.8,3.3,13.52,0.0,4.06,NORMAL,train
3847,andheri,2001-06-12,6,39.5,33.35,59.5,3.35,26.57,0.0,6.15,HEATWAVE,train
3531,andheri,2001-06-23,6,30.3,31.6,67.1,2.88,9.85,10.3,-1.3,NORMAL,test
2155,andheri,2001-06-27,6,30.3,31.05,71.3,2.22,0.4,0.0,-0.75,NORMAL,train
148,andheri,2001-07-08,7,29.8,30.1,89.1,3.7,8.91,18.6,-0.3,NORMAL,train
2425,andheri,2001-07-09,7,37.5,30.04,61.6,2.99,15.36,0.0,7.46,SEVERE_HEATWAVE,validation
867,andheri,2001-07-11,7,28.2,29.94,90.3,3.89,22.49,23.3,-1.74,NORMAL,train
1304,andheri,2001-07-24,7,27.9,29.21,89.0,1.94,15.15,1.6,-1.31,NORMAL,train
3782,andheri,2001-07-27,7,27.2,29.13,88.4,2.78,13.53,0.6,-1.93,NORMAL,test
2253,andheri,2001-08-14,8,28.5,29.07,85.5,2.39,23.24,3.3,-0.57,NORMAL,train
480,andheri,2001-08-24,8,29.6,29.36,89.5,3.63,13.41,5.9,0.24,NORMAL,train
2256,andheri,2001-09-11,9,27.5,30.13,90.4,4.46,19.29,20.8,-2.63,NORMAL,train
728,andheri,2001-09-18,9,28.8,30.73,85.1,3.96,17.18,0.2,-1.93,NORMAL,train
4442,andheri,2001-10-06,10,35.0,32.38,76.9,1.12,24.54,0.0,2.62,NORMAL,test
3788,andheri,2001-10-09,10,38.0,32.65,66.7,0.94,23.56,0.0,5.35,HEATWAVE,train
4456,andheri,2001-10-11,10,32.4,32.8,78.0,1.34,15.99,0.0,-0.4,NORMAL,train
2697,andheri,2001-10-19,10,39.6,33.23,73.5,0.95,14.27,0.0,6.37,SEVERE_HEATWAVE,train
3018,andheri,2001-10-28,10,32.7,33.39,63.9,2.38,18.93,0.0,-0.69,NORMAL,test
3472,andheri,2001-10-30,10,38.0,33.35,65.7,1.46,20.9,0.0,4.65,HEATWAVE,validation
3398,andheri,2001-11-09,11,37.2,33.04,59.9,,19.07,0.0,4.16,HEATWAVE,test
3515,andheri,2001-11-15,11,33.5,32.8,83.2,2.18,18.62,0.0,0.7,NORMAL,train
1044,andheri,2001-11-19,11,39.4,32.6,35.4,1.34,22.25,0.0,6.8,SEVERE_HEATWAVE,test
1453,andheri,2001-12-15,12,32.0,31.23,69.7,,14.66,0.0,0.77,NORMAL,train
2917,andheri,2002-01-03,1,34.9,30.24,41.7,1.17,17.4,0.0,4.66,NORMAL,train
1055,andheri,2002-01-10,1,36.1,30.04,17.5,1.54,21.21,0.0,6.06,NORMAL,test
4126,andheri,2002-01-12,1,36.2,30.04,34.9,1.89,21.3,0.0,6.16,NORMAL,validation
1716,andheri,2002-01-21,1,37.2,30.25,43.6,1.11,21.83,0.0,6.95,SEVERE_HEATWAVE,train
2846,andheri,2002-01-28,1,31.3,30.46,31.5,1.63,19.64,0.0,0.84,NORMAL,test
2042,andheri,2002-02-09,2,36.7,31.26,19.2,1.82,20.54,0.0,5.44,NORMAL,train
1067,andheri,2002-02-24,2,31.8,32.55,27.3,2.44,22.0,0.0,-0.75,NORMAL,train
3456,andheri,2002-03-19,3,40.2,34.61,26.1,2.84,24.33,0.0,5.59,HEATWAVE,train
561,andheri,2002-04-02,4,35.7,35.51,50.1,2.08,24.06,0.0,0.19,NORMAL,train
4624,andheri,2002-04-07,4,36.6,35.68,46.0,1.81,23.2,0.0,0.92,NORMAL,validation
185,andheri,2002-04-08,4,39.2,35.72,29.6,2.2,26.74,0.0,3.48,NORMAL,train
576,andheri,2002-04-10,4,41.5,35.79,47.5,1.86,28.55,0.0,5.71,HEATWAVE,train
1977,andheri,2002-04-13,4,35.8,35.88,37.5,1.92,27.67,0.0,-0.08,NORMAL,test
309,andheri,2002-04-22,4,43.4,36.14,38.2,1.64,26.73,0.0,7.26,SEVERE_HEATWAVE,validation
246,andheri,2002-04-29,4,39.9,36.24,47.6,3.08,27.68,0.0,3.66,NORMAL,test
1810,andheri,2002-05-09,5,35.0,36.28,65.3,2.65,23.98,0.0,-1.28,NORMAL,train
4939,andheri,2002-05-12,5,40.2,36.24,39.4,2.87,27.8,0.0,3.96,NORMAL,train
4894,andheri,2002-05-16,5,40.8,36.15,46.5,2.39,29.5,0.0,4.65,NORMAL,train
3372,andheri,2002-05-30,5,41.4,35.2,37.2,2.73,27.72,0.0,6.2,SEVERE_HEATWAVE,train
3970,andheri,2002-06-22,6,38.9,31.75,46.5,2.6,22.67,0.0,7.15,HEATWAVE,train
776,andheri,2002-07-01,7,36.9,30.63,71.8,5.17,23.25,0.0,6.27,NORMAL,test
1580,andheri,2002-07-03,7,31.2,30.45,89.6,3.41,0.74,0.0,0.75,NORMAL,validation
4709,andheri,2002-07-04,7,30.0,30.37,90.4,3.75,9.3,27.4,-0.37,NORMAL,train
1579,andheri,2002-07-09,7,29.8,30.04,86.4,4.08,27.43,5.1,-0.24,NORMAL,test
2126,andheri,2002-07-15,7,31.9,29.65,81.1,3.11,12.66,0.0,2.25,NORMAL,train
4252,andheri,2002-07-27,7,29.3,29.13,89.2,5.25,25.06,39.6,0.17,NORMAL,train
4854,andheri,2002-08-22,8,31.4,29.29,,1.1,18.81,0.0,2.11,NORMAL,train
25,andheri,2002-08-27,8,29.8,29.51,91.0,2.58,12.12,20.6,0.29,NORMAL,train
3157,andheri,2002-09-10,9,25.9,30.08,88.0,1.97,13.25,25.2,-4.18,NORMAL,train
179,andheri,2002-09-25,9,31.6,31.36,86.0,2.02,23.29,0.0,0.24,NORMAL,validation
4715,andheri,2002-10-03,10,36.4,32.09,61.8,0.94,21.7,0.0,4.31,NORMAL,test
3461,andheri,2002-11-08,11,33.6,33.07,72.2,1.47,18.1,0.0,0.53,NORMAL,test
2057,andheri,2002-11-20,11,38.2,32.55,54.7,1.63,20.15,0.0,5.65,HEATWAVE,train
4316,andheri,2002-11-27,11,32.8,32.15,75.8,3.22,17.75,0.0,0.65,NORMAL,validation
751,andheri,2002-12-01,12,36.6,31.94,63.6,1.39,25.43,0.0,4.66,HEATWAVE,train
4804,andheri,2002-12-20,12,29.3,30.87,58.8,3.18,17.89,0.0,-1.57,NORMAL,test
4832,andheri,2002-12-22,12,37.2,30.75,28.2,2.1,20.0,0.0,6.45,HEATWAVE,train
1427,andheri,2002-12-23,12,32.4,30.69,68.9,1.51,16.16,0.0,1.71,NORMAL,train
547,andheri,2003-01-04,1,28.8,30.2,41.9,2.02,18.05,0.0,-1.4,NORMAL,train
2228,andheri,2003-01-06,1,31.4,30.14,42.6,1.3,15.99,0.0,1.26,NORMAL,validation
3141,andheri,2003-02-05,2,31.2,30.92,61.1,2.05,20.96,0.0,0.28,NORMAL,train
3448,andheri,2003-03-02,3,34.9,33.17,44.1,2.45,26.18,0.0,1.73,NORMAL,train
174,andheri,2003-03-07,3,33.1,33.66,44.0,2.55,22.16,0.0,-0.56,NORMAL,train
4063,andheri,2003-03-14,3,39.3,34.25,40.7,2.03,,0.0,5.05,HEATWAVE,test
3090,andheri,2003-04-01,4,40.3,35.47,50.8,2.13,24.93,0.0,4.83,HEATWAVE,test
1202,andheri,2003-04-10,4,43.9,35.79,32.4,2.2,30.93,0.0,8.11,SEVERE_HEATWAVE,train
1145,andheri,2003-04-22,4,42.7,36.14,33.8,1.81,27.22,0.0,6.56,SEVERE_HEATWAVE,train
3376,andheri,2003-05-06,5,36.8,36.29,54.0,2.19,24.78,1.7,0.51,NORMAL,train
140,andheri,2003-05-16,5,35.2,36.15,65.0,3.82,25.79,0.0,-0.95,NORMAL,validation
274,andheri,2003-06-12,6,36.6,33.35,75.1,2.01,19.68,0.0,3.25,NORMAL,train
3544,andheri,2003-06-14,6,39.0,33.02,66.0,2.8,20.0,0.0,5.98,HEATWAVE,train
4247,andheri,2003-06-20,6,36.4,32.04,72.8,1.51,18.59,0.0,4.36,NORMAL,train
3943,andheri,2003-06-27,6,33.8,31.05,68.4,1.64,22.1,0.0,2.75,NORMAL,train
3988,andheri,2003-06-30,6,36.3,30.74,64.2,2.95,19.87,0.0,5.56,NORMAL,train
4380,andheri,2003-07-12,7,37.2,29.87,67.6,3.36,17.31,0.0,7.33,SEVERE_HEATWAVE,train
977,andheri,2003-07-17,7,31.1,29.54,89.2,2.99,8.61,24.8,1.56,NORMAL,validation
3384,andheri,2003-08-04,8,28.8,29.01,88.7,2.81,20.6,0.4,-0.21,NORMAL,test
1962,andheri,2003-08-31,8,29.5,29.71,89.0,5.14,6.21,33.9,-0.21,NORMAL,train
3916,andheri,2003-09-02,9,29.6,29.79,88.0,2.0,10.78,46.6,-0.19,NORMAL,train
2106,andheri,2003-09-11,9,30.0,30.13,92.2,1.29,25.28,9.4,-0.13,NORMAL,train
3147,andheri,2003-09-18,9,29.8,30.73,88.8,2.18,9.37,6.5,-0.93,NORMAL,test
1848,andheri,2003-09-24,9,32.2,31.26,80.2,1.75,10.69,0.0,0.94,NORMAL,train
3662,andheri,2003-10-18,10,31.5,33.19,73.8,1.65,17.42,0.0,-1.69,NORMAL,train
3997,andheri,2003-10-19,10,34.2,33.23,86.6,1.74,14.55,0.0,0.97,NORMAL,train
4377,andheri,2003-11-01,11,35.5,33.29,75.2,1.22,17.59,0.0,2.21,NORMAL,test
3558,andheri,2003-11-02,11,39.9,33.26,50.4,1.07,18.23,0.0,6.64,SEVERE_HEATWAVE,test
3702,andheri,2003-11-05,11,32.8,33.16,70.8,1.42,16.21,0.0,-0.36,NORMAL,train
4277,andheri,2003-11-19,11,32.3,32.6,71.7,2.35,14.71,3.2,-0.3,NORMAL,validation
1954,andheri,2003-11-21,11,33.5,32.49,69.6,2.23,14.13,0.0,1.01,NORMAL,test
415,andheri,2003-11-25,11,37.0,32.28,54.7,1.73,18.0,0.0,4.72,HEATWAVE,train
574,andheri,2003-11-27,11,38.9,32.15,55.0,1.3,21.16,0.0,6.75,SEVERE_HEATWAVE,test
3281,andheri,2003-12-10,12,30.9,31.53,79.6,2.16,17.35,0.0,-0.63,NORMAL,validation
3867,andheri,2003-12-19,12,31.9,30.94,37.7,1.56,20.36,0.0,0.96,NORMAL,train
3542,andheri,2004-01-04,1,30.9,30.2,64.1,1.59,16.09,0.0,0.7,NORMAL,train
1685,andheri,2004-01-09,1,29.3,30.06,38.4,2.15,15.74,0.0,-0.76,NORMAL,train
4875,andheri,2004-01-25,1,31.5,30.33,34.5,2.2,16.56,0.0,1.17,NORMAL,train
3727,andheri,2004-01-27,1,33.7,30.41,48.9,1.6,20.76,0.0,3.29,NORMAL,train
509,andheri,2004-01-28,1,31.7,30.46,72.4,2.41,19.9,0.0,1.24,NORMAL,train
1647,andheri,2004-02-09,2,33.0,31.26,47.0,2.61,23.31,0.0,1.74,NORMAL,test
3695,andheri,2004-02-14,2,30.5,31.69,52.7,1.9,21.89,0.0,-1.19,NORMAL,train
4463,andheri,2004-03-15,3,38.0,34.33,23.5,1.67,22.51,,3.67,NORMAL,train
4754,andheri,2004-03-22,3,35.4,34.83,18.7,1.7,27.76,0.0,0.57,NORMAL,train
3875,andheri,2004-04-02,4,38.7,35.51,37.0,1.88,28.79,0.0,3.19,NORMAL,train
2985,andheri,2004-04-07,4,39.5,35.68,40.5,2.1,31.35,0.0,3.82,NORMAL,validation
729,andheri,2004-04-17,4,40.8,36.0,39.4,1.43,25.61,,4.8,HEATWAVE,train
4229,andheri,2004-04-26,4,40.3,36.21,39.6,1.71,29.46,0.0,4.09,NORMAL,train
303,andheri,2004-04-27,4,36.8,36.22,55.3,1.97,24.72,0.0,0.58,NORMAL,train
3516,andheri,2004-04-28,4,36.6,36.23,50.5,2.01,25.94,0.0,0.37,NORMAL,test
229,andheri,2004-05-01,5,35.4,36.24,51.9,2.32,25.58,0.0,-0.84,NORMAL,train
2921,andheri,2004-05-04,5,40.3,36.28,48.6,2.57,27.67,0.0,4.02,NORMAL,validation
3387,andheri,2004-05-07,5,42.5,36.28,39.2,,29.7,0.0,6.22,HEATWAVE,train
4719,andheri,2004-05-14,5,40.3,36.19,61.7,2.06,25.11,0.0,4.11,NORMAL,train
1086,andheri,2004-06-03,6,39.4,34.7,68.7,4.96,22.52,0.0,4.7,HEATWAVE,train
2475,andheri,2004-06-13,6,33.7,33.19,84.3,3.89,15.8,0.0,0.51,NORMAL,test
2680,andheri,2004-06-18,6,28.6,32.34,66.1,2.71,21.46,30.1,-3.74,NORMAL,validation
251,andheri,2004-06-25,6,33.6,31.31,78.1,4.26,22.6,0.0,2.29,NORMAL,train
3303,andheri,2004-06-27,6,27.8,31.05,72.4,4.04,22.68,61.8,-3.25,NORMAL,train
2272,andheri,2004-06-29,6,29.5,30.83,61.0,1.53,19.41,22.3,-1.33,NORMAL,train
1678,andheri,2004-07-02,7,29.0,30.54,91.9,3.5,10.85,24.2,-1.54,NORMAL,train
2592,andheri,2004-07-04,7,30.1,30.37,90.8,3.11,5.93,38.7,-0.27,NORMAL,test
4576,andheri,2004-07-06,7,35.4,30.24,77.8,3.19,18.29,0.0,5.16,NORMAL,train
2008,andheri,2004-07-10,7,28.5,30.0,90.7,4.38,15.02,7.4,-1.5,NORMAL,train
4944,andheri,2004-07-18,7,29.5,29.49,88.7,4.19,11.55,10.4,0.01,NORMAL,train
3070,andheri,2004-07-23,7,29.2,29.25,87.4,3.97,12.23,3.8,-0.05,NORMAL,train
146,andheri,2004-07-28,7,29.1,29.09,93.5,4.78,19.24,5.2,0.01,NORMAL,train
3454,andheri,2004-07-29,7,33.4,29.07,76.4,2.58,13.89,0.0,4.33,NORMAL,train
689,andheri,2004-08-04,8,27.4,29.01,91.7,4.02,15.41,1.8,-1.61,NORMAL,train
1204,andheri,2004-08-05,8,31.4,29.01,,1.83,18.31,0.0,2.39,NORMAL,train
555,andheri,2004-08-16,8,29.4,29.12,91.7,2.04,14.14,3.6,0.28,NORMAL,train
1982,andheri,2004-08-18,8,29.9,29.15,85.6,3.99,18.05,0.0,0.75,NORMAL,train
2199,andheri,2004-08-26,8,30.0,29.46,89.1,3.75,8.11,0.0,0.54,NORMAL,train
197,andheri,2004-09-09,9,29.6,30.03,86.1,2.17,17.51,0.0,-0.43,NORMAL,train
2528,andheri,2004-10-03,10,35.0,32.09,67.3,0.97,22.19,0.0,2.91,NORMAL,train
1604,andheri,2004-10-08,10,35.5,32.56,71.3,2.7,16.93,0.0,2.94,NORMAL,train
2536,andheri,2004-10-12,10,32.1,32.87,77.3,1.32,17.69,0.0,-0.77,NORMAL,train
1031,andheri,2004-10-20,10,39.7,33.28,45.7,2.04,23.75,0.0,6.42,SEVERE_HEATWAVE,train
5,andheri,2004-10-21,10,33.5,33.32,65.6,1.6,21.18,10.5,0.18,NORMAL,train
2183,andheri,2004-10-22,10,39.5,33.35,70.4,1.3,18.46,0.0,6.15,HEATWAVE,train
1656,andheri,2004-10-24,10,31.8,33.39,88.2,2.44,18.19,0.0,-1.59,NORMAL,train
2946,andheri,2004-10-26,10,39.4,33.4,53.7,1.22,16.89,0.0,6.0,HEATWAVE,validation
703,andheri,2004-11-06,11,32.6,33.14,67.0,1.35,15.73,0.0,-0.54,NORMAL,train
2863,andheri,2004-11-08,11,36.5,33.07,49.7,1.48,23.52,0.0,3.43,NORMAL,train
4492,andheri,2004-11-09,11,32.1,33.04,66.5,1.36,,0.0,-0.94,NORMAL,train
4797,andheri,2004-11-10,11,34.3,33.02,65.2,2.34,19.11,0.0,1.28,NORMAL,train
3865,andheri,2004-11-24,11,31.6,32.33,59.9,2.36,19.03,0.0,-0.73,NORMAL,test
1072,andheri,2004-11-28,11,33.7,32.09,67.6,1.4,14.92,0.0,1.61,NORMAL,train
967,andheri,2004-12-12,12,33.6,31.4,58.6,1.0,14.81,0.0,2.2,NORMAL,validation
3339,andheri,2004-12-15,12,37.5,31.23,49.8,1.48,19.81,0.0,6.27,HEATWAVE,train
553,andheri,2004-12-16,12,37.0,31.17,51.7,1.96,20.03,0.0,5.83,HEATWAVE,train
3685,andheri,2004-12-17,12,37.2,31.09,45.1,1.04,20.09,0.0,6.11,HEATWAVE,validation
2994,andheri,2004-12-18,12,37.0,31.03,24.9,1.53,18.4,0.0,5.97,HEATWAVE,train
1931,andheri,2005-01-05,1,32.8,30.17,48.7,1.68,16.76,0.0,2.63,NORMAL,validation
2634,andheri,2005-01-16,1,29.8,30.07,60.9,1.57,16.5,0.0,-0.27,NORMAL,validation
4405,andheri,2005-01-27,1,27.9,30.41,58.7,1.93,20.04,0.0,-2.51,NORMAL,train
4646,andheri,2005-02-01,2,37.3,30.67,33.1,1.73,23.39,0.0,6.63,HEATWAVE,train
1905,andheri,2005-02-02,2,36.3,30.72,19.0,1.45,23.12,0.0,5.58,NORMAL,train
1419,andheri,2005-03-02,3,37.9,33.17,38.5,2.33,26.08,0.0,4.73,HEATWAVE,test
462,andheri,2005-03-25,3,35.8,35.06,25.5,2.25,26.92,0.0,0.74,NORMAL,test
1132,andheri,2005-04-12,4,37.4,35.85,64.4,2.38,27.97,0.0,1.55,NORMAL,train
111,andheri,2005-04-24,4,43.8,36.18,27.8,1.39,31.31,0.0,7.62,SEVERE_HEATWAVE,train
668,andheri,2005-05-19,5,35.3,36.03,63.1,3.54,19.74,0.0,-0.73,NORMAL,train
3370,andheri,2005-05-23,5,36.4,35.81,57.0,2.29,25.97,0.0,0.59,NORMAL,train
339,andheri,2005-05-29,5,36.8,35.31,57.7,3.83,,0.0,1.49,NORMAL,train
4934,andheri,2005-06-10,6,40.8,33.66,53.4,4.28,18.7,0.0,7.14,SEVERE_HEATWAVE,train
4530,andheri,2005-06-28,6,36.9,30.93,65.5,2.93,30.57,0.0,5.97,NORMAL,train
469,andheri,2005-07-03,7,28.9,30.45,86.5,3.9,7.73,0.8,-1.55,NORMAL,train
4889,andheri,2005-07-17,7,28.4,29.54,87.1,4.41,15.55,14.7,-1.14,NORMAL,train
44,andheri,2005-07-21,7,29.6,29.35,92.2,3.05,11.74,16.7,0.25,NORMAL,train
4529,andheri,2005-07-26,7,28.3,29.15,90.7,3.61,17.23,1.7,-0.85,NORMAL,train
247,andheri,2005-08-03,8,29.5,29.0,90.8,4.73,12.94,0.1,0.5,NORMAL,validation
1059,andheri,2005-08-11,8,28.4,29.04,86.9,4.06,19.13,28.0,-0.64,NORMAL,train
3624,andheri,2005-08-18,8,29.5,29.15,90.8,2.22,12.77,19.3,0.35,NORMAL,train
515,andheri,2005-08-22,8,28.0,29.29,90.0,5.25,13.38,13.3,-1.29,NORMAL,validation
2883,andheri,2005-08-24,8,28.7,29.36,92.1,4.78,11.13,6.8,-0.66,NORMAL,validation
4076,andheri,2005-08-27,8,37.1,29.51,71.0,2.43,18.96,0.0,7.59,SEVERE_HEATWAVE,train
1615,andheri,2005-08-29,8,30.7,29.61,87.5,8.72,14.59,32.7,1.09,NORMAL,train
4002,andheri,2005-09-05,9,30.6,29.87,77.0,3.86,14.82,9.4,0.73,NORMAL,train
1736,andheri,2005-09-26,9,32.0,31.44,86.6,2.78,13.51,14.2,0.56,NORMAL,test
109,andheri,2005-10-13,10,32.2,32.94,78.7,1.34,15.61,6.3,-0.74,NORMAL,train
4733,andheri,2005-10-19,10,38.1,33.23,57.9,1.46,22.44,0.0,4.87,NORMAL,train
367,andheri,2005-10-21,10,32.4,33.32,70.2,1.67,24.84,0.0,-0.92,NORMAL,train
2629,andheri,2005-10-23,10,37.8,33.38,64.4,1.43,23.11,0.0,4.42,HEATWAVE,train
55,andheri,2005-10-30,10,39.0,33.35,,1.04,18.86,0.0,5.65,HEATWAVE,train
3583,andheri,2005-11-14,11,32.1,32.85,,1.92,17.99,4.2,-0.75,NORMAL,test
1,andheri,2005-11-24,11,33.2,32.33,67.2,2.26,15.46,0.0,0.87,NORMAL,train
4653,andheri,2005-11-28,11,32.3,32.09,68.9,,22.95,,0.21,NORMAL,train
235,andheri,2005-12-08,12,42.7,31.63,19.0,1.39,21.31,0.0,11.07,SEVERE_HEATWAVE,train
1584,andheri,2006-01-16,1,31.7,30.07,56.6,1.41,17.31,0.0,1.63,NORMAL,train
1098,andheri,2006-01-23,1,29.6,30.29,74.5,1.53,16.23,0.0,-0.69,NORMAL,validation
4382,andheri,2006-01-25,1,27.1,30.33,76.8,1.81,16.66,0.0,-3.23,NORMAL,validation
1420,andheri,2006-01-26,1,32.1,30.36,69.3,2.04,20.7,0.0,1.74,NORMAL,train
4413,andheri,2006-02-04,2,29.9,30.86,55.6,1.5,22.82,0.0,-0.96,NORMAL,train
4213,andheri,2006-02-09,2,32.2,31.26,51.3,1.75,21.2,0.0,0.94,NORMAL,train
4166,andheri,2006-02-13,2,36.1,31.6,47.3,2.0,25.62,0.0,4.5,NORMAL,test
1087,andheri,2006-02-20,2,35.9,32.2,14.3,2.28,25.3,0.0,3.7,NORMAL,train
3667,andheri,2006-02-22,2,37.2,32.36,43.5,1.44,24.16,0.0,4.84,HEATWAVE,validation
941,andheri,2006-03-03,3,33.3,33.28,40.5,2.53,25.35,0.0,0.02,NORMAL,test
38,andheri,2006-03-04,3,35.8,33.38,50.7,2.31,26.47,0.0,2.42,NORMAL,validation
204,andheri,2006-03-11,3,36.3,33.99,39.3,2.15,25.52,0.0,2.31,NORMAL,train
4205,andheri,2006-03-12,3,38.6,34.07,12.5,1.99,23.71,0.0,4.53,NORMAL,train
3224,andheri,2006-03-25,3,33.9,35.06,48.3,2.43,22.98,0.0,-1.16,NORMAL,train
3915,andheri,2006-03-30,3,39.9,35.4,44.7,1.94,26.45,0.0,4.5,HEATWAVE,train
676,andheri,2006-04-09,4,38.2,35.76,,1.33,23.99,0.0,2.44,NORMAL,train
3245,andheri,2006-04-11,4,36.3,35.82,41.8,2.23,24.07,0.0,0.48,NORMAL,train
1899,andheri,2006-04-14,4,39.9,35.9,,,28.13,0.0,4.0,NORMAL,train
65,andheri,2006-04-16,4,35.9,35.96,45.4,1.83,23.01,0.0,-0.06,NORMAL,train
2201,andheri,2006-04-24,4,41.6,36.18,42.3,2.2,30.25,0.0,5.42,HEATWAVE,train
494,andheri,2006-04-26,4,36.9,36.21,53.2,2.29,29.53,0.0,0.69,NORMAL,train
3739,andheri,2006-05-18,5,37.7,36.08,49.2,2.24,27.51,0.0,1.62,NORMAL,train
1076,andheri,2006-06-04,6,36.3,34.56,86.2,3.42,22.8,6.9,1.74,NORMAL,train
1332,andheri,2006-06-23,6,35.4,31.6,80.9,2.33,32.0,0.0,3.8,NORMAL,test
2349,andheri,2006-06-27,6,37.1,31.05,69.8,3.35,20.63,0.0,6.05,NORMAL,train
721,andheri,2006-07-08,7,30.6,30.1,89.6,5.37,16.85,0.0,0.5,NORMAL,train
3829,andheri,2006-07-10,7,27.4,30.0,90.5,4.76,17.52,36.4,-2.6,NORMAL,train
3034,andheri,2006-07-11,7,28.2,29.94,91.4,3.57,22.17,12.3,-1.74,NORMAL,validation
4479,andheri,2006-07-14,7,29.6,29.72,87.9,4.41,3.65,10.8,-0.12,NORMAL,train
1223,andheri,2006-07-25,7,33.3,29.18,77.1,3.49,23.41,0.0,4.12,NORMAL,train
2815,andheri,2006-07-28,7,30.0,29.09,87.5,2.95,18.85,0.0,0.91,NORMAL,test
4147,andheri,2006-08-09,8,30.8,29.03,87.0,4.05,22.6,0.0,1.77,NORMAL,train
3382,andheri,2006-08-10,8,29.7,29.02,90.6,2.4,16.26,13.3,0.68,NORMAL,train
3184,andheri,2006-09-05,9,29.9,29.87,78.6,0.83,11.86,0.0,0.03,NORMAL,validation
4262,andheri,2006-09-12,9,28.6,30.2,85.1,1.92,18.61,47.3,-1.6,NORMAL,validation
4656,andheri,2006-09-29,9,39.8,31.72,63.4,0.94,17.05,0.0,8.08,SEVERE_HEATWAVE,train
424,andheri,2006-09-30,9,29.7,31.81,85.8,3.08,12.62,1.0,-2.11,NORMAL,test
3585,andheri,2006-10-18,10,25.5,33.19,69.3,1.31,17.39,0.0,-7.69,NORMAL,validation
2322,andheri,2006-11-05,11,33.3,33.16,83.9,2.07,12.88,0.0,0.14,NORMAL,train
4664,andheri,2006-11-06,11,32.3,33.14,59.7,2.01,18.05,0.6,-0.84,NORMAL,train
3925,andheri,2006-11-09,11,39.9,33.04,61.9,1.42,22.64,0.0,6.86,HEATWAVE,train
712,andheri,2006-12-03,12,30.4,31.87,,3.0,19.04,0.0,-1.47,NORMAL,test
4600,andheri,2006-12-11,12,37.2,31.46,48.8,1.61,18.94,0.0,5.74,HEATWAVE,validation
2278,andheri,2006-12-20,12,40.1,30.87,12.6,1.27,24.01,0.0,9.23,SEVERE_HEATWAVE,train
744,andheri,2007-01-28,1,31.3,30.46,42.1,2.14,19.19,0.0,0.84,NORMAL,train
3818,andheri,2007-01-31,1,31.8,30.62,52.9,1.63,19.39,0.0,1.18,NORMAL,test
478,andheri,2007-02-07,2,31.0,31.07,31.8,2.04,22.14,0.0,-0.07,NORMAL,test
4547,andheri,2007-02-12,2,38.0,31.51,15.5,1.7,22.23,0.0,6.49,HEATWAVE,train
2790,andheri,2007-02-19,2,41.4,32.12,17.8,1.46,25.54,,9.28,SEVERE_HEATWAVE,train
124,andheri,2007-02-27,2,33.1,32.81,28.9,2.04,20.8,0.0,0.29,NORMAL,train
3777,andheri,2007-03-11,3,33.4,33.99,54.3,2.96,24.18,0.0,-0.59,NORMAL,train
2799,andheri,2007-03-19,3,42.6,34.61,46.4,1.67,28.04,0.0,7.99,SEVERE_HEATWAVE,test
3726,andheri,2007-03-23,3,43.3,34.91,10.0,1.49,24.44,0.0,8.39,SEVERE_HEATWAVE,train
1486,andheri,2007-04-02,4,38.2,35.51,40.2,2.19,25.64,0.0,2.69,NORMAL,train
3747,andheri,2007-04-06,4,43.7,35.63,20.6,1.64,25.33,0.0,8.07,SEVERE_HEATWAVE,validation
1585,andheri,2007-04-07,4,35.2,35.68,57.4,2.47,26.47,0.0,-0.48,NORMAL,train
1393,andheri,2007-04-09,4,41.8,35.76,44.2,2.26,29.26,0.0,6.04,HEATWAVE,train
4386,andheri,2007-04-26,4,36.2,36.21,51.3,2.43,25.99,0.0,-0.01,NORMAL,train
118,andheri,2007-04-30,4,39.3,36.24,41.6,2.28,27.44,0.0,3.06,NORMAL,train
2195,andheri,2007-05-06,5,35.4,36.29,59.0,2.97,27.91,0.0,-0.89,NORMAL,test
3676,andheri,2007-05-09,5,44.2,36.28,39.5,1.84,27.5,0.0,7.92,SEVERE_HEATWAVE,train
4836,andheri,2007-05-30,5,39.9,35.2,50.7,1.83,26.16,0.0,4.7,HEATWAVE,train
2123,andheri,2007-06-06,6,33.8,34.28,73.9,4.51,20.61,113.4,-0.48,NORMAL,validation
4533,andheri,2007-06-08,6,36.6,33.99,65.5,2.66,8.07,0.0,2.61,NORMAL,train
3211,andheri,2007-06-15,6,34.2,32.86,83.9,3.16,23.04,0.0,1.34,NORMAL,train
4185,andheri,2007-06-26,6,37.1,31.18,,2.65,20.19,0.0,5.92,HEATWAVE,train
1980,andheri,2007-07-03,7,30.5,30.45,81.0,6.0,5.19,8.6,0.05,NORMAL,train
2328,andheri,2007-07-07,7,31.9,30.17,77.4,3.44,3.33,0.0,1.73,NORMAL,train
3489,andheri,2007-07-12,7,30.3,29.87,90.4,3.09,19.65,75.6,0.43,NORMAL,test
3511,andheri,2007-07-17,7,30.7,29.54,84.4,5.26,15.9,0.4,1.16,NORMAL,test
4426,andheri,2007-07-24,7,28.7,29.21,89.1,4.43,9.54,7.9,-0.51,NORMAL,train
4253,andheri,2007-08-02,8,27.0,29.0,91.4,3.68,20.54,3.4,-2.0,NORMAL,train
1289,andheri,2007-08-11,8,29.7,29.04,87.7,4.12,18.56,0.0,0.66,NORMAL,train
2236,andheri,2007-09-07,9,29.9,29.96,90.7,3.03,9.03,3.1,-0.06,NORMAL,train
4625,andheri,2007-09-15,9,31.6,30.46,84.2,2.03,18.06,9.7,1.14,NORMAL,train
73,andheri,2007-10-09,10,30.5,32.65,72.0,2.45,15.57,0.0,-2.15,NORMAL,test
2881,andheri,2007-10-11,10,32.4,32.8,81.8,1.19,22.61,0.0,-0.4,NORMAL,train
688,andheri,2007-10-21,10,38.2,33.32,65.2,2.05,20.4,0.0,4.88,HEATWAVE,validation
2480,andheri,2007-10-26,10,37.8,33.4,58.2,0.93,17.91,0.0,4.4,NORMAL,train
3221,andheri,2007-11-04,11,33.7,33.19,58.2,2.24,17.98,0.0,0.51,NORMAL,train
30,andheri,2007-11-13,11,31.6,32.9,77.8,2.22,13.88,8.7,-1.3,NORMAL,train
4935,andheri,2007-12-06,12,35.1,31.74,53.1,1.78,15.9,0.0,3.36,NORMAL,train
588,andheri,2007-12-26,12,37.2,30.53,38.4,1.23,18.94,0.0,6.67,SEVERE_HEATWAVE,train
1823,andheri,2007-12-28,12,35.0,30.46,68.2,1.51,19.95,0.0,4.54,NORMAL,train
2747,andheri,2007-12-30,12,29.8,30.4,61.0,2.37,15.84,0.0,-0.6,NORMAL,train
2544,andheri,2008-01-02,1,35.6,30.29,42.0,1.69,21.35,0.0,5.31,NORMAL,train
1125,andheri,2008-01-14,1,36.9,30.04,28.8,2.22,19.12,0.0,6.86,SEVERE_HEATWAVE,train
3985,andheri,2008-01-18,1,30.4,30.14,70.6,1.91,18.54,0.0,0.26,NORMAL,test
389,andheri,2008-02-13,2,33.2,31.6,21.0,2.18,19.74,0.0,1.6,NORMAL,train
1639,andheri,2008-03-11,3,37.8,33.99,43.1,1.97,21.59,0.0,3.81,NORMAL,train
1651,andheri,2008-03-20,3,38.8,34.67,24.4,2.27,23.56,0.0,4.13,HEATWAVE,train
2646,andheri,2008-03-21,3,36.3,34.75,30.0,2.03,24.59,0.0,1.55,NORMAL,test
3500,andheri,2008-03-22,3,40.1,34.83,27.6,1.95,28.83,0.0,5.27,HEATWAVE,test
1740,andheri,2008-03-25,3,41.1,35.06,21.7,2.13,27.49,0.0,6.04,HEATWAVE,validation
3267,andheri,2008-04-09,4,34.9,35.76,57.9,2.17,22.92,0.0,-0.86,NORMAL,train
3857,andheri,2008-04-11,4,36.9,35.82,51.3,2.06,27.28,0.0,1.08,NORMAL,train
2379,andheri,2008-04-17,4,40.4,36.0,,1.62,27.66,0.0,4.4,NORMAL,train
2587,andheri,2008-04-26,4,40.6,36.21,34.6,1.85,27.04,0.0,4.39,NORMAL,train
4476,andheri,2008-04-29,4,39.8,36.24,45.1,,25.49,0.0,3.56,NORMAL,train
3205,andheri,2008-05-03,5,40.8,36.28,55.6,2.53,24.79,0.0,4.52,HEATWAVE,test
2370,andheri,2008-05-04,5,43.0,36.28,36.2,3.44,30.55,0.0,6.72,SEVERE_HEATWAVE,train
4428,andheri,2008-05-22,5,40.6,35.87,56.0,1.67,27.63,0.0,4.73,HEATWAVE,train
4668,andheri,2008-05-31,5,39.7,35.09,58.6,3.21,25.93,0.0,4.61,NORMAL,train
145,andheri,2008-06-14,6,37.2,33.02,70.9,2.31,21.52,0.0,4.18,NORMAL,train
1156,andheri,2008-06-18,6,31.7,32.34,76.1,2.13,21.87,0.0,-0.64,NORMAL,train
3292,andheri,2008-06-22,6,31.0,31.75,79.6,3.38,21.13,7.3,-0.75,NORMAL,train
2766,andheri,2008-06-28,6,37.4,30.93,63.4,2.55,22.46,0.0,6.47,NORMAL,train
4527,andheri,2008-07-09,7,32.6,30.04,82.4,2.47,21.51,0.0,2.56,NORMAL,train
4248,andheri,2008-07-26,7,35.0,29.15,68.4,3.36,20.27,0.0,5.85,NORMAL,train
2663,andheri,2008-08-09,8,30.5,29.03,87.0,2.59,17.01,13.7,1.47,NORMAL,test
1800,andheri,2008-08-16,8,30.1,29.12,86.5,4.07,13.35,0.0,0.98,NORMAL,train
1703,andheri,2008-08-30,8,30.6,29.66,85.8,6.4,16.42,0.0,0.94,NORMAL,train
4464,andheri,2008-09-19,9,30.1,30.81,87.0,4.04,18.1,0.0,-0.71,NORMAL,train
4481,andheri,2008-09-23,9,37.2,31.16,69.5,1.12,21.83,0.0,6.04,NORMAL,test
3214,andheri,2008-09-29,9,31.3,31.72,95.9,2.5,20.0,7.5,-0.42,NORMAL,validation
1070,andheri,2008-10-01,10,37.3,31.9,45.8,1.38,22.61,0.0,5.4,HEATWAVE,test
314,andheri,2008-10-02,10,30.1,31.99,79.3,2.0,18.61,0.0,-1.89,NORMAL,train
1209,andheri,2008-10-18,10,38.9,33.19,42.3,1.34,20.02,0.0,5.71,HEATWAVE,train
1793,andheri,2008-10-19,10,32.9,33.23,82.3,2.28,15.13,0.0,-0.33,NORMAL,validation
1912,andheri,2008-10-21,10,36.4,33.32,64.7,1.72,18.32,0.0,3.08,NORMAL,train
3643,andheri,2008-10-22,10,38.4,33.35,71.3,1.15,19.46,0.0,5.05,HEATWAVE,test
184,andheri,2008-10-23,10,37.1,33.38,72.1,1.51,24.3,1.8,3.72,NORMAL,train
2363,andheri,2008-10-27,10,32.9,33.4,75.8,2.7,15.68,3.2,-0.5,NORMAL,train
2943,andheri,2008-11-12,11,34.0,32.95,78.6,1.18,18.75,0.0,1.05,NORMAL,train
2737,andheri,2008-11-23,11,39.1,32.38,38.5,1.22,24.66,0.0,6.72,SEVERE_HEATWAVE,train
790,andheri,2008-11-26,11,36.8,32.21,54.5,1.76,18.89,0.0,4.59,HEATWAVE,train
4196,andheri,2008-11-30,11,30.6,31.99,63.4,3.05,15.48,0.0,-1.39,NORMAL,train
4647,andheri,2008-12-03,12,32.1,31.87,69.4,0.95,13.99,0.0,0.23,NORMAL,validation
3549,andheri,2008-12-20,12,29.4,30.87,77.0,2.2,15.33,0.8,-1.47,NORMAL,train
3381,andheri,2008-12-29,12,29.2,30.43,45.1,2.02,13.69,0.0,-1.23,NORMAL,train
3490,andheri,2009-01-08,1,36.7,30.09,29.4,1.33,21.96,0.0,6.61,SEVERE_HEATWAVE,train
4644,andheri,2009-01-19,1,35.9,30.18,43.0,1.53,20.63,0.0,5.72,NORMAL,train
3250,andheri,2009-01-20,1,32.9,30.22,49.3,1.92,20.59,0.0,2.68,NORMAL,validation
280,andheri,2009-03-06,3,31.0,33.58,42.8,2.27,24.57,0.0,-2.58,NORMAL,train
305,andheri,2009-03-10,3,31.6,33.91,40.9,2.82,24.25,0.0,-2.31,NORMAL,train
2022,andheri,2009-04-05,4,34.8,35.59,,2.56,23.1,0.0,-0.79,NORMAL,train
2616,andheri,2009-04-08,4,40.2,35.72,38.1,2.12,24.63,0.0,4.48,HEATWAVE,train
45,andheri,2009-04-21,4,42.5,36.12,27.0,1.61,24.69,0.0,6.38,HEATWAVE,train
3,andheri,2009-04-25,4,36.3,36.2,56.8,2.04,24.23,0.0,0.1,NORMAL,validation
3812,andheri,2009-05-01,5,44.1,36.24,39.5,2.63,24.6,0.0,7.86,SEVERE_HEATWAVE,train
1708,andheri,2009-05-11,5,37.3,36.25,55.1,3.56,22.13,0.0,1.05,NORMAL,test
4046,andheri,2009-05-14,5,35.3,36.19,56.0,3.19,26.12,0.0,-0.89,NORMAL,validation
3196,andheri,2009-05-27,5,39.6,35.5,44.9,3.29,30.81,0.0,4.1,HEATWAVE,test
2671,andheri,2009-06-02,6,37.0,34.83,66.8,2.81,7.71,0.0,2.17,NORMAL,train
1191,andheri,2009-06-15,6,32.3,32.86,73.1,3.14,,0.0,-0.56,NORMAL,train
3351,andheri,2009-06-16,6,35.5,32.68,69.0,1.74,12.24,0.0,2.82,NORMAL,train
3115,andheri,2009-06-23,6,31.4,31.6,84.1,3.59,15.52,29.8,-0.2,NORMAL,train
4184,andheri,2009-06-24,6,33.1,31.45,77.3,1.08,16.74,0.0,1.65,NORMAL,validation
177,andheri,2009-06-27,6,40.8,31.05,38.5,4.37,11.44,0.0,9.75,SEVERE_HEATWAVE,train
3468,andheri,2009-07-04,7,32.5,30.37,87.4,4.2,7.22,0.0,2.13,NORMAL,validation
1082,andheri,2009-07-06,7,30.7,30.24,83.8,4.4,12.94,52.8,0.46,NORMAL,validation
363,andheri,2009-07-11,7,30.8,29.94,100.0,4.68,,0.0,0.86,NORMAL,train
2895,andheri,2009-07-18,7,29.4,29.49,89.0,3.51,14.03,77.5,-0.09,NORMAL,validation
4311,andheri,2009-07-19,7,28.5,29.45,94.1,3.68,20.09,40.3,-0.95,NORMAL,train
2963,andheri,2009-07-27,7,31.9,29.13,79.2,4.43,11.71,0.0,2.77,NORMAL,train
3878,andheri,2009-08-27,8,36.7,29.51,63.8,3.74,21.57,0.0,7.19,SEVERE_HEATWAVE,train
857,andheri,2009-09-23,9,31.9,31.16,83.8,4.43,24.94,2.9,0.74,NORMAL,train
1835,andheri,2009-09-24,9,36.9,31.26,65.9,1.37,12.55,0.0,5.64,NORMAL,train
4202,andheri,2009-09-25,9,30.6,31.36,90.8,0.78,14.96,0.0,-0.76,NORMAL,train
4655,andheri,2009-10-05,10,32.1,32.29,73.6,1.0,17.11,0.3,-0.19,NORMAL,validation
131,andheri,2009-10-11,10,35.3,32.8,62.5,1.45,18.01,0.0,2.5,NORMAL,train
4571,andheri,2009-10-12,10,40.4,32.87,47.8,1.37,15.29,,7.53,SEVERE_HEATWAVE,train
522,andheri,2009-10-16,10,36.5,33.11,84.6,1.37,17.5,0.0,3.39,NORMAL,validation
502,andheri,2009-11-01,11,33.2,33.29,86.2,1.99,17.97,0.0,-0.09,NORMAL,train
3329,andheri,2009-12-03,12,31.6,31.87,43.4,2.25,14.2,0.0,-0.27,NORMAL,train
215,andheri,2009-12-04,12,30.5,31.83,65.0,2.05,16.77,0.0,-1.33,NORMAL,train
2497,andheri,2009-12-17,12,36.8,31.09,34.9,1.31,17.67,0.0,5.71,NORMAL,train
1012,andheri,2010-01-19,1,28.3,30.18,35.3,1.57,17.41,0.0,-1.88,NORMAL,train
2812,andheri,2010-01-29,1,30.9,30.51,47.7,1.4,16.37,0.0,0.39,NORMAL,train
741,andheri,2010-02-20,2,33.0,32.2,53.0,1.66,22.71,0.0,0.8,NORMAL,train
1342,andheri,2010-02-24,2,29.9,32.55,31.9,1.6,20.2,0.0,-2.65,NORMAL,train
3850,andheri,2010-02-28,2,36.5,32.9,40.3,1.79,21.09,0.0,3.6,NORMAL,validation
1249,andheri,2010-03-01,3,33.8,33.08,60.2,2.34,24.26,0.0,0.72,NORMAL,train
4965,andheri,2010-03-08,3,32.3,33.74,56.9,2.1,25.85,0.0,-1.44,NORMAL,train
1331,andheri,2010-03-11,3,41.4,33.99,25.8,1.8,28.69,0.0,7.41,SEVERE_HEATWAVE,train
2291,andheri,2010-03-19,3,41.7,34.61,22.9,1.26,25.58,0.0,7.09,SEVERE_HEATWAVE,train
1378,andheri,2010-03-30,3,35.4,35.4,51.7,2.22,24.81,0.0,0.0,NORMAL,train
3526,andheri,2010-04-04,4,35.2,35.57,56.4,2.54,25.45,0.0,-0.37,NORMAL,train
4454,andheri,2010-04-05,4,35.0,35.59,55.0,1.82,25.51,0.0,-0.59,NORMAL,train
3822,andheri,2010-04-09,4,38.9,35.76,31.7,2.18,26.45,0.0,3.14,NORMAL,validation
1301,andheri,2010-04-15,4,35.6,35.93,38.6,2.87,24.86,0.0,-0.33,NORMAL,test
1813,andheri,2010-04-23,4,40.0,36.17,44.3,1.79,26.69,0.0,3.83,NORMAL,train
2830,andheri,2010-05-23,5,43.8,35.81,31.8,2.27,32.0,0.0,7.99,SEVERE_HEATWAVE,train
1676,andheri,2010-05-30,5,36.4,35.2,60.1,3.67,23.27,0.0,1.2,NORMAL,train
1530,andheri,2010-05-31,5,43.7,35.09,28.0,2.37,26.67,0.0,8.61,SEVERE_HEATWAVE,train
4493,andheri,2010-06-17,6,32.2,32.51,92.9,3.85,10.55,,-0.31,NORMAL,train
4198,andheri,2010-06-21,6,34.0,31.89,88.3,2.34,22.31,0.0,2.11,NORMAL,train
4543,andheri,2010-06-22,6,38.1,31.75,69.6,2.57,27.97,0.0,6.35,HEATWAVE,train
2904,andheri,2010-06-25,6,29.0,31.31,77.6,3.32,16.99,14.4,-2.31,NORMAL,train
4952,andheri,2010-06-29,6,31.1,30.83,76.2,4.01,17.11,20.3,0.27,NORMAL,train
4583,andheri,2010-06-30,6,36.5,30.74,72.4,2.65,28.62,19.6,5.76,HEATWAVE,train
772,andheri,2010-07-11,7,29.6,29.94,87.2,4.55,13.14,8.7,-0.34,NORMAL,train
1356,andheri,2010-07-13,7,28.5,29.79,86.7,5.56,18.86,3.8,-1.29,NORMAL,train
4729,andheri,2010-07-21,7,28.7,29.35,89.3,3.75,14.66,14.9,-0.65,NORMAL,train
1839,andheri,2010-07-24,7,27.3,29.21,93.7,3.12,16.85,66.6,-1.91,NORMAL,train
388,andheri,2010-08-06,8,29.5,29.0,90.5,4.89,17.99,1.3,0.5,NORMAL,train
166,andheri,2010-08-08,8,28.1,29.01,91.5,3.14,17.98,4.2,-0.91,NORMAL,train
1542,andheri,2010-08-13,8,26.5,29.06,88.2,2.77,13.12,0.1,-2.56,NORMAL,train
3759,andheri,2010-08-30,8,29.4,29.66,89.8,2.95,25.71,36.5,-0.26,NORMAL,train
2332,andheri,2010-09-27,9,31.0,31.53,88.4,3.68,24.83,49.1,-0.53,NORMAL,train
2543,andheri,2010-10-01,10,37.3,31.9,57.0,3.25,21.69,0.0,5.4,HEATWAVE,train
3093,andheri,2010-10-07,10,32.9,32.48,68.3,1.81,25.36,0.0,0.42,NORMAL,train
3920,andheri,2010-10-22,10,37.3,33.35,,1.58,19.87,0.0,3.95,NORMAL,train
1629,andheri,2010-11-17,11,40.8,32.69,55.1,1.19,22.19,0.0,8.11,SEVERE_HEATWAVE,test
2444,andheri,2010-11-23,11,38.8,32.38,48.5,1.12,21.61,0.0,6.42,HEATWAVE,validation
679,andheri,2010-12-16,12,31.4,31.17,59.3,1.78,19.64,0.0,0.23,NORMAL,validation
4072,andheri,2010-12-28,12,35.2,30.46,24.7,1.72,20.94,0.0,4.74,NORMAL,train
2450,andheri,2011-01-01,1,37.0,30.34,32.2,2.63,20.16,0.0,6.66,NORMAL,train
3218,andheri,2011-01-04,1,31.2,30.2,51.4,1.77,19.57,0.0,1.0,NORMAL,test
3430,andheri,2011-01-18,1,28.0,30.14,54.5,1.94,19.08,0.0,-2.14,NORMAL,train
1619,andheri,2011-01-30,1,37.1,30.57,37.7,1.95,24.77,0.0,6.53,NORMAL,test
3993,andheri,2011-02-06,2,33.6,30.99,46.4,1.98,22.07,0.0,2.61,NORMAL,train
4263,andheri,2011-03-02,3,31.9,33.17,39.3,,24.3,0.0,-1.27,NORMAL,train
4919,andheri,2011-03-12,3,40.4,34.07,30.7,1.72,25.96,0.0,6.33,HEATWAVE,validation
3605,andheri,2011-04-02,4,40.3,35.51,26.9,1.51,29.65,0.0,4.79,HEATWAVE,train
3864,andheri,2011-04-10,4,35.6,35.79,45.4,2.76,22.8,0.0,-0.19,NORMAL,train
3291,andheri,2011-04-13,4,39.6,35.88,46.8,2.35,28.35,0.0,3.72,NORMAL,train
488,andheri,2011-04-18,4,35.0,36.04,62.1,2.09,24.2,,-1.04,NORMAL,test
3860,andheri,2011-05-10,5,35.7,36.26,58.9,2.98,20.65,0.0,-0.56,NORMAL,validation
3651,andheri,2011-05-11,5,36.2,36.25,58.5,2.44,23.98,,-0.05,NORMAL,validation
88,andheri,2011-05-13,5,43.1,36.22,52.3,1.87,29.86,0.0,6.88,SEVERE_HEATWAVE,test
4970,andheri,2011-05-14,5,44.5,36.19,,1.54,30.84,0.0,8.31,SEVERE_HEATWAVE,test
3713,andheri,2011-05-18,5,43.6,36.08,38.0,2.43,27.71,0.0,7.52,SEVERE_HEATWAVE,test
711,andheri,2011-05-30,5,41.4,35.2,51.8,2.53,27.95,0.0,6.2,HEATWAVE,train
70,andheri,2011-06-14,6,33.2,33.02,84.5,2.77,14.73,1.1,0.18,NORMAL,train
112,andheri,2011-06-21,6,32.6,31.89,74.5,3.34,28.82,12.5,0.71,NORMAL,train
841,andheri,2011-07-05,7,30.5,30.3,84.9,4.38,12.06,18.7,0.2,NORMAL,validation
3548,andheri,2011-07-26,7,27.5,29.15,85.0,2.82,7.46,8.0,-1.65,NORMAL,train
2054,andheri,2011-08-11,8,28.3,29.04,88.3,3.46,23.27,16.4,-0.74,NORMAL,train
1091,andheri,2011-08-24,8,28.1,29.36,90.1,6.01,20.6,121.4,-1.26,NORMAL,test
1753,andheri,2011-09-14,9,30.7,30.37,88.8,4.19,5.71,6.0,0.33,NORMAL,test
3129,andheri,2011-09-15,9,32.2,30.46,80.9,1.99,15.83,0.0,1.74,NORMAL,validation
2142,andheri,2011-09-27,9,32.2,31.53,87.0,3.86,22.51,0.0,0.67,NORMAL,train
4032,andheri,2011-10-07,10,30.6,32.48,67.1,2.21,16.38,6.0,-1.88,NORMAL,train
1564,andheri,2011-10-08,10,29.9,32.56,62.5,2.76,20.41,0.0,-2.66,NORMAL,train
2794,andheri,2011-10-12,10,34.2,32.87,82.8,1.62,16.96,0.0,1.33,NORMAL,train
4019,andheri,2011-10-19,10,42.8,33.23,54.8,1.16,25.21,0.0,9.57,SEVERE_HEATWAVE,train
2304,andheri,2011-10-27,10,39.7,33.4,46.1,1.42,21.9,0.0,6.3,HEATWAVE,validation
2615,andheri,2011-11-10,11,31.5,33.02,100.0,2.58,15.99,0.0,-1.52,NORMAL,train
1537,andheri,2011-11-11,11,32.0,32.99,66.6,1.63,19.09,0.0,-0.99,NORMAL,train
1084,andheri,2011-11-17,11,31.6,32.69,69.5,2.56,20.82,0.0,-1.09,NORMAL,train
4292,andheri,2011-11-19,11,32.8,32.6,66.6,2.14,16.88,11.3,0.2,NORMAL,validation
475,andheri,2011-11-27,11,40.2,32.15,57.1,1.81,,0.0,8.05,SEVERE_HEATWAVE,train
3786,andheri,2011-12-02,12,30.8,31.91,70.3,2.61,17.09,0.0,-1.11,NORMAL,train
4445,andheri,2011-12-16,12,31.5,31.17,72.1,1.72,15.09,0.0,0.33,NORMAL,test
3940,andheri,2011-12-30,12,29.6,30.4,57.9,1.69,15.44,0.0,-0.8,NORMAL,validation
1276,andheri,2012-01-07,1,29.4,30.12,54.7,2.71,19.06,0.0,-0.72,NORMAL,train
2073,andheri,2012-01-15,1,27.5,30.05,48.4,1.76,18.77,0.0,-2.55,NORMAL,train
4580,andheri,2012-01-26,1,32.2,30.36,62.1,2.09,20.08,0.0,1.84,NORMAL,test
3935,andheri,2012-01-29,1,35.2,30.51,21.7,1.88,23.25,0.0,4.69,NORMAL,test
1946,andheri,2012-02-06,2,30.8,30.99,52.8,2.64,21.29,0.0,-0.19,NORMAL,validation
3155,andheri,2012-02-11,2,37.4,31.42,15.5,1.52,26.82,0.0,5.98,HEATWAVE,train
1916,andheri,2012-02-18,2,33.2,32.03,25.2,1.96,21.13,0.0,1.17,NORMAL,train
996,andheri,2012-02-25,2,38.0,32.64,10.9,2.46,21.16,0.0,5.36,HEATWAVE,train
2024,andheri,2012-02-27,2,29.8,32.81,,2.21,19.43,0.0,-3.01,NORMAL,validation
3015,andheri,2012-02-28,2,32.5,32.9,41.7,2.24,22.87,0.0,-0.4,NORMAL,validation
334,andheri,2012-03-04,3,32.4,33.38,48.7,2.14,20.63,0.0,-0.98,NORMAL,train
387,andheri,2012-03-08,3,31.0,33.74,32.0,2.59,24.26,0.0,-2.74,NORMAL,test
4444,andheri,2012-03-11,3,32.7,33.99,71.0,1.92,20.41,0.0,-1.29,NORMAL,test
3657,andheri,2012-03-12,3,37.5,34.07,29.7,1.78,21.71,0.0,3.43,NORMAL,train
1280,andheri,2012-03-20,3,39.2,34.67,38.5,2.03,27.92,0.0,4.53,HEATWAVE,train
1750,andheri,2012-03-21,3,34.3,34.75,20.8,1.95,23.38,0.0,-0.45,NORMAL,train
1633,andheri,2012-03-28,3,40.0,35.27,29.0,1.82,27.76,0.0,4.73,HEATWAVE,validation
4661,andheri,2012-03-29,3,32.9,35.33,41.4,1.99,23.49,0.0,-2.43,NORMAL,train
4047,andheri,2012-03-30,3,35.4,35.4,45.4,2.04,23.38,0.0,0.0,NORMAL,train
1919,andheri,2012-04-06,4,34.9,35.63,37.3,2.02,24.53,0.0,-0.73,NORMAL,train
4703,andheri,2012-04-13,4,37.2,35.88,55.9,2.19,26.71,0.0,1.32,NORMAL,train
1467,andheri,2012-04-15,4,35.9,35.93,57.7,2.46,24.47,3.5,-0.03,NORMAL,train
338,andheri,2012-04-19,4,35.5,36.08,52.4,1.68,23.59,0.0,-0.58,NORMAL,test
1627,andheri,2012-05-02,5,35.9,36.27,55.2,2.21,26.12,0.0,-0.37,NORMAL,train
870,andheri,2012-05-03,5,42.2,36.28,43.4,1.96,29.53,0.0,5.92,HEATWAVE,test
2081,andheri,2012-05-21,5,37.2,35.92,61.3,1.92,27.39,0.0,1.28,NORMAL,train
459,andheri,2012-05-31,5,35.4,35.09,68.0,3.34,24.9,0.0,0.31,NORMAL,train
2832,andheri,2012-06-13,6,31.4,33.19,83.1,5.76,0.0,78.7,-1.79,NORMAL,train
1108,andheri,2012-06-27,6,27.9,31.05,90.4,5.18,22.27,0.4,-3.15,NORMAL,validation
3894,andheri,2012-06-28,6,33.0,30.93,70.0,2.06,32.0,0.0,2.07,NORMAL,train
74,andheri,2012-07-03,7,33.0,30.45,85.1,,18.42,0.0,2.55,NORMAL,train
3736,andheri,2012-07-08,7,30.0,30.1,90.3,5.16,13.99,9.4,-0.1,NORMAL,test
2403,andheri,2012-08-04,8,28.7,29.01,89.2,,20.71,2.3,-0.31,NORMAL,train
1432,andheri,2012-08-18,8,26.4,29.15,92.9,3.44,16.56,18.9,-2.75,NORMAL,train
2759,andheri,2012-08-31,8,30.1,29.71,89.1,4.37,17.18,62.4,0.39,NORMAL,train
794,andheri,2012-09-05,9,37.4,29.87,66.3,1.36,28.85,0.0,7.53,SEVERE_HEATWAVE,train
797,andheri,2012-09-07,9,29.1,29.96,84.5,3.25,16.27,0.0,-0.86,NORMAL,train
759,andheri,2012-09-09,9,32.1,30.03,85.4,1.25,20.75,0.0,2.07,NORMAL,test
1366,andheri,2012-09-16,9,30.2,30.55,83.3,1.18,28.68,0.0,-0.35,NORMAL,train
2876,andheri,2012-09-24,9,30.0,31.26,89.9,3.23,29.54,0.6,-1.26,NORMAL,train
4960,andheri,2012-09-28,9,30.9,31.62,90.2,2.18,21.69,5.9,-0.72,NORMAL,train
2569,andheri,2012-10-03,10,37.5,32.09,67.9,1.05,20.6,0.0,5.41,HEATWAVE,train
1454,andheri,2012-10-09,10,38.5,32.65,58.3,1.74,17.63,0.0,5.85,HEATWAVE,train
4206,andheri,2012-10-11,10,42.3,32.8,56.6,0.67,30.89,0.0,9.5,SEVERE_HEATWAVE,train
1487,andheri,2012-10-12,10,31.1,32.87,94.6,2.35,18.1,3.1,-1.77,NORMAL,train
2421,andheri,2012-10-13,10,43.9,32.94,47.9,1.88,26.54,0.0,10.96,SEVERE_HEATWAVE,train
2361,andheri,2012-10-17,10,33.6,33.15,78.3,2.13,8.96,0.0,0.45,NORMAL,train
698,andheri,2012-10-19,10,39.1,33.23,63.4,1.38,20.76,0.0,5.87,HEATWAVE,train
2539,andheri,2012-10-24,10,37.9,33.39,66.0,1.17,24.49,0.0,4.51,NORMAL,train
1662,andheri,2012-10-27,10,39.5,33.4,64.7,1.42,23.34,0.0,6.1,HEATWAVE,train
3266,andheri,2012-10-28,10,40.2,33.39,51.6,1.21,21.3,0.0,6.81,SEVERE_HEATWAVE,train
170,andheri,2012-11-02,11,37.0,33.26,36.5,1.99,18.0,0.0,3.74,NORMAL,train
2351,andheri,2012-11-23,11,30.7,32.38,62.6,2.17,17.72,0.0,-1.68,NORMAL,train
3470,andheri,2012-11-28,11,37.1,32.09,66.2,1.2,18.26,0.0,5.01,HEATWAVE,validation
3994,andheri,2012-12-05,12,34.1,31.79,56.7,1.63,16.78,0.0,2.31,NORMAL,train
128,andheri,2012-12-12,12,33.3,31.4,48.6,1.68,17.42,0.0,1.9,NORMAL,train
3143,andheri,2012-12-23,12,37.0,30.69,56.6,1.42,23.22,0.0,6.31,NORMAL,train
4537,andheri,2013-01-16,1,37.5,30.07,25.3,1.71,20.95,0.0,7.43,SEVERE_HEATWAVE,validation
3032,andheri,2013-02-10,2,31.1,31.35,48.8,1.76,23.64,0.0,-0.25,NORMAL,train
3313,andheri,2013-02-23,2,34.2,32.45,37.4,1.93,17.63,0.0,1.75,NORMAL,train
1465,andheri,2013-03-27,3,39.9,35.2,36.4,2.43,26.16,0.0,4.7,NORMAL,train
2630,andheri,2013-03-31,3,40.5,35.44,9.9,2.39,24.0,0.0,5.06,NORMAL,validation
1824,andheri,2013-04-01,4,36.8,35.47,58.9,1.85,25.87,0.0,1.33,NORMAL,validation
848,andheri,2013-04-07,4,36.7,35.68,65.9,2.25,28.33,0.0,1.02,NORMAL,test
1181,andheri,2013-04-13,4,35.8,35.88,48.6,2.17,25.12,0.0,-0.08,NORMAL,train
1176,andheri,2013-04-24,4,40.9,36.18,42.9,1.76,28.37,0.0,4.72,HEATWAVE,validation
2844,andheri,2013-05-10,5,37.0,36.26,52.6,2.51,24.03,0.0,0.74,NORMAL,validation
3518,andheri,2013-06-04,6,38.9,34.56,43.3,2.53,27.44,0.0,4.34,NORMAL,test
851,andheri,2013-06-08,6,40.6,33.99,52.5,2.73,25.41,0.0,6.61,HEATWAVE,train
1811,andheri,2013-06-13,6,37.4,33.19,79.3,2.0,25.86,0.0,4.21,NORMAL,train
1590,andheri,2013-06-21,6,29.3,31.89,80.7,5.26,22.01,95.9,-2.59,NORMAL,train
675,andheri,2013-06-26,6,29.6,31.18,85.6,2.19,14.67,11.4,-1.58,NORMAL,validation
920,andheri,2013-07-04,7,31.5,30.37,86.1,5.12,17.07,0.0,1.13,NORMAL,train
3856,andheri,2013-08-05,8,29.4,29.01,88.5,5.57,15.08,34.3,0.39,NORMAL,train
1603,andheri,2013-08-06,8,28.2,29.0,90.5,3.31,18.13,2.5,-0.8,NORMAL,train
2147,andheri,2013-08-21,8,30.1,29.25,90.6,4.75,23.28,0.2,0.85,NORMAL,validation
1535,andheri,2013-08-23,8,29.7,29.32,91.9,3.97,8.95,0.0,0.38,NORMAL,train
4618,andheri,2013-09-12,9,31.1,30.2,82.2,1.83,17.95,0.0,0.9,NORMAL,test
1233,andheri,2013-09-19,9,28.9,30.81,84.1,2.42,28.94,1.8,-1.91,NORMAL,train
1879,andheri,2013-09-20,9,30.5,30.89,90.8,1.36,16.11,16.7,-0.39,NORMAL,test
138,andheri,2013-09-22,9,31.4,31.07,86.4,0.74,10.45,22.5,0.33,NORMAL,validation
2499,andheri,2013-10-17,10,40.0,33.15,54.5,0.75,20.72,0.0,6.85,SEVERE_HEATWAVE,validation
724,andheri,2013-10-29,10,36.0,33.38,83.0,1.18,16.96,0.0,2.62,NORMAL,train
1573,andheri,2013-11-15,11,32.5,32.8,69.0,1.49,17.89,28.8,-0.3,NORMAL,train
933,andheri,2013-11-19,11,32.9,32.6,60.4,2.61,16.97,0.0,0.3,NORMAL,train
2927,andheri,2013-11-21,11,34.9,32.49,79.0,2.43,17.77,0.0,2.41,NORMAL,train
1616,andheri,2013-11-24,11,32.0,32.33,,1.29,13.24,0.0,-0.33,NORMAL,train
3088,andheri,2013-12-03,12,36.6,31.87,36.0,1.86,18.62,0.0,4.73,NORMAL,test
4079,andheri,2013-12-19,12,35.9,30.94,29.6,1.19,16.67,0.0,4.96,NORMAL,train
2693,andheri,2013-12-23,12,31.0,30.69,62.7,2.63,19.43,0.0,0.31,NORMAL,train
645,andheri,2013-12-26,12,29.6,30.53,63.2,2.25,18.31,,-0.93,NORMAL,train
4546,andheri,2013-12-31,12,33.0,30.37,44.1,1.48,16.85,0.0,2.63,NORMAL,train
2074,andheri,2014-01-04,1,29.9,30.2,49.2,1.87,17.95,0.0,-0.3,NORMAL,train
78,andheri,2014-01-16,1,30.8,30.07,56.7,1.76,15.48,0.7,0.73,NORMAL,train
270,andheri,2014-01-21,1,29.6,30.25,56.4,2.27,18.77,0.0,-0.65,NORMAL,train
1481,andheri,2014-01-26,1,28.6,30.36,58.6,2.28,16.22,0.0,-1.76,NORMAL,validation
2128,andheri,2014-01-28,1,29.4,30.46,22.0,2.58,20.78,0.0,-1.06,NORMAL,train
4689,andheri,2014-02-01,2,31.0,30.67,28.5,1.37,19.33,0.0,0.33,NORMAL,train
3983,andheri,2014-02-02,2,29.8,30.72,72.3,2.1,22.83,0.0,-0.92,NORMAL,train
481,andheri,2014-02-04,2,31.9,30.86,47.0,1.95,21.79,0.0,1.04,NORMAL,test
646,andheri,2014-02-16,2,39.0,31.85,26.7,1.76,26.24,0.0,7.15,SEVERE_HEATWAVE,train
165,andheri,2014-02-17,2,37.3,31.94,44.0,1.53,23.97,0.0,5.36,HEATWAVE,train
1104,andheri,2014-02-24,2,30.0,32.55,57.9,2.33,19.99,0.0,-2.55,NORMAL,validation
4999,andheri,2014-03-01,3,33.1,33.08,47.9,1.87,25.36,0.0,0.02,NORMAL,train
261,andheri,2014-03-06,3,43.9,33.58,12.5,,30.08,0.0,10.32,SEVERE_HEATWAVE,train
63,andheri,2014-03-23,3,34.0,34.91,35.5,2.92,24.97,0.0,-0.91,NORMAL,test
1669,andheri,2014-04-01,4,40.0,35.47,40.1,1.78,26.71,0.0,4.53,NORMAL,train
4468,andheri,2014-04-08,4,40.4,35.72,24.6,2.06,27.16,0.0,4.68,HEATWAVE,test
3377,andheri,2014-04-24,4,42.3,36.18,16.8,1.74,,0.0,6.12,HEATWAVE,train
306,andheri,2014-04-26,4,43.9,36.21,23.1,1.54,,0.0,7.69,SEVERE_HEATWAVE,train
1522,andheri,2014-04-30,4,36.7,36.24,60.7,2.21,25.59,0.0,0.46,NORMAL,train
2103,andheri,2014-05-04,5,40.8,36.28,42.8,2.44,25.8,0.0,4.52,HEATWAVE,train
4359,andheri,2014-05-13,5,36.0,36.22,61.4,2.1,30.63,0.0,-0.22,NORMAL,test
4665,andheri,2014-05-23,5,36.0,35.81,57.3,3.5,24.07,0.0,0.19,NORMAL,validation
900,andheri,2014-06-01,6,39.7,34.97,69.6,3.55,14.8,8.5,4.73,HEATWAVE,train
3462,andheri,2014-06-07,6,37.0,34.14,79.0,2.64,13.36,0.0,2.86,NORMAL,test
3627,andheri,2014-06-10,6,37.0,33.66,58.7,2.69,11.95,0.0,3.34,NORMAL,validation
4724,andheri,2014-06-28,6,28.2,30.93,63.5,4.03,22.68,0.0,-2.73,NORMAL,train
3068,andheri,2014-08-14,8,28.8,29.07,86.9,2.67,6.36,0.0,-0.27,NORMAL,train
3242,andheri,2014-08-17,8,28.4,29.13,91.6,1.92,16.42,7.8,-0.73,NORMAL,train
397,andheri,2014-08-23,8,30.9,29.32,87.3,2.14,14.55,0.0,1.58,NORMAL,train
3619,andheri,2014-08-31,8,30.7,29.71,87.1,3.23,16.91,1.6,0.99,NORMAL,train
3073,andheri,2014-09-14,9,37.2,30.37,61.0,3.02,18.0,0.0,6.83,SEVERE_HEATWAVE,train
4153,andheri,2014-09-26,9,33.0,31.44,93.7,2.74,18.19,0.0,1.56,NORMAL,train
4042,andheri,2014-10-01,10,28.9,31.9,77.7,1.4,20.45,0.0,-3.0,NORMAL,train
3862,andheri,2014-10-02,10,31.9,31.99,86.4,2.22,,0.0,-0.09,NORMAL,test
812,andheri,2014-10-07,10,36.3,32.48,70.6,2.2,14.96,0.0,3.82,NORMAL,train
2936,andheri,2014-10-14,10,33.4,33.01,77.2,1.54,19.64,0.0,0.39,NORMAL,validation
4322,andheri,2014-10-24,10,40.2,33.39,51.2,0.97,21.4,0.0,6.81,SEVERE_HEATWAVE,train
782,andheri,2014-11-10,11,33.3,33.02,60.2,0.66,18.92,0.0,0.28,NORMAL,test
2723,andheri,2014-11-16,11,39.9,32.74,52.3,1.36,17.17,0.0,7.16,HEATWAVE,train
4957,andheri,2014-11-20,11,34.2,32.55,69.6,1.83,16.82,0.0,1.65,NORMAL,train
2709,andheri,2014-12-10,12,37.4,31.53,56.6,0.83,19.11,0.0,5.87,HEATWAVE,train
457,andheri,2015-01-20,1,29.7,30.22,56.1,1.83,17.87,0.0,-0.52,NORMAL,validation
3593,andheri,2015-01-21,1,37.4,30.25,28.9,1.85,20.94,0.0,7.15,SEVERE_HEATWAVE,train
1128,andheri,2015-01-30,1,36.8,30.57,30.8,1.67,21.06,0.0,6.23,SEVERE_HEATWAVE,train
2713,andheri,2015-02-15,2,36.2,31.77,39.0,1.86,23.01,0.0,4.43,NORMAL,train
3539,andheri,2015-02-24,2,34.4,32.55,28.2,1.85,21.26,0.0,1.85,NORMAL,train
2428,andheri,2015-03-29,3,40.2,35.33,43.6,1.53,27.21,0.0,4.87,HEATWAVE,train
4026,andheri,2015-04-08,4,33.8,35.72,65.1,2.27,21.33,0.0,-1.92,NORMAL,validation
3273,andheri,2015-04-20,4,41.4,36.11,32.1,2.31,28.37,0.0,5.29,HEATWAVE,test
3813,andheri,2015-05-03,5,42.7,36.28,50.1,1.9,31.91,0.0,6.42,SEVERE_HEATWAVE,train
1088,andheri,2015-05-18,5,39.1,36.08,52.6,1.77,23.88,0.0,3.02,NORMAL,train
1759,andheri,2015-06-10,6,32.0,33.66,89.2,3.49,21.14,5.3,-1.66,NORMAL,validation
3937,andheri,2015-06-20,6,28.3,32.04,67.0,5.58,14.65,2.1,-3.74,NORMAL,train
3061,andheri,2015-07-03,7,34.5,30.45,78.4,2.98,17.53,0.0,4.05,NORMAL,train
4526,andheri,2015-07-06,7,30.1,30.24,87.7,3.56,19.01,103.4,-0.14,NORMAL,train
4565,andheri,2015-07-07,7,31.9,30.17,90.7,2.62,23.25,66.6,1.73,NORMAL,train
4419,andheri,2015-07-26,7,28.9,29.15,91.4,4.08,6.82,38.3,-0.25,NORMAL,test
1829,andheri,2015-08-09,8,28.0,29.03,87.9,5.64,20.75,30.0,-1.03,NORMAL,train
2586,andheri,2015-08-12,8,28.2,29.05,93.4,4.07,17.16,3.0,-0.85,NORMAL,train
2628,andheri,2015-08-15,8,27.9,29.09,88.9,3.75,13.5,5.9,-1.19,NORMAL,train
3478,andheri,2015-08-21,8,30.6,29.25,86.9,2.38,12.98,11.0,1.35,NORMAL,train
3429,andheri,2015-08-22,8,28.4,29.29,88.1,2.46,12.35,7.5,-0.89,NORMAL,test
3268,andheri,2015-08-23,8,31.8,29.32,80.7,2.31,17.33,2.1,2.48,NORMAL,train
2408,andheri,2015-09-10,9,29.7,30.08,84.0,1.78,13.26,2.3,-0.38,NORMAL,train
1409,andheri,2015-09-24,9,29.9,31.26,89.2,2.35,14.1,3.0,-1.36,NORMAL,train
3992,andheri,2015-10-05,10,35.6,32.29,74.4,1.36,16.1,0.0,3.31,NORMAL,validation
1386,andheri,2015-10-14,10,39.7,33.01,52.7,0.9,21.71,0.0,6.69,SEVERE_HEATWAVE,validation
3978,andheri,2015-10-18,10,39.9,33.19,43.3,,19.4,0.0,6.71,SEVERE_HEATWAVE,train
687,andheri,2015-10-29,10,33.0,33.38,69.5,1.48,25.08,0.5,-0.38,NORMAL,train
2280,andheri,2015-12-06,12,32.6,31.74,49.5,1.02,16.22,0.0,0.86,NORMAL,test
2068,andheri,2015-12-08,12,36.7,31.63,35.1,1.31,18.86,0.0,5.07,HEATWAVE,test
2287,andheri,2015-12-19,12,33.9,30.94,78.3,1.25,19.89,0.0,2.96,NORMAL,train
4591,andheri,2015-12-25,12,32.5,30.58,34.9,1.81,17.88,0.0,1.92,NORMAL,validation
3514,andheri,2016-01-10,1,32.6,30.04,53.3,1.77,19.63,0.0,2.56,NORMAL,train
3785,andheri,2016-01-13,1,31.2,30.04,53.1,1.38,18.81,0.0,1.16,NORMAL,train
28,andheri,2016-01-18,1,32.6,30.14,38.2,1.67,15.28,0.0,2.46,NORMAL,train
697,andheri,2016-01-23,1,28.5,30.29,41.8,2.35,20.64,0.0,-1.79,NORMAL,validation
510,andheri,2016-02-14,2,37.8,31.69,34.5,1.82,25.48,0.0,6.11,HEATWAVE,train
4839,andheri,2016-02-18,2,32.7,32.03,41.3,2.32,19.63,0.0,0.67,NORMAL,test
1037,andheri,2016-02-19,2,33.1,32.12,45.0,2.34,20.47,0.0,0.98,NORMAL,train
4488,andheri,2016-02-27,2,40.2,32.81,23.2,1.16,24.67,,7.39,SEVERE_HEATWAVE,validation
3855,andheri,2016-03-01,3,37.9,33.08,10.8,2.18,24.3,0.0,4.82,HEATWAVE,train
2973,andheri,2016-03-09,3,37.7,33.82,26.5,1.56,26.79,0.0,3.88,NORMAL,train
4509,andheri,2016-03-11,3,32.2,33.99,62.5,2.03,26.58,0.0,-1.79,NORMAL,validation
2607,andheri,2016-03-29,3,40.6,35.33,27.5,1.7,25.47,0.0,5.27,HEATWAVE,test
2751,andheri,2016-04-07,4,40.3,35.68,41.9,2.46,22.49,0.0,4.62,HEATWAVE,train
3079,andheri,2016-04-11,4,40.6,35.82,33.2,1.8,26.49,0.0,4.78,NORMAL,train
2888,andheri,2016-04-14,4,35.1,35.9,46.0,2.01,24.31,0.0,-0.8,NORMAL,train
2066,andheri,2016-04-28,4,41.4,36.23,48.6,1.88,29.64,0.0,5.17,HEATWAVE,train
2076,andheri,2016-04-30,4,42.6,36.24,35.1,1.89,29.71,0.0,6.36,HEATWAVE,train
3348,andheri,2016-05-03,5,41.5,36.28,44.4,3.64,28.02,0.0,5.22,HEATWAVE,train
2360,andheri,2016-05-11,5,36.1,36.25,73.2,2.11,26.27,0.0,-0.15,NORMAL,test
4329,andheri,2016-05-12,5,37.2,36.24,70.5,2.24,27.86,0.0,0.96,NORMAL,train
2336,andheri,2016-05-13,5,33.8,36.22,61.1,2.68,27.38,0.0,-2.42,NORMAL,test
3189,andheri,2016-05-21,5,43.9,35.92,42.1,1.88,28.0,0.0,7.98,SEVERE_HEATWAVE,train
2857,andheri,2016-05-25,5,36.1,35.67,73.0,2.4,24.18,0.0,0.43,NORMAL,validation
2404,andheri,2016-06-05,6,31.0,34.42,77.3,3.31,10.97,21.0,-3.42,NORMAL,train
4783,andheri,2016-06-08,6,34.4,33.99,,2.88,17.93,0.4,0.41,NORMAL,train
3223,andheri,2016-07-02,7,31.3,30.54,83.2,3.21,23.39,0.0,0.76,NORMAL,train
3446,andheri,2016-07-07,7,33.4,30.17,80.4,5.93,19.81,0.0,3.23,NORMAL,train
1430,andheri,2016-07-12,7,30.2,29.87,87.4,3.45,8.13,29.1,0.33,NORMAL,train
454,andheri,2016-07-28,7,31.0,29.09,85.0,4.21,16.83,55.8,1.91,NORMAL,train
483,andheri,2016-08-01,8,28.0,29.01,85.1,3.32,24.87,57.9,-1.01,NORMAL,train
2313,andheri,2016-08-02,8,31.7,29.0,82.2,2.5,6.07,0.0,2.7,NORMAL,train
602,andheri,2016-08-05,8,30.6,29.01,83.7,4.87,19.06,0.0,1.59,NORMAL,train
511,andheri,2016-08-21,8,28.8,29.25,89.6,2.92,11.72,7.5,-0.45,NORMAL,test
2965,andheri,2016-08-30,8,27.5,29.66,87.6,3.04,12.07,25.8,-2.16,NORMAL,train
1858,andheri,2016-09-02,9,32.6,29.79,81.9,1.42,15.34,0.0,2.81,NORMAL,train
1768,andheri,2016-09-03,9,31.7,29.82,85.7,1.8,26.44,0.9,1.88,NORMAL,test
4612,andheri,2016-09-16,9,30.2,30.55,81.6,0.88,7.82,0.1,-0.35,NORMAL,train
1403,andheri,2016-09-19,9,36.6,30.81,66.4,0.83,24.18,0.0,5.79,NORMAL,test
1790,andheri,2016-09-20,9,37.2,30.89,72.3,1.12,19.1,0.0,6.31,NORMAL,train
4183,andheri,2016-09-27,9,36.9,31.53,69.6,0.58,23.82,0.0,5.37,HEATWAVE,train
4821,andheri,2016-10-02,10,35.9,31.99,74.0,1.72,16.81,0.0,3.91,NORMAL,train
3975,andheri,2016-10-03,10,29.4,32.09,87.1,2.15,21.37,0.0,-2.69,NORMAL,train
405,andheri,2016-10-06,10,36.1,32.38,79.6,1.74,19.17,0.0,3.72,NORMAL,train
1871,andheri,2016-11-11,11,36.8,32.99,57.3,1.71,19.26,0.0,3.81,NORMAL,train
4607,andheri,2016-11-15,11,31.4,32.8,69.7,0.93,19.8,0.0,-1.4,NORMAL,train
2308,andheri,2016-11-21,11,35.1,32.49,55.3,1.96,20.3,0.0,2.61,NORMAL,train
2232,andheri,2016-11-27,11,37.1,32.15,47.1,1.67,16.47,0.0,4.95,HEATWAVE,train
1010,andheri,2016-11-28,11,36.0,32.09,61.4,1.64,21.37,0.0,3.91,NORMAL,train
1320,andheri,2016-11-29,11,35.7,32.03,60.6,0.96,20.69,0.0,3.67,NORMAL,validation
2015,andheri,2016-12-25,12,27.8,30.58,,2.6,14.76,0.0,-2.78,NORMAL,train
2257,andheri,2017-01-21,1,30.1,30.25,52.8,2.13,,0.0,-0.15,NORMAL,train
774,andheri,2017-01-29,1,31.6,30.51,54.4,1.84,17.03,0.0,1.09,NORMAL,train
446,andheri,2017-02-25,2,32.8,32.64,39.4,2.51,23.53,0.0,0.16,NORMAL,validation
1421,andheri,2017-03-18,3,42.8,34.55,27.3,1.91,25.42,0.0,8.25,SEVERE_HEATWAVE,train
1886,andheri,2017-03-20,3,33.0,34.67,43.4,1.84,22.88,0.0,-1.67,NORMAL,train
770,andheri,2017-03-26,3,39.1,35.13,54.0,,24.47,0.0,3.97,NORMAL,validation
3715,andheri,2017-03-29,3,39.0,35.33,52.4,1.34,25.31,0.0,3.67,NORMAL,train
1738,andheri,2017-04-12,4,41.3,35.85,26.2,1.87,26.93,0.0,5.45,HEATWAVE,train
2510,andheri,2017-04-16,4,35.3,35.96,51.6,2.28,27.37,0.0,-0.66,NORMAL,train
3485,andheri,2017-04-28,4,43.0,36.23,35.7,1.83,26.84,0.0,6.77,SEVERE_HEATWAVE,validation
2216,andheri,2017-05-03,5,40.2,36.28,52.0,3.03,25.24,0.0,3.92,NORMAL,train
3149,andheri,2017-05-09,5,35.6,36.28,71.6,3.43,,0.0,-0.68,NORMAL,train
3791,andheri,2017-05-27,5,36.5,35.5,52.9,3.79,25.59,0.0,1.0,NORMAL,train
3569,andheri,2017-06-05,6,32.1,34.42,,1.67,11.48,63.3,-2.32,NORMAL,train
252,andheri,2017-06-11,6,38.7,33.5,65.8,3.58,19.1,0.0,5.2,HEATWAVE,test
4315,andheri,2017-06-24,6,28.8,31.45,92.1,3.36,28.08,1.9,-2.65,NORMAL,train
1842,andheri,2017-06-25,6,32.8,31.31,64.6,5.03,13.89,2.6,1.49,NORMAL,train
1760,andheri,2017-07-10,7,28.4,30.0,86.0,3.82,17.46,24.8,-1.6,NORMAL,train
1157,andheri,2017-07-20,7,30.7,29.4,88.0,3.93,,0.0,1.3,NORMAL,train
3401,andheri,2017-08-05,8,27.8,29.01,89.9,3.41,14.46,4.5,-1.21,NORMAL,train
1499,andheri,2017-08-06,8,27.2,29.0,87.1,2.57,11.1,12.2,-1.8,NORMAL,train
1643,andheri,2017-08-15,8,30.5,29.09,87.1,,15.41,0.0,1.41,NORMAL,train
1158,andheri,2017-08-23,8,30.7,29.32,84.9,2.09,13.33,47.2,1.38,NORMAL,train
1399,andheri,2017-09-08,9,37.1,30.0,68.2,2.13,18.33,0.0,7.1,NORMAL,train
4142,andheri,2017-09-17,9,32.9,30.64,83.4,1.32,20.93,8.9,2.26,NORMAL,train
1380,andheri,2017-09-20,9,29.3,30.89,94.4,2.57,24.9,26.8,-1.59,NORMAL,train
942,andheri,2017-10-14,10,31.5,33.01,80.9,2.18,24.39,10.2,-1.51,NORMAL,train
2387,andheri,2017-10-21,10,36.0,33.32,53.3,1.22,22.6,0.0,2.68,NORMAL,train
2078,andheri,2017-11-06,11,32.9,33.14,68.5,2.03,16.23,0.0,-0.24,NORMAL,train
1051,andheri,2017-11-09,11,38.8,33.04,51.3,1.34,18.31,,5.76,HEATWAVE,train
3738,andheri,2017-12-07,12,29.2,31.69,60.0,1.59,15.45,0.0,-2.49,NORMAL,test
4272,andheri,2017-12-08,12,33.5,31.63,53.2,1.49,17.01,0.0,1.87,NORMAL,train
1534,andheri,2017-12-09,12,30.3,31.58,63.1,2.02,18.95,0.0,-1.28,NORMAL,train
2492,andheri,2017-12-21,12,31.1,30.81,58.7,1.94,15.89,0.0,0.29,NORMAL,train
3535,andheri,2018-01-07,1,36.2,30.12,37.6,1.28,20.43,0.0,6.08,NORMAL,train
2996,andheri,2018-01-09,1,31.0,30.06,31.0,1.49,16.78,0.0,0.94,NORMAL,train
4986,andheri,2018-01-12,1,41.3,30.04,12.9,1.33,23.71,0.0,11.26,SEVERE_HEATWAVE,train
3495,andheri,2018-01-25,1,37.2,30.33,32.4,1.42,21.61,0.0,6.87,NORMAL,validation
3477,andheri,2018-02-11,2,31.4,31.42,68.6,1.88,21.61,0.0,-0.02,NORMAL,train
133,andheri,2018-02-17,2,36.6,31.94,19.2,1.59,23.12,0.0,4.66,NORMAL,train
4971,andheri,2018-02-20,2,32.0,32.2,53.5,2.54,20.87,0.0,-0.2,NORMAL,train
1883,andheri,2018-02-21,2,31.9,32.27,38.0,1.81,20.97,0.0,-0.37,NORMAL,train
135,andheri,2018-02-26,2,32.7,32.73,35.7,2.4,20.78,0.0,-0.03,NORMAL,train
4221,andheri,2018-03-13,3,35.8,34.16,48.1,1.87,23.47,8.6,1.64,NORMAL,train
3774,andheri,2018-03-15,3,35.6,34.33,25.9,1.84,23.92,0.0,1.27,NORMAL,train
3781,andheri,2018-03-19,3,31.8,34.61,61.2,2.42,22.34,0.0,-2.81,NORMAL,train
2296,andheri,2018-03-26,3,42.9,35.13,17.0,1.31,,0.0,7.77,SEVERE_HEATWAVE,test
2369,andheri,2018-03-28,3,41.9,35.27,14.1,2.17,29.75,0.0,6.63,SEVERE_HEATWAVE,validation
940,andheri,2018-04-05,4,34.7,35.59,53.8,2.25,27.15,0.0,-0.89,NORMAL,train
98,andheri,2018-04-11,4,36.1,35.82,49.4,2.58,26.35,0.0,0.28,NORMAL,train
4433,andheri,2018-04-24,4,42.0,36.18,27.9,2.13,26.52,0.0,5.82,HEATWAVE,train
666,andheri,2018-06-01,6,40.3,34.97,63.7,2.71,24.97,0.0,5.33,HEATWAVE,test
1402,andheri,2018-06-05,6,33.0,34.42,72.6,5.77,16.33,3.4,-1.42,NORMAL,train
3042,andheri,2018-06-10,6,32.1,33.66,67.2,2.67,16.19,0.0,-1.56,NORMAL,test
3594,andheri,2018-06-17,6,30.1,32.51,88.9,2.31,30.59,106.3,-2.41,NORMAL,validation
4119,andheri,2018-06-29,6,36.9,30.83,70.7,2.36,13.3,0.0,6.07,NORMAL,train
376,andheri,2018-07-19,7,29.8,29.45,90.7,5.56,9.33,0.0,0.35,NORMAL,train
3595,andheri,2018-08-19,8,29.5,29.18,93.2,2.27,17.7,0.0,0.32,NORMAL,train
2733,andheri,2018-08-27,8,28.0,29.51,89.4,2.65,21.65,26.9,-1.51,NORMAL,train
4211,andheri,2018-09-04,9,36.5,29.84,71.6,0.76,24.46,0.0,6.66,NORMAL,train
350,andheri,2018-09-16,9,36.6,30.55,72.0,0.89,14.27,0.0,6.05,SEVERE_HEATWAVE,train
1923,andheri,2018-09-30,9,32.4,31.81,84.6,2.16,20.03,0.4,0.59,NORMAL,validation
3591,andheri,2018-10-16,10,34.8,33.11,73.2,1.55,20.19,0.0,1.69,NORMAL,test
3976,andheri,2018-10-21,10,40.9,33.32,46.0,1.41,25.31,0.0,7.58,SEVERE_HEATWAVE,train
2266,andheri,2018-10-22,10,31.6,33.35,76.5,1.18,17.8,4.4,-1.75,NORMAL,train
485,andheri,2018-10-30,10,37.1,33.35,72.2,0.91,16.54,0.0,3.75,NORMAL,train
4392,andheri,2018-11-09,11,43.7,33.04,39.7,0.82,23.77,0.0,10.66,SEVERE_HEATWAVE,train
614,andheri,2018-11-10,11,32.6,33.02,65.5,,18.6,0.0,-0.42,NORMAL,train
4902,andheri,2018-12-09,12,38.7,31.58,28.2,0.99,23.58,0.0,7.12,SEVERE_HEATWAVE,train
1043,andheri,2018-12-22,12,37.3,30.75,27.9,1.52,22.37,0.0,6.55,NORMAL,train
1945,andheri,2018-12-31,12,36.4,30.37,48.2,1.45,21.43,0.0,6.03,NORMAL,validation
2462,andheri,2019-01-07,1,33.3,30.12,52.9,1.48,19.95,0.0,3.18,NORMAL,train
2703,andheri,2019-01-10,1,33.9,30.04,44.1,1.33,19.22,0.0,3.86,NORMAL,train
946,andheri,2019-01-12,1,33.5,30.04,63.3,1.31,17.99,0.0,3.46,NORMAL,validation
1172,andheri,2019-01-27,1,33.4,30.41,62.1,2.35,17.13,0.0,2.99,NORMAL,train
4418,andheri,2019-02-01,2,30.6,30.67,39.2,1.96,21.51,0.0,-0.07,NORMAL,validation
2741,andheri,2019-02-03,2,39.6,30.79,28.0,1.67,24.99,0.0,8.81,SEVERE_HEATWAVE,validation
2778,andheri,2019-02-13,2,30.9,31.6,19.2,1.58,21.42,0.0,-0.7,NORMAL,train
1922,andheri,2019-03-12,3,31.4,34.07,44.5,,23.01,0.0,-2.67,NORMAL,train
998,andheri,2019-03-17,3,37.7,34.48,33.7,1.68,28.17,0.0,3.22,NORMAL,test
2453,andheri,2019-03-29,3,36.9,35.33,44.1,2.46,23.85,0.0,1.57,NORMAL,train
508,andheri,2019-03-30,3,41.7,35.4,20.7,2.0,31.69,0.0,6.3,HEATWAVE,train
2335,andheri,2019-04-10,4,39.3,35.79,29.9,1.82,31.42,0.0,3.51,NORMAL,train
4901,andheri,2019-04-11,4,39.2,35.82,37.3,1.69,29.1,0.0,3.38,NORMAL,train
4592,andheri,2019-04-15,4,40.2,35.93,34.4,1.94,29.19,0.0,4.27,NORMAL,validation
869,andheri,2019-04-23,4,38.9,36.17,36.0,2.49,27.33,,2.73,NORMAL,validation
4723,andheri,2019-05-04,5,36.0,36.28,69.1,2.95,30.49,0.0,-0.28,NORMAL,test
1373,andheri,2019-05-05,5,37.3,36.29,53.3,2.5,26.28,0.0,1.01,NORMAL,test
2886,andheri,2019-05-23,5,40.8,35.81,29.9,2.37,29.51,0.0,4.99,HEATWAVE,validation
2758,andheri,2019-05-30,5,41.9,35.2,43.5,1.61,29.86,0.0,6.7,SEVERE_HEATWAVE,train
3959,andheri,2019-06-01,6,40.6,34.97,72.5,2.81,19.45,0.0,5.63,HEATWAVE,train
432,andheri,2019-06-15,6,31.3,32.86,79.2,4.59,13.83,64.5,-1.56,NORMAL,test
2339,andheri,2019-07-01,7,36.9,30.63,68.3,2.74,16.72,0.0,6.27,NORMAL,train
3635,andheri,2019-07-13,7,36.6,29.79,71.9,3.11,11.55,0.0,6.81,SEVERE_HEATWAVE,train
4704,andheri,2019-07-16,7,27.5,29.59,88.0,3.35,13.59,1.5,-2.09,NORMAL,train
2458,andheri,2019-07-18,7,29.3,29.49,90.1,2.61,14.02,44.8,-0.19,NORMAL,validation
3502,andheri,2019-08-03,8,29.8,29.0,90.3,4.72,13.22,20.9,0.8,NORMAL,train
3808,andheri,2019-08-28,8,37.0,29.56,64.2,1.42,22.08,0.0,7.44,NORMAL,train
4020,andheri,2019-09-04,9,29.6,29.84,91.5,4.43,21.63,7.4,-0.24,NORMAL,validation
2508,andheri,2019-09-13,9,32.6,30.28,82.0,2.81,25.64,,2.32,NORMAL,train
1025,andheri,2019-09-15,9,32.1,30.46,84.2,1.21,16.35,18.9,1.64,NORMAL,train
4453,andheri,2019-09-26,9,31.4,31.44,88.4,2.73,16.0,19.2,-0.04,NORMAL,test
925,andheri,2019-09-30,9,33.1,31.81,82.5,2.62,18.49,0.0,1.29,NORMAL,train
68,andheri,2019-10-19,10,36.8,33.23,75.1,1.83,22.04,0.0,3.57,NORMAL,train
4890,andheri,2019-10-22,10,32.5,33.35,73.5,1.73,23.07,0.0,-0.85,NORMAL,validation
3232,andheri,2019-10-30,10,42.4,33.35,63.0,0.97,27.76,0.0,9.05,SEVERE_HEATWAVE,train
1854,andheri,2019-11-06,11,34.8,33.14,66.3,1.35,16.1,0.0,1.66,NORMAL,train
4354,andheri,2019-11-15,11,31.8,32.8,70.2,2.53,17.68,0.0,-1.0,NORMAL,test
1434,andheri,2019-12-07,12,31.2,31.69,58.0,1.89,16.98,0.0,-0.49,NORMAL,train
2417,andheri,2019-12-15,12,28.7,31.23,60.3,2.37,16.08,0.0,-2.53,NORMAL,train
635,andheri,2019-12-19,12,29.6,30.94,68.4,1.23,15.81,0.6,-1.34,NORMAL,validation
4707,andheri,2019-12-23,12,30.1,30.69,55.1,1.68,14.71,0.0,-0.59,NORMAL,train
3353,andheri,2020-01-04,1,36.9,30.2,5.0,1.97,18.88,0.0,6.7,NORMAL,train
1264,andheri,2020-01-11,1,35.4,30.04,24.6,2.15,24.86,0.0,5.36,NORMAL,train
191,andheri,2020-01-22,1,29.1,30.27,62.8,1.7,18.17,0.0,-1.17,NORMAL,test
2675,andheri,2020-02-04,2,41.8,30.86,19.4,1.23,27.28,0.0,10.94,SEVERE_HEATWAVE,validation
3751,andheri,2020-02-10,2,31.0,31.35,32.5,2.33,19.87,0.0,-0.35,NORMAL,train
1704,andheri,2020-02-22,2,33.8,32.36,16.3,2.01,23.13,0.0,1.44,NORMAL,train
3420,andheri,2020-02-24,2,32.7,32.55,43.1,2.63,21.79,0.0,0.15,NORMAL,validation
1151,andheri,2020-03-01,3,39.3,33.08,21.1,1.98,31.68,0.0,6.22,HEATWAVE,test
1927,andheri,2020-03-26,3,41.1,35.13,29.5,1.74,,0.0,5.97,HEATWAVE,validation
3233,andheri,2020-03-30,3,39.2,35.4,48.8,1.85,24.15,0.0,3.8,NORMAL,train
3434,andheri,2020-04-11,4,36.7,35.82,47.4,1.94,27.51,0.0,0.88,NORMAL,train
4081,andheri,2020-05-13,5,36.6,36.22,58.3,2.4,,0.0,0.38,NORMAL,validation
3999,andheri,2020-05-27,5,42.8,35.5,36.7,2.11,32.0,0.0,7.3,SEVERE_HEATWAVE,train
3551,andheri,2020-06-11,6,31.8,33.5,93.0,2.57,17.49,2.4,-1.7,NORMAL,test
2922,andheri,2020-06-12,6,35.2,33.35,82.3,3.94,19.49,0.0,1.85,NORMAL,validation
2674,andheri,2020-06-18,6,36.5,32.34,74.0,4.15,27.34,0.0,4.16,NORMAL,train
626,andheri,2020-06-21,6,37.2,31.89,72.4,4.23,22.33,0.0,5.31,HEATWAVE,validation
3246,andheri,2020-06-23,6,29.8,31.6,77.9,3.64,23.11,7.3,-1.8,NORMAL,train
3226,andheri,2020-07-07,7,29.7,30.17,92.6,2.04,12.08,14.0,-0.47,NORMAL,train
4518,andheri,2020-07-12,7,29.8,29.87,88.2,3.99,23.31,0.0,-0.07,NORMAL,train
1116,andheri,2020-07-16,7,36.7,29.59,66.6,3.09,15.73,0.0,7.11,NORMAL,train
3181,andheri,2020-07-22,7,31.3,29.3,84.0,4.07,18.21,0.0,2.0,NORMAL,train
1809,andheri,2020-08-16,8,27.7,29.12,88.6,2.96,15.89,10.6,-1.42,NORMAL,validation
3225,andheri,2020-08-27,8,28.5,29.51,92.2,2.34,11.09,26.3,-1.01,NORMAL,validation
3805,andheri,2020-09-01,9,31.2,29.75,85.4,4.58,18.14,31.8,1.45,NORMAL,train
795,andheri,2020-10-07,10,29.9,32.48,80.1,1.36,15.15,0.0,-2.58,NORMAL,train
877,andheri,2020-10-13,10,33.0,32.94,64.4,2.55,17.83,6.0,0.06,NORMAL,validation
4979,andheri,2020-10-19,10,38.7,33.23,60.9,2.0,19.55,0.0,5.47,HEATWAVE,train
1787,andheri,2020-11-11,11,33.3,32.99,70.5,2.49,19.4,0.0,0.31,NORMAL,train
3092,andheri,2020-11-30,11,40.0,31.99,48.5,1.66,21.43,0.0,8.01,SEVERE_HEATWAVE,train
1817,andheri,2021-01-05,1,36.1,30.17,33.5,1.65,23.46,0.0,5.93,NORMAL,test
4706,andheri,2021-01-07,1,28.7,30.12,61.9,1.82,17.46,0.0,-1.42,NORMAL,test
1071,andheri,2021-01-08,1,34.3,30.09,39.7,2.37,20.17,0.0,4.21,NORMAL,validation
704,andheri,2021-01-29,1,36.0,30.51,40.4,1.71,17.99,0.0,5.49,NORMAL,validation
3299,andheri,2021-02-18,2,31.4,32.03,62.6,2.17,20.73,0.0,-0.63,NORMAL,train
172,andheri,2021-03-07,3,38.9,33.66,29.6,1.67,25.98,0.0,5.24,HEATWAVE,train
4355,andheri,2021-03-11,3,40.0,33.99,37.8,2.01,29.12,,6.01,HEATWAVE,validation
2957,andheri,2021-03-22,3,34.0,34.83,51.8,1.86,24.63,0.0,-0.83,NORMAL,test
3282,andheri,2021-04-12,4,36.7,35.85,48.2,0.0,26.37,0.0,0.85,NORMAL,validation
950,andheri,2021-04-17,4,41.2,36.0,32.1,1.64,24.6,0.0,5.2,HEATWAVE,train
1259,andheri,2021-05-02,5,39.4,36.27,50.9,1.81,20.7,0.0,3.13,NORMAL,test
1168,andheri,2021-05-03,5,41.7,36.28,44.0,1.51,30.05,0.0,5.42,HEATWAVE,validation
3543,andheri,2021-06-05,6,32.0,34.42,84.0,2.47,9.87,47.6,-2.42,NORMAL,train
1083,andheri,2021-06-06,6,38.7,34.28,70.8,,10.72,0.0,4.42,NORMAL,test
1528,andheri,2021-06-12,6,31.6,33.35,88.6,3.94,12.73,41.7,-1.75,NORMAL,train
356,andheri,2021-06-23,6,30.6,31.6,77.7,5.56,20.35,74.6,-1.0,NORMAL,train
224,andheri,2021-06-25,6,33.1,31.31,67.8,3.52,12.6,4.2,1.79,NORMAL,train
4536,andheri,2021-07-07,7,31.7,30.17,85.1,2.86,22.04,54.0,1.53,NORMAL,train
3801,andheri,2021-07-11,7,28.4,29.94,89.6,4.53,17.18,2.7,-1.54,NORMAL,train
3122,andheri,2021-07-14,7,28.7,29.72,90.6,3.9,18.91,0.1,-1.02,NORMAL,test
3010,andheri,2021-07-31,7,28.4,29.02,95.8,4.1,18.7,0.5,-0.62,NORMAL,train
1222,andheri,2021-08-03,8,28.8,29.0,91.2,4.22,17.55,12.7,-0.2,NORMAL,train
3936,andheri,2021-08-10,8,28.5,29.02,90.5,3.72,10.21,5.3,-0.52,NORMAL,test
4264,andheri,2021-08-14,8,29.3,29.07,89.9,3.81,19.24,19.2,0.23,NORMAL,validation
1224,andheri,2021-08-16,8,30.5,29.12,84.5,2.83,12.09,0.0,1.38,NORMAL,train
4789,andheri,2021-08-22,8,27.3,29.29,91.0,2.42,15.27,0.0,-1.99,NORMAL,train
1776,andheri,2021-08-25,8,29.3,29.41,92.1,4.32,13.97,47.0,-0.11,NORMAL,test
2219,andheri,2021-08-30,8,30.2,29.66,86.2,3.92,20.97,0.0,0.54,NORMAL,train
2555,andheri,2021-09-13,9,29.9,30.28,91.0,1.91,20.58,15.9,-0.38,NORMAL,train
1211,andheri,2021-09-24,9,29.9,31.26,85.3,4.01,18.96,3.0,-1.36,NORMAL,validation
4467,andheri,2021-10-08,10,31.6,32.56,78.3,1.76,13.38,0.0,-0.96,NORMAL,train
3589,andheri,2021-10-17,10,32.5,33.15,74.6,2.14,17.2,0.0,-0.65,NORMAL,train
819,andheri,2021-10-24,10,33.5,33.39,76.8,1.73,19.13,0.0,0.11,NORMAL,train
3795,andheri,2021-11-24,11,32.5,32.33,78.9,2.84,15.4,0.0,0.17,NORMAL,train
799,andheri,2021-12-14,12,29.8,31.29,55.9,1.41,13.89,0.0,-1.49,NORMAL,train
4249,andheri,2021-12-19,12,33.8,30.94,66.1,1.37,20.27,0.0,2.86,NORMAL,train
584,andheri,2021-12-22,12,42.9,30.75,21.3,1.28,20.87,0.0,12.15,SEVERE_HEATWAVE,test
3729,andheri,2021-12-26,12,31.3,30.53,42.3,1.94,17.98,0.0,0.77,NORMAL,test
3337,andheri,2021-12-31,12,30.5,30.37,49.2,1.73,14.43,0.0,0.13,NORMAL,train
3789,andheri,2022-01-08,1,37.8,30.09,17.2,1.64,24.63,0.0,7.71,SEVERE_HEATWAVE,train
4522,andheri,2022-01-16,1,27.9,30.07,59.6,2.85,20.96,0.0,-2.17,NORMAL,train
1903,andheri,2022-02-13,2,31.0,31.6,51.4,1.96,23.13,0.0,-0.6,NORMAL,train
2704,andheri,2022-02-18,2,38.1,32.03,18.2,1.3,25.55,0.0,6.07,HEATWAVE,validation
3677,andheri,2022-02-22,2,36.4,32.36,32.8,1.37,22.31,0.0,4.04,NORMAL,train
3393,andheri,2022-02-27,2,36.5,32.81,16.1,1.8,25.19,0.0,3.69,NORMAL,validation
1865,andheri,2022-03-16,3,40.5,34.41,33.2,1.61,27.66,0.0,6.09,HEATWAVE,train
2808,andheri,2022-03-19,3,33.4,34.61,52.4,2.17,21.92,0.0,-1.21,NORMAL,train
2836,andheri,2022-03-23,3,35.4,34.91,66.9,2.05,19.74,0.0,0.49,NORMAL,train
1462,andheri,2022-04-08,4,40.7,35.72,38.6,1.84,28.12,0.0,4.98,HEATWAVE,validation
137,andheri,2022-04-09,4,43.6,35.76,16.5,1.37,30.91,0.0,7.84,SEVERE_HEATWAVE,test
3517,andheri,2022-04-25,4,42.9,36.2,34.9,2.22,25.3,0.0,6.7,HEATWAVE,train
4924,andheri,2022-04-27,4,44.0,36.22,24.5,1.52,30.15,0.0,7.78,SEVERE_HEATWAVE,train
2762,andheri,2022-05-01,5,34.9,36.24,64.9,3.79,22.62,0.0,-1.34,NORMAL,train
1577,andheri,2022-06-30,6,33.3,30.74,84.9,2.91,,16.5,2.56,NORMAL,train
3364,andheri,2022-07-07,7,32.5,30.17,84.0,3.54,17.5,0.0,2.33,NORMAL,test
4670,andheri,2022-08-09,8,30.7,29.03,84.1,2.99,10.2,0.0,1.67,NORMAL,train
3355,andheri,2022-08-17,8,36.1,29.13,67.4,2.38,14.56,0.0,6.97,NORMAL,train
1394,andheri,2022-08-18,8,30.7,29.15,86.1,3.83,11.41,0.0,1.55,NORMAL,train
4812,andheri,2022-08-20,8,27.1,29.21,94.4,3.49,18.13,0.0,-2.11,NORMAL,train
2011,andheri,2022-08-22,8,29.9,29.29,90.3,2.77,18.2,25.2,0.61,NORMAL,test
3848,andheri,2022-08-29,8,29.1,29.61,87.9,3.89,14.52,62.7,-0.51,NORMAL,train
2899,andheri,2022-09-13,9,29.1,30.28,91.4,1.07,19.64,13.8,-1.18,NORMAL,validation
537,andheri,2022-09-18,9,31.1,30.73,92.3,3.26,22.31,9.7,0.37,NORMAL,test
1958,andheri,2022-09-22,9,32.8,31.07,78.1,0.79,8.28,0.0,1.73,NORMAL,test
2343,andheri,2022-09-28,9,31.1,31.62,91.9,2.19,14.53,8.9,-0.52,NORMAL,train
4922,andheri,2022-10-08,10,36.5,32.56,,1.22,24.15,0.0,3.94,NORMAL,train
266,andheri,2022-11-03,11,33.3,33.22,77.9,1.4,20.69,0.0,0.08,NORMAL,train
1198,andheri,2022-11-13,11,31.9,32.9,86.6,2.78,16.83,0.0,-1.0,NORMAL,validation
3686,andheri,2022-12-01,12,31.2,31.94,44.7,1.05,15.88,0.0,-0.74,NORMAL,train
2821,andheri,2022-12-07,12,34.2,31.69,53.6,1.88,16.24,0.0,2.51,NORMAL,train
2804,andheri,2022-12-16,12,36.8,31.17,58.2,1.2,18.66,0.0,5.63,HEATWAVE,validation
3929,andheri,2023-01-04,1,27.7,30.2,39.8,2.4,14.95,,-2.5,NORMAL,train
248,andheri,2023-01-10,1,37.2,30.04,28.3,1.28,23.55,0.0,7.16,SEVERE_HEATWAVE,train
4266,andheri,2023-01-15,1,34.2,30.05,,1.3,19.31,0.0,4.15,NORMAL,test
1712,andheri,2023-01-24,1,30.4,30.31,56.0,1.92,18.27,0.0,0.09,NORMAL,train
1237,andheri,2023-02-04,2,35.7,30.86,41.2,1.54,21.66,0.0,4.84,NORMAL,train
3025,andheri,2023-02-08,2,35.7,31.16,43.9,2.12,24.72,0.0,4.54,NORMAL,test
3172,andheri,2023-02-20,2,35.6,32.2,38.9,,25.83,0.0,3.4,NORMAL,train
4048,andheri,2023-02-28,2,32.9,32.9,31.0,1.88,19.96,1.6,0.0,NORMAL,train
83,andheri,2023-03-01,3,37.5,33.08,45.3,2.55,26.78,0.0,4.42,NORMAL,train
1565,andheri,2023-03-02,3,35.9,33.17,32.0,2.17,26.15,0.0,2.73,NORMAL,test
708,andheri,2023-03-10,3,34.9,33.91,50.0,1.99,19.26,0.0,0.99,NORMAL,validation
4958,andheri,2023-03-13,3,39.9,34.16,24.4,1.45,29.1,0.0,5.74,HEATWAVE,validation
4654,andheri,2023-04-08,4,35.6,35.72,61.9,2.28,25.94,0.0,-0.12,NORMAL,validation
327,andheri,2023-04-15,4,42.3,35.93,37.4,2.11,28.98,0.0,6.37,SEVERE_HEATWAVE,train
4786,andheri,2023-04-21,4,35.0,36.12,50.8,2.56,25.99,0.0,-1.12,NORMAL,validation
1701,andheri,2023-04-24,4,36.3,36.18,54.6,1.6,21.95,0.0,0.12,NORMAL,train
1033,andheri,2023-05-03,5,35.6,36.28,50.4,2.35,28.41,0.0,-0.68,NORMAL,train
3289,andheri,2023-05-07,5,42.5,36.28,38.7,2.34,30.37,0.0,6.22,SEVERE_HEATWAVE,validation
398,andheri,2023-05-08,5,35.8,36.28,67.6,3.45,29.05,0.0,-0.48,NORMAL,train
1188,andheri,2023-05-11,5,41.1,36.25,36.4,2.61,26.96,0.0,4.85,NORMAL,test
810,andheri,2023-05-16,5,42.5,36.15,53.9,1.66,30.43,0.0,6.35,HEATWAVE,validation
789,andheri,2023-05-21,5,40.3,35.92,,2.66,25.24,0.0,4.38,NORMAL,train
3787,andheri,2023-06-07,6,40.2,34.14,51.0,2.85,22.84,0.0,6.06,HEATWAVE,test
2018,andheri,2023-06-13,6,42.9,33.19,56.7,2.99,21.95,0.0,9.71,SEVERE_HEATWAVE,train
67,andheri,2023-06-17,6,32.9,32.51,82.9,2.94,11.43,5.7,0.39,NORMAL,train
4318,andheri,2023-06-18,6,32.7,32.34,85.4,3.29,22.93,9.7,0.36,NORMAL,train
1468,andheri,2023-06-29,6,38.0,30.83,47.9,1.38,14.04,0.0,7.17,SEVERE_HEATWAVE,test
4487,andheri,2023-07-28,7,27.7,29.09,93.4,4.67,12.2,24.5,-1.39,NORMAL,train
1398,andheri,2023-08-06,8,28.8,29.0,88.2,2.76,13.56,65.4,-0.2,NORMAL,train
357,andheri,2023-08-10,8,30.5,29.02,83.0,5.13,13.69,1.0,1.48,NORMAL,train
529,andheri,2023-08-31,8,30.4,29.71,91.7,5.16,21.44,10.8,0.69,NORMAL,train
966,andheri,2023-09-04,9,31.2,29.84,85.7,2.54,19.64,0.0,1.36,NORMAL,train
4968,andheri,2023-09-08,9,30.3,30.0,84.0,2.55,19.59,0.0,0.3,NORMAL,train
4800,andheri,2023-09-11,9,31.6,30.13,77.0,1.68,17.44,0.0,1.47,NORMAL,train
7,andheri,2023-09-16,9,36.8,30.55,71.0,,19.39,0.0,6.25,NORMAL,test
1559,andheri,2023-09-17,9,31.8,30.64,79.1,3.74,19.45,0.0,1.16,NORMAL,validation
1631,andheri,2023-09-27,9,32.1,31.53,86.1,2.37,21.09,0.0,0.57,NORMAL,train
2321,andheri,2023-09-29,9,33.9,31.72,81.1,2.6,20.74,2.5,2.18,NORMAL,test
1822,andheri,2023-10-09,10,31.4,32.65,88.9,2.12,22.08,0.0,-1.25,NORMAL,validation
4325,andheri,2023-10-20,10,32.2,33.28,77.3,1.54,21.44,0.0,-1.08,NORMAL,train
2871,andheri,2023-10-29,10,32.2,33.38,76.4,1.23,16.42,35.6,-1.18,NORMAL,validation
3664,andheri,2023-11-06,11,34.5,33.14,73.4,2.63,20.96,0.5,1.36,NORMAL,validation
4829,andheri,2023-11-17,11,34.3,32.69,68.3,2.65,16.72,0.0,1.61,NORMAL,test
2229,andheri,2023-11-25,11,35.3,32.28,71.5,,20.03,0.0,3.02,NORMAL,train
2470,andheri,2023-12-02,12,28.7,31.91,55.1,2.04,17.42,0.0,-3.21,NORMAL,test
980,andheri,2023-12-04,12,31.6,31.83,64.2,1.4,16.32,0.0,-0.23,NORMAL,validation
1558,andheri,2023-12-14,12,35.0,31.29,64.3,1.35,18.32,0.0,3.71,NORMAL,test
4841,andheri,2023-12-25,12,31.9,30.58,56.9,2.24,16.41,0.0,1.32,NORMAL,test
198,andheri,2024-01-11,1,37.0,30.04,30.8,1.4,19.44,0.0,6.96,SEVERE_HEATWAVE,test
2509,andheri,2024-01-13,1,29.6,30.04,47.5,1.62,15.62,0.0,-0.44,NORMAL,train
1256,andheri,2024-02-03,2,29.3,30.79,28.0,2.5,22.46,0.0,-1.49,NORMAL,train
4717,andheri,2024-02-21,2,31.1,32.27,36.2,2.57,21.53,0.0,-1.17,NORMAL,train
1969,andheri,2024-02-24,2,39.2,32.55,8.4,1.36,24.37,0.0,6.65,SEVERE_HEATWAVE,train
1596,andheri,2024-02-29,2,37.1,32.99,5.0,,23.49,0.0,4.11,NORMAL,train
564,andheri,2024-03-06,3,37.5,33.58,12.6,1.7,20.95,0.0,3.92,NORMAL,train
1992,andheri,2024-03-18,3,35.1,34.55,36.4,1.85,22.77,13.1,0.55,NORMAL,train
1742,andheri,2024-04-10,4,34.7,35.79,62.2,2.12,24.43,0.0,-1.09,NORMAL,test
4962,andheri,2024-04-12,4,42.4,35.85,28.7,2.02,24.26,0.0,6.55,SEVERE_HEATWAVE,train
1471,andheri,2024-04-21,4,41.8,36.12,29.9,1.72,26.41,0.0,5.68,HEATWAVE,train
1626,andheri,2024-05-02,5,37.8,36.27,57.2,2.18,22.89,0.0,1.53,NORMAL,train
4180,andheri,2024-05-29,5,35.2,35.31,64.9,3.63,20.97,0.0,-0.11,NORMAL,train
3037,andheri,2024-06-18,6,30.2,32.34,93.0,3.77,14.86,0.0,-2.14,NORMAL,train
3732,andheri,2024-06-28,6,30.1,30.93,71.7,4.16,,7.0,-0.83,NORMAL,train
1307,andheri,2024-06-29,6,29.8,30.83,75.1,3.42,14.24,49.0,-1.03,NORMAL,test
1657,andheri,2024-07-09,7,30.9,30.04,93.4,4.86,14.46,100.6,0.86,NORMAL,train
1940,andheri,2024-07-16,7,27.2,29.59,92.8,3.66,15.28,73.4,-2.39,NORMAL,train
3947,andheri,2024-07-17,7,30.6,29.54,86.2,2.56,18.23,19.1,1.06,NORMAL,train
384,andheri,2024-07-18,7,30.0,29.49,89.5,5.57,15.43,0.0,0.51,NORMAL,train
2040,andheri,2024-07-29,7,28.9,29.07,92.0,3.46,18.57,3.5,-0.17,NORMAL,train
4039,andheri,2024-08-10,8,27.8,29.02,85.2,2.79,10.36,0.6,-1.22,NORMAL,train
4108,andheri,2024-08-24,8,29.6,29.36,89.2,7.88,11.4,0.0,0.24,NORMAL,validation
4239,andheri,2024-09-11,9,29.3,30.13,84.0,2.71,28.79,30.2,-0.83,NORMAL,train
4167,andheri,2024-10-04,10,30.3,32.19,81.7,0.8,20.53,0.0,-1.89,NORMAL,validation
3403,andheri,2024-10-11,10,40.7,32.8,50.0,0.96,,0.0,7.9,SEVERE_HEATWAVE,train
4388,andheri,2024-10-13,10,32.3,32.94,80.3,1.6,17.22,0.0,-0.64,NORMAL,validation
196,andheri,2024-10-28,10,44.2,33.39,44.5,1.3,21.28,0.0,10.81,SEVERE_HEATWAVE,train
3481,andheri,2024-11-18,11,32.0,32.64,83.1,1.32,19.64,0.0,-0.64,NORMAL,train
771,andheri,2024-11-21,11,33.9,32.49,76.5,1.81,17.28,0.0,1.41,NORMAL,train
1717,andheri,2024-11-27,11,31.3,32.15,60.7,2.87,20.43,0.0,-0.85,NORMAL,train
1305,andheri,2024-11-28,11,37.1,32.09,41.2,1.7,20.56,0.0,5.01,NORMAL,train
4270,andheri,2024-12-03,12,32.1,31.87,56.2,2.11,18.71,0.0,0.23,NORMAL,train
3306,andheri,2024-12-09,12,33.5,31.58,57.2,1.75,14.64,0.0,1.92,NORMAL,train
3324,andheri,2024-12-10,12,29.8,31.53,71.9,2.54,18.5,0.0,-1.73,NORMAL,train
4,andheri,2024-12-11,12,34.3,31.46,36.0,1.22,18.22,0.0,2.84,NORMAL,train
1073,andheri,2024-12-18,12,32.4,31.03,66.8,1.98,17.15,0.0,1.37,NORMAL,train
1308,andheri,2024-12-22,12,28.6,30.75,48.0,2.54,18.46,,-2.15,NORMAL,train
2108,colaba,2000-01-05,1,27.9,29.96,66.1,2.06,,0.0,-2.06,NORMAL,test
4888,colaba,2000-01-11,1,36.9,29.84,30.8,1.21,23.13,0.0,7.06,NORMAL,test
3111,colaba,2000-02-05,2,32.9,30.48,43.9,2.06,22.79,0.0,2.42,NORMAL,train
611,colaba,2000-02-18,2,27.3,31.28,41.9,,23.6,0.0,-3.98,NORMAL,train
1238,colaba,2000-02-20,2,31.2,31.39,57.5,2.49,21.5,0.0,-0.19,NORMAL,train
4192,colaba,2000-03-06,3,36.2,32.48,41.2,2.16,24.6,0.0,3.72,NORMAL,train
4018,colaba,2000-03-11,3,31.6,32.82,39.4,1.8,24.11,0.0,-1.22,NORMAL,validation
1239,colaba,2000-03-17,3,33.1,33.21,45.1,2.29,25.92,0.0,-0.11,NORMAL,train
1292,colaba,2000-03-21,3,33.9,33.41,35.6,2.08,25.3,0.0,0.49,NORMAL,train
2434,colaba,2000-03-28,3,30.0,33.84,23.7,2.38,23.21,0.0,-3.84,NORMAL,train
4408,colaba,2000-04-13,4,33.9,34.38,57.0,1.62,25.02,0.0,-0.48,NORMAL,train
441,colaba,2000-04-15,4,35.7,34.43,,2.16,22.71,0.0,1.27,NORMAL,train
1458,colaba,2000-04-22,4,35.1,34.62,52.7,2.25,27.54,0.0,0.48,NORMAL,train
2806,colaba,2000-05-12,5,33.9,34.67,53.1,3.53,24.78,0.1,-0.77,NORMAL,validation
442,colaba,2000-05-18,5,39.1,34.48,38.0,2.27,26.98,0.0,4.62,HEATWAVE,train
3618,colaba,2000-05-21,5,43.8,34.31,26.6,2.38,31.59,0.0,9.49,SEVERE_HEATWAVE,train
2500,colaba,2000-05-24,5,37.3,34.12,51.0,2.69,32.0,0.0,3.18,NORMAL,train
3160,colaba,2000-05-30,5,37.2,33.55,31.2,1.89,28.24,0.0,3.65,NORMAL,train
2623,colaba,2000-06-06,6,29.7,32.6,86.3,4.55,20.94,24.0,-2.9,NORMAL,train
1681,colaba,2000-06-15,6,32.7,31.23,,2.9,32.0,0.0,1.47,NORMAL,train
590,colaba,2000-06-25,6,28.5,29.82,73.3,2.43,8.69,,-1.32,NORMAL,test
1244,colaba,2000-07-01,7,36.8,29.28,68.5,1.93,9.96,0.0,7.52,NORMAL,validation
4427,colaba,2000-07-13,7,27.4,28.64,88.7,5.5,14.08,31.6,-1.24,NORMAL,validation
785,colaba,2000-07-31,7,27.5,28.06,90.9,3.11,13.28,10.5,-0.56,NORMAL,train
4558,colaba,2000-08-01,8,28.7,28.05,91.3,3.96,18.87,0.0,0.65,NORMAL,train
893,colaba,2000-08-04,8,26.6,28.05,92.6,4.33,11.64,15.6,-1.45,NORMAL,validation
227,colaba,2000-09-08,9,32.3,28.88,80.0,1.82,19.19,0.0,3.42,NORMAL,train
1789,colaba,2000-09-12,9,28.5,29.09,89.5,5.15,18.42,4.4,-0.59,NORMAL,train
1601,colaba,2000-10-02,10,29.6,30.75,82.1,2.62,18.42,5.7,-1.15,NORMAL,train
2347,colaba,2000-10-15,10,34.1,31.91,58.2,1.8,18.17,0.0,2.19,NORMAL,test
512,colaba,2000-11-27,11,32.4,31.75,73.4,0.85,19.24,0.0,0.65,NORMAL,train
1677,colaba,2000-11-30,11,32.9,31.61,76.5,2.47,20.59,0.0,1.29,NORMAL,test
871,colaba,2000-12-01,12,29.7,31.57,67.2,1.98,17.87,0.0,-1.87,NORMAL,train
4885,colaba,2000-12-03,12,34.3,31.5,59.1,2.19,15.79,0.0,2.8,NORMAL,train
3335,colaba,2000-12-06,12,28.7,31.37,67.7,2.98,15.76,0.0,-2.67,NORMAL,test
3100,colaba,2000-12-09,12,34.0,31.21,67.3,1.24,14.11,0.0,2.79,NORMAL,train
3733,colaba,2000-12-28,12,29.6,30.22,63.7,2.31,18.61,0.0,-0.62,NORMAL,train
1752,colaba,2001-01-07,1,28.6,29.9,23.0,2.07,19.48,0.0,-1.3,NORMAL,train
1089,colaba,2001-01-14,1,31.6,29.85,51.8,2.61,17.3,0.0,1.75,NORMAL,validation
2583,colaba,2001-01-16,1,26.6,29.88,51.6,1.57,18.42,0.0,-3.28,NORMAL,train
3333,colaba,2001-01-19,1,33.6,29.99,42.7,1.94,19.51,0.0,3.61,NORMAL,train
1133,colaba,2001-01-25,1,32.0,30.1,68.5,,17.22,0.0,1.9,NORMAL,validation
3074,colaba,2001-01-26,1,29.7,30.12,72.9,1.84,16.06,0.0,-0.42,NORMAL,validation
1938,colaba,2001-02-05,2,31.1,30.48,35.1,2.48,22.66,0.0,0.62,NORMAL,validation
644,colaba,2001-02-11,2,31.3,30.86,55.7,1.88,22.05,0.0,0.44,NORMAL,train
2270,colaba,2001-02-22,2,31.3,31.5,35.1,1.98,19.91,0.0,-0.2,NORMAL,train
1764,colaba,2001-02-27,2,29.8,31.86,45.7,2.25,20.83,0.0,-2.06,NORMAL,validation
4673,colaba,2001-04-02,4,38.2,34.04,34.9,2.28,31.88,0.0,4.16,NORMAL,train
1978,colaba,2001-05-09,5,39.8,34.72,47.3,3.07,25.26,0.0,5.08,HEATWAVE,train
4025,colaba,2001-05-20,5,33.1,34.37,65.7,2.13,26.53,0.0,-1.27,NORMAL,train
3055,colaba,2001-06-11,6,37.2,31.83,67.1,4.22,23.78,0.0,5.37,HEATWAVE,train
1047,colaba,2001-06-12,6,32.3,31.69,85.1,3.89,13.55,51.3,0.61,NORMAL,train
3638,colaba,2001-06-16,6,27.2,31.06,68.2,3.6,3.74,0.0,-3.86,NORMAL,train
36,colaba,2001-07-12,7,29.4,28.71,90.1,4.3,13.88,54.5,0.69,NORMAL,train
3841,colaba,2001-07-19,7,32.4,28.38,73.1,2.86,18.84,0.0,4.02,NORMAL,test
1374,colaba,2001-07-21,7,29.0,28.31,90.0,3.86,12.9,7.6,0.69,NORMAL,train
2795,colaba,2001-07-25,7,25.9,28.17,85.7,3.22,15.65,0.1,-2.27,NORMAL,validation
2584,colaba,2001-08-01,8,29.2,28.05,87.7,5.08,15.25,0.0,1.15,NORMAL,validation
1915,colaba,2001-08-31,8,27.7,28.66,87.3,4.54,,28.9,-0.96,NORMAL,test
414,colaba,2001-09-10,9,28.5,28.97,85.3,1.62,12.91,1.7,-0.47,NORMAL,validation
3654,colaba,2001-09-12,9,29.4,29.09,87.6,3.59,13.4,0.1,0.31,NORMAL,test
1670,colaba,2001-09-15,9,30.6,29.33,83.3,2.39,21.34,0.0,1.27,NORMAL,train
437,colaba,2001-09-21,9,28.4,29.79,85.7,2.64,20.03,7.5,-1.39,NORMAL,train
4730,colaba,2001-10-05,10,36.8,31.06,78.4,1.5,13.65,0.0,5.74,NORMAL,validation
2463,colaba,2001-11-21,11,31.0,32.01,74.3,1.75,17.88,0.0,-1.01,NORMAL,train
4749,colaba,2001-11-25,11,30.5,31.84,72.3,1.64,15.52,0.0,-1.34,NORMAL,train
296,colaba,2001-12-04,12,32.8,31.45,,1.21,17.26,0.0,1.35,NORMAL,train
4995,colaba,2001-12-15,12,34.6,30.89,46.9,1.49,19.42,0.0,3.71,NORMAL,validation
3609,colaba,2001-12-31,12,36.7,30.14,33.7,1.64,21.06,0.0,6.56,SEVERE_HEATWAVE,train
615,colaba,2002-01-10,1,29.9,29.83,62.7,1.98,16.4,0.0,0.07,NORMAL,train
1944,colaba,2002-01-11,1,30.6,29.84,37.1,2.0,19.48,0.0,0.76,NORMAL,validation
2644,colaba,2002-01-25,1,30.6,30.1,73.4,2.12,16.81,0.0,0.5,NORMAL,validation
2920,colaba,2002-01-30,1,35.4,30.25,44.2,1.36,18.46,0.0,5.15,NORMAL,train
4351,colaba,2002-02-08,2,32.1,30.65,32.1,2.6,22.18,0.0,1.45,NORMAL,validation
1844,colaba,2002-02-25,2,33.4,31.72,,2.17,21.65,0.0,1.68,NORMAL,train
2476,colaba,2002-03-01,3,36.3,32.06,14.8,1.5,27.16,0.0,4.24,NORMAL,train
4859,colaba,2002-03-10,3,42.9,32.76,25.6,1.18,30.84,0.0,10.14,SEVERE_HEATWAVE,train
681,colaba,2002-03-16,3,36.8,33.14,,2.05,23.31,0.0,3.66,NORMAL,train
4188,colaba,2002-03-18,3,32.7,33.26,50.0,2.39,23.02,0.0,-0.56,NORMAL,test
3790,colaba,2002-03-27,3,34.7,33.78,43.5,2.49,23.29,0.0,0.92,NORMAL,train
1523,colaba,2002-04-08,4,32.6,34.22,60.6,2.82,26.96,0.0,-1.62,NORMAL,train
1002,colaba,2002-04-11,4,34.8,34.31,56.6,2.09,24.16,0.0,0.49,NORMAL,validation
2436,colaba,2002-04-17,4,33.6,34.49,65.9,1.77,25.33,0.0,-0.89,NORMAL,test
3451,colaba,2002-04-18,4,40.1,34.52,39.9,1.56,27.31,0.0,5.58,HEATWAVE,validation
4203,colaba,2002-05-06,5,38.9,34.73,49.3,3.66,32.0,0.0,4.17,NORMAL,train
336,colaba,2002-05-09,5,39.3,34.72,50.1,2.48,29.19,0.0,4.58,NORMAL,train
3584,colaba,2002-05-17,5,40.5,34.53,39.2,1.97,29.45,0.0,5.97,HEATWAVE,train
3026,colaba,2002-05-18,5,35.2,34.48,72.7,3.25,25.77,0.0,0.72,NORMAL,train
2676,colaba,2002-05-23,5,41.9,34.19,34.4,2.57,30.08,0.0,7.71,SEVERE_HEATWAVE,train
3112,colaba,2002-05-24,5,35.2,34.12,69.2,2.62,25.97,0.0,1.08,NORMAL,test
4501,colaba,2002-06-26,6,32.1,29.71,59.7,5.09,23.77,0.0,2.39,NORMAL,train
413,colaba,2002-06-27,6,33.2,29.61,55.8,3.05,13.63,0.0,3.59,NORMAL,train
4878,colaba,2002-07-17,7,29.0,28.44,85.5,5.39,8.16,4.7,0.56,NORMAL,train
2937,colaba,2002-08-01,8,28.5,28.05,88.6,1.77,7.24,0.0,0.45,NORMAL,test
890,colaba,2002-08-02,8,29.3,28.04,83.2,1.96,7.59,32.0,1.26,NORMAL,train
2014,colaba,2002-08-09,8,25.9,28.08,89.5,1.8,8.44,,-2.18,NORMAL,test
1484,colaba,2002-08-21,8,29.4,28.28,86.8,4.68,19.66,0.0,1.12,NORMAL,train
3001,colaba,2002-08-27,8,30.3,28.5,86.6,2.99,11.11,0.0,1.8,NORMAL,test
3724,colaba,2002-09-17,9,27.6,29.49,92.6,2.18,13.62,11.2,-1.89,NORMAL,train
2160,colaba,2002-09-29,9,32.0,30.48,88.4,1.01,24.38,5.2,1.52,NORMAL,train
2527,colaba,2002-10-04,10,26.1,30.96,82.6,2.06,21.5,24.9,-4.86,NORMAL,train
343,colaba,2002-10-06,10,34.1,31.16,64.0,1.22,18.15,25.2,2.94,NORMAL,train
606,colaba,2002-10-14,10,29.9,31.85,81.4,2.65,22.14,0.0,-1.95,NORMAL,train
1107,colaba,2002-10-20,10,37.2,32.21,75.9,1.88,17.97,0.0,4.99,HEATWAVE,train
3458,colaba,2002-10-22,10,33.1,32.32,86.3,2.47,21.63,0.0,0.78,NORMAL,validation
4769,colaba,2002-10-27,10,36.6,32.47,47.9,2.06,21.51,0.0,4.13,NORMAL,train
986,colaba,2002-11-06,11,31.7,32.47,78.3,1.89,16.57,14.2,-0.77,NORMAL,train
1554,colaba,2002-11-07,11,37.2,32.45,56.9,2.05,17.35,0.0,4.75,HEATWAVE,train
4140,colaba,2002-11-09,11,32.6,32.42,,2.76,20.68,0.0,0.18,NORMAL,train
4966,colaba,2002-11-15,11,31.3,32.26,71.9,2.25,16.03,3.1,-0.96,NORMAL,test
2048,colaba,2002-11-21,11,31.4,32.01,68.9,2.26,17.16,0.0,-0.61,NORMAL,train
1571,colaba,2002-11-22,11,32.2,31.97,59.7,2.01,16.57,0.0,0.23,NORMAL,train
4736,colaba,2002-12-01,12,31.8,31.57,44.3,1.75,14.46,0.0,0.23,NORMAL,train
628,colaba,2002-12-06,12,37.5,31.37,59.1,1.43,19.5,0.0,6.13,HEATWAVE,test
1979,colaba,2002-12-07,12,31.6,31.32,70.6,1.44,18.5,0.0,0.28,NORMAL,train
466,colaba,2002-12-19,12,30.8,30.64,63.0,1.16,17.28,3.4,0.16,NORMAL,test
752,colaba,2002-12-29,12,27.9,30.19,41.5,1.75,20.19,0.0,-2.29,NORMAL,train
4714,colaba,2003-01-03,1,29.4,30.02,74.3,2.3,15.21,0.0,-0.62,NORMAL,train
3728,colaba,2003-01-18,1,29.1,29.95,39.6,1.63,21.34,0.0,-0.85,NORMAL,train
533,colaba,2003-01-31,1,31.5,30.28,37.6,1.49,18.67,0.0,1.22,NORMAL,validation
6,colaba,2003-03-26,3,34.4,33.72,42.4,1.68,27.01,,0.68,NORMAL,train
1638,colaba,2003-04-15,4,41.4,34.43,24.1,1.61,29.29,0.0,6.97,SEVERE_HEATWAVE,train
995,colaba,2003-04-18,4,40.6,34.52,38.3,1.93,27.97,0.0,6.08,HEATWAVE,train
801,colaba,2003-04-20,4,33.7,34.58,58.3,1.86,24.46,0.0,-0.88,NORMAL,train
2577,colaba,2003-05-02,5,40.7,34.72,47.4,3.34,30.58,0.0,5.98,HEATWAVE,train
1013,colaba,2003-05-13,5,42.2,34.65,26.8,3.26,24.95,0.0,7.55,SEVERE_HEATWAVE,test
2746,colaba,2003-05-16,5,38.5,34.56,55.1,2.18,27.91,0.0,3.94,NORMAL,train
791,colaba,2003-05-26,5,38.8,33.95,46.6,,22.31,0.0,4.85,HEATWAVE,train
4926,colaba,2003-06-12,6,37.1,31.69,56.6,1.73,21.98,0.0,5.41,HEATWAVE,test
4045,colaba,2003-06-20,6,39.4,30.48,44.6,4.18,17.58,,8.92,SEVERE_HEATWAVE,train
1893,colaba,2003-07-10,7,29.1,28.8,93.0,6.57,,122.0,0.3,NORMAL,train
3510,colaba,2003-07-15,7,27.8,28.53,86.1,3.65,7.39,8.0,-0.73,NORMAL,train
1045,colaba,2003-07-17,7,28.2,28.44,91.2,2.88,16.44,7.4,-0.24,NORMAL,train
3012,colaba,2003-07-18,7,27.9,28.41,92.3,3.95,11.81,,-0.51,NORMAL,train
696,colaba,2003-07-21,7,32.6,28.31,77.1,2.38,4.48,0.0,4.29,NORMAL,train
3762,colaba,2003-07-25,7,30.8,28.17,81.1,5.2,16.22,,2.63,NORMAL,train
3919,colaba,2003-08-04,8,27.0,28.05,93.2,3.31,12.62,27.3,-1.05,NORMAL,validation
2346,colaba,2003-08-08,8,26.9,28.06,89.3,3.27,14.34,20.6,-1.16,NORMAL,train
2063,colaba,2003-08-11,8,27.3,28.09,90.7,2.58,17.47,5.7,-0.79,NORMAL,train
4685,colaba,2003-08-14,8,29.8,28.11,81.5,2.68,20.3,0.0,1.69,NORMAL,train
4798,colaba,2003-08-21,8,29.7,28.28,85.6,2.65,18.33,0.0,1.42,NORMAL,train
3809,colaba,2003-09-03,9,30.5,28.74,77.1,3.33,8.84,0.0,1.76,NORMAL,test
3264,colaba,2003-09-08,9,28.8,28.88,90.7,1.38,11.35,3.8,-0.08,NORMAL,test
3412,colaba,2003-09-19,9,28.2,29.64,89.1,0.37,20.82,0.0,-1.44,NORMAL,train
3683,colaba,2003-10-06,10,28.9,31.16,77.3,2.11,15.63,0.0,-2.26,NORMAL,train
1435,colaba,2003-10-07,10,29.5,31.26,78.3,2.17,19.41,0.0,-1.76,NORMAL,train
1109,colaba,2003-10-22,10,31.1,32.32,90.7,2.25,13.0,0.3,-1.22,NORMAL,train
3054,colaba,2003-10-28,10,32.7,32.48,66.1,1.15,13.46,0.0,0.22,NORMAL,test
3703,colaba,2003-10-30,10,33.4,32.48,79.4,1.37,30.25,0.0,0.92,NORMAL,validation
4867,colaba,2003-11-07,11,37.1,32.45,44.4,1.66,22.55,0.0,4.65,HEATWAVE,train
1910,colaba,2003-11-12,11,32.4,32.38,73.9,1.2,14.6,0.0,0.02,NORMAL,train
1447,colaba,2003-11-17,11,30.9,32.17,72.6,1.38,18.74,1.6,-1.27,NORMAL,train
4000,colaba,2003-11-23,11,41.1,31.92,30.7,1.47,,0.0,9.18,SEVERE_HEATWAVE,train
1595,colaba,2003-12-05,12,32.5,31.41,59.4,2.13,16.54,0.0,1.09,NORMAL,test
1610,colaba,2003-12-08,12,36.3,31.27,69.1,2.41,17.34,0.0,5.03,NORMAL,train
2593,colaba,2003-12-14,12,30.2,30.94,41.7,1.32,14.1,0.0,-0.74,NORMAL,train
3996,colaba,2003-12-17,12,36.7,30.77,39.8,2.5,16.99,0.0,5.93,NORMAL,validation
1092,colaba,2003-12-18,12,37.0,30.71,71.3,1.21,18.65,0.0,6.29,NORMAL,train
113,colaba,2003-12-27,12,35.5,30.25,53.6,1.24,17.42,0.0,5.25,NORMAL,test
2602,colaba,2003-12-31,12,29.6,30.14,59.7,2.06,17.43,0.0,-0.54,NORMAL,train
4525,colaba,2004-01-16,1,36.3,29.88,35.0,1.75,20.25,0.0,6.42,NORMAL,train
4228,colaba,2004-01-17,1,30.7,29.92,56.2,2.16,17.69,0.0,0.78,NORMAL,train
2250,colaba,2004-02-01,2,26.7,30.31,60.5,2.03,19.23,0.0,-3.61,NORMAL,train
2887,colaba,2004-02-03,2,28.7,30.39,29.1,1.93,17.82,0.0,-1.69,NORMAL,train
2941,colaba,2004-02-04,2,29.2,30.44,46.2,1.85,21.09,0.0,-1.24,NORMAL,train
643,colaba,2004-02-10,2,31.2,30.8,38.7,2.78,21.71,0.0,0.4,NORMAL,train
2667,colaba,2004-02-18,2,39.1,31.28,7.0,1.53,24.17,0.0,7.82,SEVERE_HEATWAVE,validation
1489,colaba,2004-03-02,3,35.8,32.13,39.2,2.16,23.36,0.0,3.67,NORMAL,train
601,colaba,2004-03-09,3,32.3,32.69,22.5,2.31,20.4,0.0,-0.39,NORMAL,validation
4281,colaba,2004-03-13,3,38.5,32.95,21.2,1.56,26.66,0.0,5.55,HEATWAVE,train
2976,colaba,2004-03-24,3,41.5,33.61,29.2,1.91,29.46,0.0,7.89,SEVERE_HEATWAVE,test
2825,colaba,2004-03-26,3,32.7,33.72,59.0,2.0,20.87,0.0,-1.02,NORMAL,validation
2908,colaba,2004-04-04,4,37.2,34.11,40.2,2.69,24.96,0.0,3.09,NORMAL,validation
1698,colaba,2004-04-11,4,36.6,34.31,39.1,2.12,26.31,0.0,2.29,NORMAL,train
1498,colaba,2004-04-20,4,32.3,34.58,42.1,2.69,25.01,0.0,-2.28,NORMAL,test
3629,colaba,2004-05-03,5,38.3,34.73,47.2,1.82,31.53,0.0,3.57,NORMAL,train
2163,colaba,2004-05-04,5,38.7,34.72,50.5,4.15,24.84,0.0,3.98,NORMAL,train
3955,colaba,2004-05-06,5,39.8,34.73,47.4,3.08,25.57,0.0,5.07,HEATWAVE,train
1414,colaba,2004-05-14,5,33.0,34.61,59.4,1.7,27.27,0.0,-1.61,NORMAL,train
507,colaba,2004-05-26,5,33.7,33.95,68.7,2.78,23.36,0.0,-0.25,NORMAL,train
164,colaba,2004-06-01,6,32.4,33.31,87.7,2.25,21.66,7.1,-0.91,NORMAL,train
4352,colaba,2004-07-02,7,28.9,29.21,87.8,4.24,7.75,4.6,-0.31,NORMAL,train
1502,colaba,2004-07-18,7,30.9,28.41,81.9,3.89,7.97,0.0,2.49,NORMAL,test
1054,colaba,2004-07-24,7,30.8,28.2,85.9,4.49,20.39,0.0,2.6,NORMAL,train
4449,colaba,2004-08-17,8,27.0,28.18,91.3,2.33,13.22,11.5,-1.18,NORMAL,train
2449,colaba,2004-08-22,8,28.1,28.32,90.0,2.1,16.37,5.4,-0.22,NORMAL,train
665,colaba,2004-09-28,9,30.9,30.39,88.3,1.85,26.35,65.5,0.51,NORMAL,train
4590,colaba,2004-10-07,10,31.3,31.26,82.2,0.94,18.75,0.0,0.04,NORMAL,train
800,colaba,2004-10-12,10,32.6,31.68,67.5,1.59,21.91,0.0,0.92,NORMAL,train
2314,colaba,2004-10-14,10,37.0,31.85,44.5,1.37,18.33,0.0,5.15,HEATWAVE,train
3588,colaba,2004-11-03,11,38.4,32.48,46.4,1.1,16.6,0.0,5.92,HEATWAVE,train
2708,colaba,2004-11-14,11,30.0,32.3,63.6,2.5,18.19,0.0,-2.3,NORMAL,train
2864,colaba,2004-12-01,12,37.2,31.57,44.1,1.56,16.96,0.0,5.63,NORMAL,train
4929,colaba,2004-12-04,12,32.5,31.45,67.3,0.94,18.11,0.0,1.05,NORMAL,train
214,colaba,2004-12-07,12,34.3,31.32,54.4,1.68,20.71,0.0,2.98,NORMAL,validation
2388,colaba,2004-12-16,12,28.6,30.84,63.6,1.78,16.64,0.0,-2.24,NORMAL,train
220,colaba,2004-12-21,12,30.6,30.52,81.1,1.17,18.5,0.0,0.08,NORMAL,train
4567,colaba,2004-12-25,12,30.6,30.32,56.0,1.46,17.39,0.0,0.28,NORMAL,train
3953,colaba,2004-12-31,12,30.9,30.14,49.6,1.75,17.91,0.0,0.76,NORMAL,test
2264,colaba,2005-01-20,1,30.3,30.02,58.3,1.91,18.86,0.0,0.28,NORMAL,validation
2175,colaba,2005-02-01,2,29.0,30.31,39.2,1.96,19.75,0.0,-1.31,NORMAL,train
2268,colaba,2005-02-24,2,29.8,31.64,26.2,2.83,19.61,0.0,-1.84,NORMAL,train
530,colaba,2005-02-25,2,29.7,31.72,43.5,2.28,21.13,0.0,-2.02,NORMAL,train
4701,colaba,2005-03-08,3,40.9,32.62,5.0,1.78,30.12,0.0,8.28,SEVERE_HEATWAVE,train
371,colaba,2005-03-14,3,38.2,33.01,32.6,2.05,25.69,0.0,5.19,HEATWAVE,train
936,colaba,2005-03-19,3,34.7,33.3,44.4,2.96,24.76,0.0,1.4,NORMAL,validation
4172,colaba,2005-03-21,3,37.0,33.41,43.8,3.13,24.01,0.0,3.59,NORMAL,train
1621,colaba,2005-03-28,3,34.2,33.84,36.6,2.36,23.6,0.0,0.36,NORMAL,train
4338,colaba,2005-04-01,4,33.6,34.01,53.3,2.4,25.75,0.0,-0.41,NORMAL,train
1187,colaba,2005-04-04,4,41.7,34.11,30.1,2.28,29.66,0.0,7.59,SEVERE_HEATWAVE,validation
3465,colaba,2005-04-09,4,33.9,34.25,51.2,2.35,25.32,0.0,-0.35,NORMAL,validation
2282,colaba,2005-04-23,4,33.1,34.64,65.4,2.2,26.6,0.0,-1.54,NORMAL,test
1429,colaba,2005-04-27,4,35.4,34.68,37.6,2.34,25.75,0.0,0.72,NORMAL,train
2770,colaba,2005-05-20,5,34.7,34.37,55.2,2.91,30.9,0.0,0.33,NORMAL,train
4371,colaba,2005-06-05,6,34.1,32.74,64.3,4.14,12.08,0.0,1.36,NORMAL,train
2056,colaba,2005-06-21,6,30.6,30.34,63.0,3.62,24.99,0.0,0.26,NORMAL,train
2660,colaba,2005-06-25,6,27.5,29.82,77.1,3.56,8.95,0.2,-2.32,NORMAL,train
1649,colaba,2005-07-05,7,31.7,29.04,83.0,2.97,15.55,0.0,2.66,NORMAL,train
4863,colaba,2005-07-14,7,26.6,28.58,90.2,4.13,15.2,5.3,-1.98,NORMAL,train
180,colaba,2005-07-28,7,27.3,28.11,84.2,3.55,11.7,11.4,-0.81,NORMAL,train
4735,colaba,2005-08-11,8,29.2,28.09,87.1,2.59,18.0,0.0,1.11,NORMAL,validation
1664,colaba,2005-09-02,9,35.3,28.73,72.9,1.63,24.33,0.0,6.57,NORMAL,train
1121,colaba,2005-09-08,9,29.5,28.88,93.7,3.13,21.37,3.2,0.62,NORMAL,train
355,colaba,2005-09-29,9,29.8,30.48,94.8,2.04,9.81,1.5,-0.68,NORMAL,train
2377,colaba,2005-09-30,9,31.2,30.56,85.2,0.71,9.58,0.7,0.64,NORMAL,validation
3647,colaba,2005-10-01,10,29.6,30.66,76.1,,16.44,0.7,-1.06,NORMAL,validation
2618,colaba,2005-10-04,10,35.6,30.96,70.2,1.52,16.79,0.0,4.64,NORMAL,train
4216,colaba,2005-10-07,10,32.9,31.26,74.2,1.04,19.09,0.0,1.64,NORMAL,validation
4208,colaba,2005-10-15,10,35.6,31.91,58.0,1.45,17.72,0.0,3.69,NORMAL,train
3287,colaba,2005-10-18,10,37.2,32.08,55.1,2.12,18.79,0.0,5.12,HEATWAVE,train
766,colaba,2005-10-23,10,31.7,32.37,86.3,1.3,18.15,8.5,-0.67,NORMAL,train
1720,colaba,2005-10-29,10,32.2,32.49,71.2,1.1,15.35,10.0,-0.29,NORMAL,train
2626,colaba,2005-11-01,11,37.4,32.49,58.5,1.49,17.82,0.0,4.91,HEATWAVE,train
4750,colaba,2005-11-03,11,34.4,32.48,74.3,1.79,22.08,0.0,1.92,NORMAL,train
3990,colaba,2005-11-07,11,36.9,32.45,51.3,1.79,22.46,0.0,4.45,HEATWAVE,train
2009,colaba,2005-11-16,11,37.2,32.22,61.5,1.68,20.81,0.0,4.98,NORMAL,train
2576,colaba,2005-11-28,11,31.1,31.7,52.8,1.97,14.99,0.0,-0.6,NORMAL,validation
2397,colaba,2005-12-03,12,31.3,31.5,69.6,3.38,15.49,0.0,-0.2,NORMAL,train
983,colaba,2005-12-21,12,30.7,30.52,58.8,1.84,18.29,0.0,0.18,NORMAL,train
295,colaba,2005-12-25,12,30.6,30.32,65.7,2.53,15.45,0.0,0.28,NORMAL,validation
4358,colaba,2006-01-03,1,30.8,30.02,34.3,1.92,16.64,0.0,0.78,NORMAL,train
2353,colaba,2006-01-07,1,29.7,29.9,42.1,2.53,17.53,0.0,-0.2,NORMAL,train
2383,colaba,2006-01-11,1,30.2,29.84,48.6,1.97,17.93,0.0,0.36,NORMAL,train
431,colaba,2006-01-23,1,32.7,30.08,42.8,1.65,19.28,0.0,2.62,NORMAL,validation
3698,colaba,2006-01-29,1,30.4,30.2,37.6,1.42,15.8,0.0,0.2,NORMAL,train
4711,colaba,2006-02-10,2,28.1,30.8,29.7,2.34,0.0,0.0,-2.7,NORMAL,test
3849,colaba,2006-02-19,2,31.3,31.34,38.3,1.73,19.63,0.0,-0.04,NORMAL,train
2239,colaba,2006-02-27,2,31.6,31.86,37.1,2.15,18.9,0.0,-0.26,NORMAL,train
1372,colaba,2006-03-09,3,36.3,32.69,25.9,2.44,25.06,0.0,3.61,NORMAL,train
3138,colaba,2006-03-27,3,38.5,33.78,39.0,1.91,28.31,0.0,4.72,HEATWAVE,train
2221,colaba,2006-04-14,4,33.4,34.41,47.2,2.26,24.39,0.0,-1.01,NORMAL,train
2170,colaba,2006-04-25,4,33.3,34.67,56.6,1.8,22.36,0.0,-1.37,NORMAL,validation
1152,colaba,2006-04-28,4,35.9,34.69,48.0,2.46,25.2,0.0,1.21,NORMAL,train
3241,colaba,2006-05-03,5,37.7,34.73,48.7,2.33,17.45,0.0,2.97,NORMAL,test
1203,colaba,2006-05-09,5,43.5,34.72,33.8,2.04,29.03,0.0,8.78,SEVERE_HEATWAVE,train
2669,colaba,2006-05-10,5,38.0,34.7,49.6,4.35,26.07,0.0,3.3,NORMAL,train
583,colaba,2006-05-19,5,32.7,34.42,62.5,2.55,27.78,0.0,-1.72,NORMAL,train
1732,colaba,2006-05-25,5,40.5,34.04,49.2,3.17,24.74,0.0,6.46,HEATWAVE,train
3379,colaba,2006-06-20,6,29.7,30.48,72.1,3.83,19.66,17.5,-0.78,NORMAL,validation
4407,colaba,2006-07-15,7,28.9,28.53,89.6,3.43,13.64,3.4,0.37,NORMAL,test
523,colaba,2006-07-29,7,28.6,28.09,89.8,4.95,21.09,58.0,0.51,NORMAL,validation
2174,colaba,2006-08-05,8,27.0,28.06,89.7,3.18,28.33,4.9,-1.06,NORMAL,train
969,colaba,2006-08-10,8,28.4,28.08,88.5,5.02,14.73,1.0,0.32,NORMAL,train
3197,colaba,2006-08-28,8,28.9,28.54,91.4,5.34,11.1,20.3,0.36,NORMAL,train
1274,colaba,2006-09-10,9,30.4,28.97,84.5,3.8,12.7,0.0,1.43,NORMAL,train
3230,colaba,2006-09-29,9,31.3,30.48,86.8,0.81,14.61,9.2,0.82,NORMAL,train
3081,colaba,2006-09-30,9,31.7,30.56,85.2,1.49,16.6,0.0,1.14,NORMAL,test
4129,colaba,2006-10-15,10,32.3,31.91,80.9,1.35,23.4,0.0,0.39,NORMAL,train
779,colaba,2006-10-30,10,37.3,32.48,59.3,0.85,25.78,0.0,4.82,HEATWAVE,train
4074,colaba,2006-11-10,11,32.2,32.41,67.8,1.9,16.85,0.0,-0.21,NORMAL,test
3228,colaba,2006-11-21,11,29.9,32.01,67.4,1.76,16.25,0.0,-2.11,NORMAL,train
2523,colaba,2006-12-05,12,37.4,31.41,52.4,1.54,15.88,0.0,5.99,HEATWAVE,train
862,colaba,2006-12-14,12,31.6,30.94,44.1,1.62,15.96,0.0,0.66,NORMAL,test
1230,colaba,2006-12-28,12,33.6,30.22,59.4,1.72,20.99,0.0,3.38,NORMAL,test
965,colaba,2007-01-02,1,28.0,30.06,71.0,2.47,18.16,0.0,-2.06,NORMAL,train
3672,colaba,2007-01-04,1,36.6,29.99,16.5,1.39,18.95,0.0,6.61,SEVERE_HEATWAVE,test
1401,colaba,2007-01-12,1,39.7,29.84,35.9,1.25,23.04,0.0,9.86,SEVERE_HEATWAVE,train
2424,colaba,2007-01-20,1,29.4,30.02,43.6,1.31,13.77,0.0,-0.62,NORMAL,train
1278,colaba,2007-01-31,1,30.5,30.28,63.4,1.85,18.73,0.0,0.22,NORMAL,validation
4313,colaba,2007-02-02,2,37.3,30.35,39.3,1.95,25.18,0.0,6.95,SEVERE_HEATWAVE,train
1190,colaba,2007-02-05,2,37.1,30.48,15.6,1.93,22.04,0.0,6.62,NORMAL,test
2307,colaba,2007-02-12,2,36.5,30.92,41.3,1.32,22.28,0.0,5.58,NORMAL,train
3556,colaba,2007-02-15,2,30.2,31.08,23.9,2.28,23.53,0.0,-0.88,NORMAL,validation
593,colaba,2007-02-21,2,37.3,31.44,35.2,1.61,23.12,0.0,5.86,HEATWAVE,train
957,colaba,2007-03-15,3,38.8,33.08,19.6,2.28,26.82,0.0,5.72,HEATWAVE,test
2668,colaba,2007-03-18,3,36.9,33.26,36.6,2.18,28.06,0.0,3.64,NORMAL,train
4757,colaba,2007-03-30,3,40.5,33.93,34.3,2.24,27.29,0.0,6.57,SEVERE_HEATWAVE,test
288,colaba,2007-04-17,4,39.1,34.49,34.6,1.57,27.53,0.0,4.61,HEATWAVE,train
2294,colaba,2007-04-20,4,35.0,34.58,49.7,1.81,26.14,0.0,0.42,NORMAL,train
3162,colaba,2007-04-25,4,39.1,34.67,37.6,2.15,25.33,0.0,4.43,NORMAL,train
3392,colaba,2007-05-05,5,38.1,34.72,51.0,4.04,30.74,0.0,3.38,NORMAL,train
1340,colaba,2007-05-26,5,38.3,33.95,47.1,2.39,23.98,0.0,4.35,NORMAL,validation
2519,colaba,2007-05-30,5,39.8,33.55,49.1,2.97,27.73,0.0,6.25,HEATWAVE,test
1536,colaba,2007-06-01,6,35.3,33.31,90.1,1.86,19.16,0.0,1.99,NORMAL,train
3060,colaba,2007-06-18,6,28.0,30.75,64.9,2.45,21.61,93.9,-2.75,NORMAL,train
2367,colaba,2007-07-06,7,28.6,28.99,87.7,4.38,13.77,18.4,-0.39,NORMAL,train
2992,colaba,2007-08-03,8,27.6,28.04,88.5,2.77,15.52,19.7,-0.44,NORMAL,train
199,colaba,2007-08-05,8,28.2,28.06,90.5,3.63,7.67,7.7,0.14,NORMAL,train
1686,colaba,2007-08-07,8,28.4,28.05,,3.16,13.43,0.0,0.35,NORMAL,train
804,colaba,2007-08-11,8,27.2,28.09,95.6,2.67,12.47,6.0,-0.89,NORMAL,test
31,colaba,2007-08-13,8,27.7,28.1,90.8,2.43,15.05,16.5,-0.4,NORMAL,validation
3013,colaba,2007-09-20,9,36.2,29.71,67.3,1.37,8.65,0.0,6.49,NORMAL,train
1286,colaba,2007-09-30,9,34.2,30.56,79.3,2.12,23.04,6.5,3.64,NORMAL,train
470,colaba,2007-10-24,10,35.0,32.4,45.9,1.34,21.59,2.1,2.6,NORMAL,train
421,colaba,2007-11-13,11,32.0,32.34,66.1,1.59,17.75,0.0,-0.34,NORMAL,train
1478,colaba,2007-12-13,12,37.3,30.99,18.5,1.55,17.43,0.0,6.31,HEATWAVE,train
120,colaba,2007-12-22,12,37.0,30.47,41.4,1.4,18.88,0.0,6.53,NORMAL,train
2627,colaba,2008-01-16,1,33.8,29.88,39.4,2.18,19.51,0.0,3.92,NORMAL,train
2612,colaba,2008-01-21,1,29.3,30.05,72.8,2.9,18.74,0.0,-0.75,NORMAL,train
4883,colaba,2008-02-04,2,28.7,30.44,55.2,1.39,19.38,0.0,-1.74,NORMAL,train
4599,colaba,2008-02-14,2,33.7,31.04,64.3,1.64,22.93,0.0,2.66,NORMAL,train
4187,colaba,2008-02-16,2,35.0,31.14,15.2,1.86,23.77,0.0,3.86,NORMAL,train
3156,colaba,2008-02-19,2,32.1,31.34,26.1,2.37,21.0,0.0,0.76,NORMAL,train
641,colaba,2008-02-27,2,31.5,31.86,39.9,2.49,22.01,0.0,-0.36,NORMAL,test
41,colaba,2008-03-14,3,33.2,33.01,47.2,1.23,21.6,0.0,0.19,NORMAL,test
107,colaba,2008-03-18,3,34.4,33.26,34.8,2.42,22.24,0.0,1.14,NORMAL,train
1690,colaba,2008-03-21,3,38.5,33.41,51.0,2.11,24.17,0.0,5.09,HEATWAVE,train
796,colaba,2008-04-02,4,34.4,34.04,40.8,2.57,28.42,0.0,0.36,NORMAL,test
279,colaba,2008-04-08,4,35.6,34.22,52.9,2.36,22.07,0.0,1.38,NORMAL,test
1041,colaba,2008-04-15,4,34.0,34.43,55.2,2.15,22.6,0.0,-0.43,NORMAL,train
1352,colaba,2008-04-28,4,34.0,34.69,48.3,1.84,25.79,0.0,-0.69,NORMAL,train
1699,colaba,2008-05-01,5,39.1,34.7,43.0,1.74,25.86,0.0,4.4,NORMAL,train
163,colaba,2008-05-14,5,33.4,34.61,72.3,1.99,28.04,0.0,-1.21,NORMAL,train
1866,colaba,2008-05-17,5,41.3,34.53,55.3,2.7,27.64,0.0,6.77,HEATWAVE,validation
4855,colaba,2008-06-25,6,31.5,29.82,80.0,3.56,18.99,0.0,1.68,NORMAL,train
820,colaba,2008-07-11,7,30.4,28.76,86.3,4.02,13.75,4.7,1.64,NORMAL,train
3427,colaba,2008-07-19,7,23.9,28.38,93.6,2.54,17.28,6.1,-4.48,NORMAL,train
1438,colaba,2008-08-07,8,27.4,28.05,88.4,3.53,26.28,8.5,-0.65,NORMAL,train
3440,colaba,2008-08-11,8,26.5,28.09,94.2,6.09,19.08,27.0,-1.59,NORMAL,train
4073,colaba,2008-08-26,8,28.6,28.46,87.6,3.27,13.32,7.8,0.14,NORMAL,train
1299,colaba,2008-09-03,9,33.1,28.74,74.3,,11.64,14.2,4.36,NORMAL,test
1014,colaba,2008-09-05,9,31.3,28.78,67.2,2.07,25.75,0.0,2.52,NORMAL,train
4075,colaba,2008-09-09,9,28.9,28.92,88.9,2.54,14.44,16.6,-0.02,NORMAL,test
444,colaba,2008-09-14,9,29.4,29.24,85.1,3.52,24.13,16.6,0.16,NORMAL,validation
805,colaba,2008-09-17,9,28.1,29.49,91.2,3.39,15.23,2.0,-1.39,NORMAL,test
3443,colaba,2008-09-23,9,36.7,29.96,69.8,2.27,19.03,0.0,6.74,NORMAL,train
85,colaba,2008-10-01,10,37.7,30.66,65.9,2.16,31.33,0.0,7.04,HEATWAVE,train
3237,colaba,2008-10-04,10,31.2,30.96,74.5,1.21,18.46,0.0,0.24,NORMAL,train
4375,colaba,2008-10-28,10,36.1,32.48,67.6,0.98,15.47,0.0,3.62,NORMAL,train
4873,colaba,2008-11-06,11,37.1,32.47,46.2,1.47,21.57,1.7,4.63,NORMAL,train
3946,colaba,2008-11-07,11,32.8,32.45,68.6,2.2,20.2,0.0,0.35,NORMAL,train
2271,colaba,2008-11-25,11,36.7,31.84,36.1,2.01,13.48,0.0,4.86,NORMAL,train
1895,colaba,2008-11-26,11,34.4,31.79,57.6,1.11,18.41,0.0,2.61,NORMAL,train
2145,colaba,2008-12-15,12,31.3,30.89,61.3,1.39,14.71,0.0,0.41,NORMAL,train
2086,colaba,2008-12-16,12,28.8,30.84,61.5,1.86,,0.0,-2.04,NORMAL,train
4472,colaba,2009-01-04,1,31.6,29.99,35.1,1.85,17.79,0.0,1.61,NORMAL,train
3680,colaba,2009-01-17,1,32.4,29.92,46.7,1.84,18.05,0.0,2.48,NORMAL,train
3779,colaba,2009-02-14,2,39.9,31.04,42.5,1.65,25.41,0.0,8.86,SEVERE_HEATWAVE,train
1199,colaba,2009-02-15,2,35.2,31.08,32.5,1.5,21.01,0.0,4.12,NORMAL,validation
4372,colaba,2009-03-01,3,33.5,32.06,52.6,2.48,22.19,0.0,1.44,NORMAL,train
3859,colaba,2009-03-10,3,33.0,32.76,21.4,2.59,24.5,0.0,0.24,NORMAL,train
3347,colaba,2009-03-14,3,36.1,33.01,44.5,1.62,26.12,0.0,3.09,NORMAL,train
4446,colaba,2009-03-16,3,32.8,33.14,38.8,2.1,22.07,0.0,-0.34,NORMAL,train
3494,colaba,2009-03-22,3,38.3,33.47,61.0,1.33,27.07,0.0,4.83,HEATWAVE,train
513,colaba,2009-04-17,4,38.9,34.49,45.6,1.95,27.89,0.0,4.41,HEATWAVE,train
2906,colaba,2009-04-23,4,34.1,34.64,56.7,2.41,26.8,0.0,-0.54,NORMAL,validation
3910,colaba,2009-04-26,4,35.5,34.68,42.1,2.95,24.43,0.0,0.82,NORMAL,train
4259,colaba,2009-04-30,4,40.6,34.7,26.9,2.07,26.3,0.0,5.9,HEATWAVE,train
1197,colaba,2009-05-23,5,43.6,34.19,35.6,1.24,23.86,0.0,9.41,SEVERE_HEATWAVE,validation
2900,colaba,2009-06-04,6,27.2,32.88,72.1,3.67,23.42,23.6,-5.68,NORMAL,train
2572,colaba,2009-06-20,6,34.9,30.48,73.1,3.35,24.37,0.0,4.42,NORMAL,test
3540,colaba,2009-07-10,7,27.9,28.8,91.3,3.62,16.41,18.6,-0.9,NORMAL,train
894,colaba,2009-07-17,7,29.1,28.44,87.7,4.19,18.21,76.3,0.66,NORMAL,train
716,colaba,2009-07-26,7,27.9,28.15,88.9,4.91,7.38,0.0,-0.25,NORMAL,train
2540,colaba,2009-08-25,8,27.3,28.42,90.5,3.35,14.52,14.3,-1.12,NORMAL,train
2277,colaba,2009-09-20,9,30.2,29.71,95.4,2.03,19.68,13.7,0.49,NORMAL,train
2931,colaba,2009-10-07,10,34.3,31.26,63.7,0.93,19.68,0.0,3.04,NORMAL,train
2588,colaba,2009-10-10,10,36.9,31.53,73.5,0.91,25.52,0.0,5.37,NORMAL,train
3956,colaba,2009-10-16,10,37.0,31.97,64.5,2.31,16.49,0.0,5.03,HEATWAVE,train
302,colaba,2009-10-22,10,33.4,32.32,77.9,1.47,20.63,0.0,1.08,NORMAL,train
3120,colaba,2009-10-27,10,36.8,32.47,63.2,1.85,13.43,0.0,4.33,NORMAL,train
1967,colaba,2009-10-29,10,30.5,32.49,87.4,1.07,21.49,0.0,-1.99,NORMAL,train
3503,colaba,2009-11-06,11,36.7,32.47,62.7,1.24,18.54,0.0,4.23,NORMAL,train
2290,colaba,2009-11-10,11,37.9,32.41,40.8,1.98,20.56,0.0,5.49,HEATWAVE,test
486,colaba,2009-11-16,11,32.1,32.22,68.0,1.31,16.5,0.0,-0.12,NORMAL,validation
2150,colaba,2009-11-17,11,33.7,32.17,48.1,1.89,16.7,0.0,1.53,NORMAL,train
77,colaba,2009-11-26,11,34.4,31.79,68.6,1.71,21.0,0.0,2.61,NORMAL,validation
706,colaba,2009-12-08,12,36.6,31.27,30.1,1.45,21.13,0.0,5.33,NORMAL,train
1516,colaba,2009-12-17,12,38.2,30.77,36.7,1.09,20.19,0.0,7.43,SEVERE_HEATWAVE,test
596,colaba,2009-12-22,12,29.0,30.47,55.0,2.35,20.72,0.0,-1.47,NORMAL,train
723,colaba,2010-01-03,1,30.4,30.02,51.7,2.35,17.29,0.0,0.38,NORMAL,train
1314,colaba,2010-01-12,1,36.7,29.84,49.8,1.37,21.64,0.0,6.86,NORMAL,train
2371,colaba,2010-02-05,2,29.2,30.48,60.6,2.36,21.65,0.0,-1.28,NORMAL,train
1093,colaba,2010-02-11,2,37.8,30.86,15.5,1.07,26.38,0.0,6.94,SEVERE_HEATWAVE,train
4398,colaba,2010-02-25,2,36.6,31.72,36.4,1.6,22.15,0.0,4.88,NORMAL,train
3687,colaba,2010-03-06,3,32.8,32.48,47.0,1.88,25.31,0.0,0.32,NORMAL,test
2293,colaba,2010-03-15,3,33.6,33.08,49.5,2.21,22.08,0.0,0.52,NORMAL,train
3354,colaba,2010-03-23,3,38.5,33.54,34.9,1.95,28.11,0.0,4.96,HEATWAVE,train
4008,colaba,2010-04-01,4,38.4,34.01,47.5,1.65,27.52,0.0,4.39,NORMAL,train
3621,colaba,2010-04-12,4,33.4,34.35,58.4,2.03,23.72,0.0,-0.95,NORMAL,train
2732,colaba,2010-04-13,4,34.0,34.38,,2.7,25.96,0.0,-0.38,NORMAL,validation
1674,colaba,2010-04-16,4,38.6,34.45,29.9,2.16,23.33,0.0,4.15,NORMAL,train
2532,colaba,2010-04-22,4,38.7,34.62,35.8,1.69,20.99,0.0,4.08,NORMAL,train
2742,colaba,2010-05-21,5,35.1,34.31,58.4,3.24,27.62,0.0,0.79,NORMAL,train
1164,colaba,2010-05-26,5,43.0,33.95,31.1,1.74,25.77,0.0,9.05,SEVERE_HEATWAVE,validation
1890,colaba,2010-06-11,6,30.5,31.83,72.0,4.93,8.11,0.0,-1.33,NORMAL,train
605,colaba,2010-06-21,6,32.5,30.34,80.6,3.05,18.57,0.0,2.16,NORMAL,train
1519,colaba,2010-06-24,6,29.7,29.95,92.3,3.92,20.29,0.2,-0.25,NORMAL,train
2545,colaba,2010-07-02,7,28.0,29.21,90.5,3.3,16.42,2.4,-1.21,NORMAL,train
4344,colaba,2010-07-03,7,31.3,29.15,86.0,2.38,11.35,2.2,2.15,NORMAL,train
136,colaba,2010-07-10,7,29.5,28.8,82.9,4.52,11.54,0.0,0.7,NORMAL,train
2979,colaba,2010-07-17,7,28.5,28.44,92.4,2.49,22.16,0.0,0.06,NORMAL,train
1888,colaba,2010-07-22,7,25.7,28.27,86.9,3.05,19.06,3.7,-2.57,NORMAL,train
3127,colaba,2010-08-03,8,29.7,28.04,83.5,4.41,7.9,0.0,1.66,NORMAL,train
808,colaba,2010-08-15,8,26.4,28.14,90.5,2.42,15.26,14.7,-1.74,NORMAL,train
2971,colaba,2010-08-17,8,28.0,28.18,88.7,2.63,17.22,0.0,-0.18,NORMAL,test
1650,colaba,2010-08-22,8,29.9,28.32,85.1,4.34,13.33,0.0,1.58,NORMAL,train
671,colaba,2010-08-26,8,29.9,28.46,87.8,3.66,18.49,,1.44,NORMAL,train
4773,colaba,2010-08-29,8,28.8,28.58,90.8,3.42,11.06,61.9,0.22,NORMAL,train
2652,colaba,2010-08-31,8,26.9,28.66,91.5,4.65,8.11,20.1,-1.76,NORMAL,test
2220,colaba,2010-09-12,9,24.5,29.09,84.3,2.4,12.47,36.1,-4.59,NORMAL,test
3921,colaba,2010-09-13,9,28.5,29.16,91.3,3.68,15.2,15.8,-0.66,NORMAL,train
2932,colaba,2010-09-19,9,31.5,29.64,85.2,2.63,19.12,0.0,1.86,NORMAL,train
1130,colaba,2010-10-07,10,28.2,31.26,70.5,0.91,20.05,0.0,-3.06,NORMAL,train
4747,colaba,2010-10-16,10,33.6,31.97,81.0,2.51,18.75,0.0,1.63,NORMAL,validation
2765,colaba,2010-10-17,10,32.9,32.02,81.5,1.66,18.96,,0.88,NORMAL,train
1563,colaba,2010-10-28,10,37.3,32.48,65.9,1.51,14.36,,4.82,HEATWAVE,validation
200,colaba,2010-11-12,11,32.9,32.38,72.3,3.41,13.89,0.0,0.52,NORMAL,train
786,colaba,2010-11-24,11,36.1,31.88,54.2,1.83,17.95,0.0,4.22,NORMAL,train
2622,colaba,2010-11-26,11,38.7,31.79,25.8,0.85,21.3,0.0,6.91,SEVERE_HEATWAVE,validation
3270,colaba,2010-11-27,11,31.1,31.75,75.0,1.73,17.16,0.0,-0.65,NORMAL,train
1508,colaba,2010-12-02,12,40.0,31.54,35.7,1.14,20.6,0.0,8.46,SEVERE_HEATWAVE,test
597,colaba,2010-12-04,12,31.4,31.45,65.4,1.41,16.49,0.0,-0.05,NORMAL,train
2939,colaba,2010-12-12,12,37.9,31.05,45.6,1.64,21.69,0.0,6.85,SEVERE_HEATWAVE,train
3418,colaba,2010-12-18,12,31.3,30.71,59.0,2.36,16.46,0.0,0.59,NORMAL,test
4309,colaba,2011-01-03,1,37.1,30.02,36.0,2.01,23.53,0.0,7.08,SEVERE_HEATWAVE,train
2159,colaba,2011-01-09,1,36.9,29.85,28.4,1.53,21.99,0.0,7.05,NORMAL,test
4346,colaba,2011-01-20,1,28.3,30.02,42.1,1.74,17.54,0.0,-1.72,NORMAL,train
1035,colaba,2011-01-28,1,36.5,30.17,44.0,1.7,20.44,0.0,6.33,NORMAL,train
2302,colaba,2011-02-02,2,37.4,30.35,23.7,1.97,24.13,0.0,7.05,SEVERE_HEATWAVE,train
858,colaba,2011-02-12,2,32.6,30.92,36.6,1.66,21.92,0.0,1.68,NORMAL,validation
4920,colaba,2011-02-14,2,30.6,31.04,50.6,2.01,20.22,0.0,-0.44,NORMAL,test
2158,colaba,2011-02-22,2,30.6,31.5,69.4,2.47,20.91,0.0,-0.9,NORMAL,train
2915,colaba,2011-03-13,3,37.0,32.95,32.8,1.45,23.71,0.0,4.05,NORMAL,train
4876,colaba,2011-03-25,3,38.4,33.66,66.2,1.76,26.97,0.0,4.74,HEATWAVE,train
4882,colaba,2011-03-30,3,35.7,33.93,15.6,2.66,24.3,0.0,1.77,NORMAL,train
2202,colaba,2011-04-12,4,35.9,34.35,59.6,3.32,26.78,0.0,1.55,NORMAL,train
2050,colaba,2011-04-14,4,40.2,34.41,49.2,1.51,27.09,0.0,5.79,HEATWAVE,validation
807,colaba,2011-04-21,4,35.6,34.6,51.5,2.21,22.57,0.0,1.0,NORMAL,train
3043,colaba,2011-04-24,4,35.3,34.66,36.2,1.98,25.15,0.0,0.64,NORMAL,test
3927,colaba,2011-05-16,5,35.0,34.56,64.0,2.4,31.46,,0.44,NORMAL,test
1456,colaba,2011-05-18,5,38.7,34.48,41.0,2.35,24.34,0.0,4.22,NORMAL,test
1588,colaba,2011-05-31,5,40.3,33.43,47.9,1.55,28.92,0.0,6.87,HEATWAVE,validation
4112,colaba,2011-06-02,6,35.5,33.16,82.0,2.13,6.45,0.0,2.34,NORMAL,test
2989,colaba,2011-06-08,6,38.7,32.31,67.8,2.54,19.21,0.0,6.39,HEATWAVE,test
2866,colaba,2011-06-16,6,33.6,31.06,83.3,3.99,11.81,0.0,2.54,NORMAL,train
4396,colaba,2011-06-29,6,31.5,29.43,75.5,2.89,9.47,0.0,2.07,NORMAL,train
4324,colaba,2011-07-11,7,30.6,28.76,89.8,2.91,21.69,0.0,1.84,NORMAL,test
3368,colaba,2011-07-18,7,27.1,28.41,88.9,3.63,17.17,47.1,-1.31,NORMAL,train
4925,colaba,2011-07-22,7,25.8,28.27,93.7,6.74,15.28,2.1,-2.47,NORMAL,train
315,colaba,2011-07-25,7,31.2,28.17,81.5,3.5,11.51,0.0,3.03,NORMAL,train
4186,colaba,2011-07-28,7,32.4,28.11,80.1,5.09,20.72,0.0,4.29,NORMAL,train
2382,colaba,2011-08-02,8,26.9,28.04,90.8,4.75,18.32,3.8,-1.14,NORMAL,train
3826,colaba,2011-08-09,8,27.8,28.08,89.6,0.0,19.7,30.4,-0.28,NORMAL,train
1807,colaba,2011-08-24,8,29.6,28.38,88.3,1.43,17.38,10.6,1.22,NORMAL,train
427,colaba,2011-09-25,9,29.2,30.14,86.3,1.79,15.22,8.0,-0.94,NORMAL,train
907,colaba,2011-09-27,9,31.3,30.3,87.2,1.73,11.35,0.0,1.0,NORMAL,train
2777,colaba,2011-10-16,10,36.9,31.97,48.9,1.85,20.56,0.0,4.93,HEATWAVE,train
571,colaba,2011-11-10,11,31.5,32.41,82.2,2.27,15.5,0.0,-0.91,NORMAL,validation
2152,colaba,2011-11-20,11,32.0,32.06,76.7,1.51,19.18,0.0,-0.06,NORMAL,train
1389,colaba,2011-11-21,11,30.9,32.01,74.5,2.57,19.39,0.0,-1.11,NORMAL,train
2803,colaba,2011-12-13,12,39.8,30.99,29.5,1.31,19.47,0.0,8.81,SEVERE_HEATWAVE,test
2934,colaba,2012-01-07,1,29.7,29.9,62.4,2.51,18.65,0.0,-0.2,NORMAL,validation
430,colaba,2012-01-12,1,28.0,29.84,50.6,2.22,18.18,0.0,-1.84,NORMAL,train
4777,colaba,2012-01-17,1,33.8,29.92,43.2,2.19,16.98,0.0,3.88,NORMAL,train
1385,colaba,2012-01-19,1,31.1,29.99,51.4,1.88,22.03,0.0,1.11,NORMAL,train
2252,colaba,2012-01-28,1,31.2,30.17,68.9,1.86,17.27,0.0,1.03,NORMAL,train
4586,colaba,2012-01-30,1,36.8,30.25,39.2,2.16,24.39,0.0,6.55,NORMAL,validation
2445,colaba,2012-02-01,2,34.3,30.31,27.9,2.39,0.0,0.0,3.99,NORMAL,test
949,colaba,2012-02-04,2,31.8,30.44,26.7,1.92,20.71,0.0,1.36,NORMAL,train
4191,colaba,2012-02-08,2,31.9,30.65,43.5,2.49,20.92,0.0,1.25,NORMAL,train
2254,colaba,2012-02-11,2,34.3,30.86,48.9,1.92,25.24,0.0,3.44,NORMAL,train
2511,colaba,2012-02-21,2,31.7,31.44,55.5,2.71,22.42,0.0,0.26,NORMAL,train
3186,colaba,2012-03-05,3,37.4,32.4,50.8,1.34,25.97,0.0,5.0,HEATWAVE,train
905,colaba,2012-03-09,3,37.3,32.69,19.4,1.67,29.29,0.0,4.61,HEATWAVE,test
1803,colaba,2012-03-10,3,35.9,32.76,38.7,2.14,23.11,0.0,3.14,NORMAL,validation
859,colaba,2012-03-15,3,34.3,33.08,33.4,1.92,24.84,0.0,1.22,NORMAL,test
3941,colaba,2012-04-13,4,34.8,34.38,53.4,2.51,25.6,0.0,0.42,NORMAL,train
2631,colaba,2012-04-14,4,40.9,34.41,35.2,1.7,30.33,0.0,6.49,HEATWAVE,train
1569,colaba,2012-04-28,4,32.6,34.69,50.8,2.34,21.18,0.0,-2.09,NORMAL,train
3396,colaba,2012-05-04,5,37.1,34.72,42.1,1.87,25.43,0.0,2.38,NORMAL,train
4083,colaba,2012-05-12,5,41.2,34.67,50.6,2.6,22.32,0.0,6.53,SEVERE_HEATWAVE,test
3006,colaba,2012-05-14,5,42.6,34.61,32.0,1.42,27.71,0.0,7.99,SEVERE_HEATWAVE,test
449,colaba,2012-05-24,5,38.2,34.12,43.1,1.82,25.81,0.0,4.08,NORMAL,train
3706,colaba,2012-05-25,5,38.6,34.04,45.1,2.26,28.19,0.0,4.56,HEATWAVE,train
173,colaba,2012-05-27,5,33.9,33.87,61.9,2.75,26.88,0.0,0.03,NORMAL,train
1171,colaba,2012-06-09,6,32.4,32.14,83.0,4.23,25.42,0.0,0.26,NORMAL,train
4866,colaba,2012-06-23,6,34.5,30.08,77.9,1.74,25.44,0.0,4.42,NORMAL,train
3286,colaba,2012-06-27,6,31.5,29.61,59.2,4.59,15.06,0.0,1.89,NORMAL,test
265,colaba,2012-07-27,7,28.3,28.14,85.9,3.35,10.79,,0.16,NORMAL,train
1991,colaba,2012-08-03,8,27.6,28.04,88.0,4.31,11.63,29.9,-0.44,NORMAL,train
1913,colaba,2012-08-04,8,28.7,28.05,,5.25,16.77,0.5,0.65,NORMAL,train
2164,colaba,2012-08-06,8,30.0,28.05,85.7,2.64,20.61,0.0,1.95,NORMAL,test
152,colaba,2012-08-14,8,28.0,28.11,89.8,3.37,15.24,0.5,-0.11,NORMAL,train
366,colaba,2012-08-23,8,28.1,28.35,88.5,3.69,17.48,1.8,-0.25,NORMAL,validation
3974,colaba,2012-08-31,8,28.3,28.66,88.6,2.95,7.83,56.9,-0.36,NORMAL,train
691,colaba,2012-09-12,9,28.9,29.09,91.1,0.0,17.31,37.3,-0.19,NORMAL,train
1924,colaba,2012-10-08,10,37.4,31.35,68.1,1.19,24.15,0.0,6.05,NORMAL,test
813,colaba,2012-10-14,10,31.7,31.85,78.1,1.99,23.74,0.0,-0.15,NORMAL,test
3570,colaba,2012-11-12,11,36.8,32.38,57.0,1.79,21.19,0.0,4.42,NORMAL,train
1056,colaba,2012-11-14,11,31.7,32.3,81.9,2.0,12.95,0.0,-0.6,NORMAL,test
2707,colaba,2012-11-17,11,32.4,32.17,85.3,1.84,19.94,0.0,0.23,NORMAL,train
1520,colaba,2012-11-19,11,36.7,32.1,68.6,1.55,24.94,0.0,4.6,NORMAL,train
386,colaba,2012-11-24,11,29.7,31.88,75.0,2.58,20.89,0.0,-2.18,NORMAL,train
4414,colaba,2012-11-27,11,30.2,31.75,78.5,1.65,18.52,5.6,-1.55,NORMAL,validation
347,colaba,2012-12-05,12,32.1,31.41,44.8,1.63,18.18,0.0,0.69,NORMAL,train
956,colaba,2012-12-07,12,30.9,31.32,55.8,,15.71,0.0,-0.42,NORMAL,train
2905,colaba,2012-12-08,12,37.0,31.27,47.8,2.46,18.86,0.0,5.73,HEATWAVE,train
1330,colaba,2012-12-11,12,36.9,31.11,36.4,0.93,21.81,0.0,5.79,HEATWAVE,train
3765,colaba,2012-12-12,12,30.0,31.05,63.1,2.2,15.38,0.0,-1.05,NORMAL,test
4631,colaba,2012-12-13,12,32.4,30.99,50.6,2.16,18.56,0.0,1.41,NORMAL,train
3533,colaba,2012-12-25,12,32.3,30.32,76.6,2.8,19.66,0.0,1.98,NORMAL,train
4289,colaba,2013-01-02,1,30.5,30.06,64.2,1.83,16.78,0.0,0.44,NORMAL,train
2785,colaba,2013-01-10,1,36.9,29.83,26.0,1.7,20.4,0.0,7.07,NORMAL,train
4373,colaba,2013-01-27,1,27.9,30.14,49.0,3.01,18.42,0.0,-2.24,NORMAL,train
335,colaba,2013-01-31,1,28.5,30.28,32.5,2.19,18.6,0.0,-1.78,NORMAL,train
3648,colaba,2013-02-03,2,29.9,30.39,26.2,2.19,17.89,0.0,-0.49,NORMAL,validation
3557,colaba,2013-02-05,2,31.3,30.48,48.3,1.69,21.52,0.0,0.82,NORMAL,validation
994,colaba,2013-02-12,2,34.4,30.92,33.5,1.66,22.56,0.0,3.48,NORMAL,train
4582,colaba,2013-02-13,2,30.9,30.98,44.9,1.23,18.87,0.0,-0.08,NORMAL,train
2138,colaba,2013-02-21,2,36.4,31.44,41.6,1.39,23.53,0.0,4.96,NORMAL,train
1791,colaba,2013-03-06,3,33.9,32.48,50.1,2.16,,0.0,1.42,NORMAL,train
649,colaba,2013-03-09,3,36.8,32.69,28.6,1.69,28.57,0.0,4.11,NORMAL,validation
1186,colaba,2013-03-15,3,37.5,33.08,23.7,2.8,22.64,0.0,4.42,HEATWAVE,test
3257,colaba,2013-03-20,3,36.0,33.35,28.0,1.9,27.91,0.0,2.65,NORMAL,test
1144,colaba,2013-03-22,3,33.3,33.47,58.6,2.19,25.02,0.0,-0.17,NORMAL,train
406,colaba,2013-04-23,4,38.9,34.64,44.7,1.84,28.56,0.0,4.26,NORMAL,test
4566,colaba,2013-05-10,5,38.5,34.7,45.9,2.36,32.0,0.0,3.8,NORMAL,train
4627,colaba,2013-05-29,5,34.5,33.66,60.8,2.89,23.44,0.0,0.84,NORMAL,validation
3083,colaba,2013-06-04,6,32.3,32.88,99.4,4.9,25.24,59.2,-0.58,NORMAL,test
714,colaba,2013-06-16,6,32.1,31.06,72.6,3.69,19.89,16.6,1.04,NORMAL,train
3981,colaba,2013-06-27,6,26.8,29.61,80.5,1.49,17.8,,-2.81,NORMAL,train
4933,colaba,2013-06-29,6,24.7,29.43,70.5,3.37,25.42,39.2,-4.73,NORMAL,test
1788,colaba,2013-07-06,7,33.0,28.99,76.8,4.04,12.08,0.0,4.01,NORMAL,train
4469,colaba,2013-07-16,7,30.7,28.48,84.5,3.81,16.64,0.0,2.22,NORMAL,train
3352,colaba,2013-08-01,8,28.3,28.05,87.6,3.24,4.83,11.7,0.25,NORMAL,train
1245,colaba,2013-08-18,8,27.7,28.19,88.1,5.22,15.45,1.6,-0.49,NORMAL,test
2841,colaba,2013-08-20,8,27.9,28.24,90.7,5.68,18.79,4.6,-0.34,NORMAL,train
902,colaba,2013-08-26,8,30.3,28.46,83.2,4.33,13.7,8.6,1.84,NORMAL,test
2513,colaba,2013-08-27,8,28.5,28.5,90.8,4.38,8.56,53.6,0.0,NORMAL,train
1939,colaba,2013-09-08,9,29.7,28.88,87.4,2.29,22.96,25.4,0.82,NORMAL,test
1426,colaba,2013-09-10,9,30.3,28.97,81.1,2.57,26.64,0.0,1.33,NORMAL,train
2032,colaba,2013-09-16,9,29.6,29.41,88.3,1.27,19.86,1.2,0.19,NORMAL,test
1814,colaba,2013-10-09,10,32.3,31.45,71.2,1.96,23.77,0.0,0.85,NORMAL,train
4708,colaba,2013-10-15,10,36.8,31.91,75.7,1.41,17.81,0.0,4.89,NORMAL,train
4897,colaba,2013-10-26,10,33.1,32.44,57.3,1.82,17.33,0.0,0.66,NORMAL,train
4842,colaba,2013-11-08,11,33.4,32.44,57.7,1.49,,0.0,0.96,NORMAL,train
2896,colaba,2013-12-03,12,29.5,31.5,50.2,2.12,18.14,0.0,-2.0,NORMAL,train
4770,colaba,2014-01-01,1,33.1,30.1,59.4,2.24,17.46,0.0,3.0,NORMAL,test
3962,colaba,2014-01-04,1,29.1,29.99,50.0,,20.76,0.0,-0.89,NORMAL,train
2488,colaba,2014-01-11,1,37.8,29.84,17.4,1.3,22.33,0.0,7.96,SEVERE_HEATWAVE,validation
2951,colaba,2014-01-24,1,27.0,30.09,34.5,1.47,22.1,0.0,-3.09,NORMAL,validation
39,colaba,2014-01-28,1,30.0,30.17,60.8,1.9,19.53,0.0,-0.17,NORMAL,train
3360,colaba,2014-02-03,2,32.2,30.39,31.7,2.16,23.5,0.0,1.81,NORMAL,train
2005,colaba,2014-02-08,2,39.7,30.65,15.0,1.03,23.73,0.0,9.05,SEVERE_HEATWAVE,train
678,colaba,2014-02-12,2,36.9,30.92,16.4,1.89,22.4,0.0,5.98,NORMAL,train
3559,colaba,2014-02-15,2,42.9,31.08,5.0,1.55,28.38,0.0,11.82,SEVERE_HEATWAVE,train
1539,colaba,2014-02-26,2,32.6,31.79,35.1,2.07,20.36,0.0,0.81,NORMAL,train
96,colaba,2014-03-04,3,31.4,32.31,54.2,2.28,26.03,0.4,-0.91,NORMAL,train
2559,colaba,2014-03-13,3,38.8,32.95,17.9,1.88,23.33,,5.85,HEATWAVE,train
632,colaba,2014-03-16,3,37.4,33.14,28.1,1.78,26.99,0.0,4.26,NORMAL,train
3394,colaba,2014-03-26,3,37.9,33.72,32.0,1.51,23.37,0.0,4.18,NORMAL,train
4788,colaba,2014-03-31,3,40.5,33.98,16.6,1.74,24.38,0.0,6.52,HEATWAVE,train
928,colaba,2014-04-08,4,39.7,34.22,40.8,2.2,28.93,0.0,5.48,HEATWAVE,train
4117,colaba,2014-04-19,4,35.6,34.55,58.6,2.46,25.02,0.0,1.05,NORMAL,train
3932,colaba,2014-04-28,4,39.7,34.69,28.6,2.32,28.48,0.0,5.01,HEATWAVE,train
3198,colaba,2014-04-29,4,39.7,34.69,35.9,1.81,30.06,0.0,5.01,HEATWAVE,train
4579,colaba,2014-05-07,5,39.6,34.72,47.6,2.2,23.24,0.0,4.88,HEATWAVE,train
2410,colaba,2014-05-25,5,38.1,34.04,42.2,3.53,29.79,0.0,4.06,HEATWAVE,train
1687,colaba,2014-05-27,5,40.9,33.87,40.7,2.47,28.22,0.0,7.03,SEVERE_HEATWAVE,train
3858,colaba,2014-05-28,5,38.1,33.77,58.5,2.96,24.44,0.0,4.33,NORMAL,validation
2948,colaba,2014-06-12,6,35.8,31.69,83.1,4.42,10.26,0.0,4.11,NORMAL,train
3004,colaba,2014-06-13,6,29.5,31.53,65.4,2.85,22.9,1.9,-2.03,NORMAL,train
673,colaba,2014-06-17,6,34.4,30.91,79.5,2.31,16.91,0.0,3.49,NORMAL,test
2200,colaba,2014-06-21,6,33.5,30.34,61.5,2.58,30.76,0.0,3.16,NORMAL,validation
1161,colaba,2014-06-30,6,35.1,29.36,76.6,1.82,25.32,0.0,5.74,NORMAL,train
3302,colaba,2014-07-05,7,29.6,29.04,92.0,4.24,12.5,,0.56,NORMAL,validation
4050,colaba,2014-07-19,7,27.4,28.38,91.8,4.48,23.59,41.5,-0.98,NORMAL,test
2574,colaba,2014-07-25,7,25.8,28.17,92.1,3.81,11.74,40.7,-2.37,NORMAL,train
881,colaba,2014-07-26,7,27.7,28.15,88.5,4.41,13.19,,-0.45,NORMAL,train
2430,colaba,2014-08-10,8,34.4,28.08,71.8,2.04,10.02,0.0,6.32,NORMAL,train
1480,colaba,2014-08-22,8,28.2,28.32,90.6,3.66,,11.1,-0.12,NORMAL,train
3203,colaba,2014-08-28,8,36.1,28.54,70.8,1.83,18.26,0.0,7.56,NORMAL,train
2784,colaba,2014-08-30,8,29.6,28.62,89.7,2.31,18.08,0.0,0.98,NORMAL,train
4732,colaba,2014-09-08,9,29.0,28.88,89.6,3.52,9.78,4.7,0.12,NORMAL,train
3817,colaba,2014-09-14,9,25.2,29.24,91.6,1.39,8.45,14.1,-4.04,NORMAL,train
1993,colaba,2014-09-15,9,30.7,29.33,80.7,,15.06,4.1,1.37,NORMAL,validation
2447,colaba,2014-09-27,9,37.3,30.3,70.6,4.06,19.96,0.0,7.0,NORMAL,train
1270,colaba,2014-10-08,10,30.2,31.35,84.2,1.74,10.18,0.0,-1.15,NORMAL,train
1694,colaba,2014-11-02,11,34.1,32.49,68.0,1.84,18.59,0.0,1.61,NORMAL,validation
2261,colaba,2014-11-11,11,32.7,32.4,70.9,1.89,18.88,0.0,0.3,NORMAL,train
1406,colaba,2014-11-15,11,33.5,32.26,60.5,1.54,,0.0,1.24,NORMAL,validation
4403,colaba,2014-11-19,11,33.1,32.1,55.3,1.76,15.44,0.0,1.0,NORMAL,train
2194,colaba,2014-11-26,11,37.2,31.79,59.2,2.74,23.2,0.0,5.41,HEATWAVE,train
4840,colaba,2014-12-22,12,31.6,30.47,44.2,1.74,13.5,0.0,1.13,NORMAL,test
1846,colaba,2015-01-03,1,28.6,30.02,52.2,1.97,17.88,0.0,-1.42,NORMAL,train
1751,colaba,2015-01-13,1,37.3,29.85,48.5,2.03,24.11,0.0,7.45,SEVERE_HEATWAVE,train
663,colaba,2015-01-19,1,37.4,29.99,37.2,1.69,22.19,0.0,7.41,SEVERE_HEATWAVE,test
650,colaba,2015-01-23,1,33.2,30.08,38.3,1.79,21.18,0.0,3.12,NORMAL,validation
2058,colaba,2015-02-01,2,34.4,30.31,31.2,2.5,25.88,0.0,4.09,NORMAL,validation
1900,colaba,2015-02-17,2,31.3,31.21,49.6,1.71,23.83,0.0,0.09,NORMAL,train
595,colaba,2015-02-19,2,30.2,31.34,42.1,1.62,23.57,0.0,-1.14,NORMAL,train
4853,colaba,2015-03-01,3,32.6,32.06,49.1,2.21,24.76,0.0,0.54,NORMAL,train
1369,colaba,2015-03-02,3,30.6,32.13,31.4,2.0,22.82,0.0,-1.53,NORMAL,train
3742,colaba,2015-03-03,3,31.7,32.22,63.0,2.09,21.03,0.0,-0.52,NORMAL,train
620,colaba,2015-03-20,3,34.4,33.35,23.4,2.04,26.23,0.0,1.05,NORMAL,test
1423,colaba,2015-04-03,4,40.9,34.07,36.9,1.74,30.35,0.0,6.83,SEVERE_HEATWAVE,train
1911,colaba,2015-04-09,4,43.8,34.25,23.4,1.58,31.84,0.0,9.55,SEVERE_HEATWAVE,train
4993,colaba,2015-04-13,4,41.4,34.38,19.4,1.79,32.0,0.0,7.02,SEVERE_HEATWAVE,test
2579,colaba,2015-04-29,4,40.5,34.69,33.1,1.06,27.87,0.0,5.81,HEATWAVE,train
3058,colaba,2015-05-06,5,39.8,34.73,49.3,2.87,26.62,0.0,5.07,HEATWAVE,train
4819,colaba,2015-05-27,5,42.7,33.87,32.1,2.31,29.42,0.0,8.83,SEVERE_HEATWAVE,test
1806,colaba,2015-06-07,6,37.5,32.46,69.5,3.62,25.34,0.0,5.04,HEATWAVE,train
3311,colaba,2015-06-14,6,26.6,31.38,87.2,2.93,27.13,29.8,-4.78,NORMAL,train
3803,colaba,2015-06-27,6,26.0,29.61,92.3,5.56,22.46,9.4,-3.61,NORMAL,train
2998,colaba,2015-07-12,7,28.2,28.71,90.2,6.07,16.64,0.3,-0.51,NORMAL,train
731,colaba,2015-07-16,7,27.8,28.48,,3.59,15.16,9.5,-0.68,NORMAL,train
4698,colaba,2015-07-29,7,33.2,28.09,71.4,3.34,20.21,0.0,5.11,NORMAL,train
2234,colaba,2015-08-05,8,29.6,28.06,89.0,2.78,16.58,50.8,1.54,NORMAL,train
798,colaba,2015-08-28,8,28.1,28.54,90.5,3.35,12.1,20.1,-0.44,NORMAL,test
100,colaba,2015-08-29,8,29.1,28.58,86.4,4.06,9.27,0.0,0.52,NORMAL,train
707,colaba,2015-09-05,9,27.5,28.78,83.3,2.46,28.15,4.6,-1.28,NORMAL,train
4555,colaba,2015-09-21,9,29.8,29.79,85.4,2.18,17.38,0.0,0.01,NORMAL,validation
4552,colaba,2015-10-03,10,28.2,30.85,63.1,1.74,15.76,5.7,-2.65,NORMAL,train
2769,colaba,2015-10-04,10,33.4,30.96,71.1,1.73,17.73,0.0,2.44,NORMAL,train
4490,colaba,2015-10-15,10,30.4,31.91,74.8,2.25,24.43,0.0,-1.51,NORMAL,train
49,colaba,2015-11-02,11,41.5,32.49,29.2,1.14,19.87,0.0,9.01,SEVERE_HEATWAVE,train
2872,colaba,2015-11-10,11,33.6,32.41,49.6,1.73,15.26,0.0,1.19,NORMAL,train
1541,colaba,2015-11-14,11,37.2,32.3,50.6,1.64,18.45,0.0,4.9,HEATWAVE,train
521,colaba,2015-12-28,12,32.5,30.22,53.3,2.0,14.59,0.0,2.28,NORMAL,train
1425,colaba,2016-01-07,1,32.2,29.9,55.0,1.31,24.11,0.0,2.3,NORMAL,validation
2034,colaba,2016-01-09,1,33.4,29.85,48.0,1.31,19.57,0.0,3.55,NORMAL,train
4795,colaba,2016-01-13,1,30.4,29.85,52.7,1.94,16.36,0.0,0.55,NORMAL,validation
4893,colaba,2016-01-16,1,36.5,29.88,30.2,1.46,20.78,0.0,6.62,NORMAL,test
222,colaba,2016-01-23,1,28.7,30.08,47.1,1.39,17.96,0.0,-1.38,NORMAL,train
4606,colaba,2016-01-27,1,37.1,30.14,26.4,1.51,23.16,0.0,6.96,SEVERE_HEATWAVE,validation
4587,colaba,2016-02-12,2,30.9,30.92,37.1,2.07,23.31,0.0,-0.02,NORMAL,train
1066,colaba,2016-02-15,2,30.0,31.08,50.9,,20.08,0.0,-1.08,NORMAL,validation
1613,colaba,2016-02-18,2,36.0,31.28,42.2,1.47,24.13,0.0,4.72,NORMAL,train
3150,colaba,2016-02-20,2,38.6,31.39,15.1,1.97,25.28,0.0,7.21,SEVERE_HEATWAVE,test
1034,colaba,2016-02-27,2,28.3,31.86,67.3,2.65,21.31,0.0,-3.56,NORMAL,test
1614,colaba,2016-03-03,3,37.2,32.22,20.9,1.48,19.92,0.0,4.98,HEATWAVE,test
2341,colaba,2016-03-05,3,36.5,32.4,25.4,1.66,21.55,0.0,4.1,NORMAL,train
2805,colaba,2016-04-03,4,40.5,34.07,34.3,1.74,26.8,0.0,6.43,SEVERE_HEATWAVE,validation
4801,colaba,2016-04-09,4,35.2,34.25,35.9,2.56,24.76,0.0,0.95,NORMAL,test
3307,colaba,2016-04-16,4,38.7,34.45,,3.36,,0.0,4.25,NORMAL,validation
3106,colaba,2016-04-21,4,38.5,34.6,32.5,1.93,29.44,0.0,3.9,NORMAL,train
918,colaba,2016-04-27,4,43.6,34.68,33.1,1.86,26.82,0.0,8.92,SEVERE_HEATWAVE,train
3235,colaba,2016-04-29,4,40.1,34.69,15.8,2.42,25.85,0.0,5.41,HEATWAVE,train
669,colaba,2016-05-16,5,36.8,34.56,60.9,,22.7,0.0,2.24,NORMAL,train
1341,colaba,2016-06-16,6,36.9,31.06,68.3,2.47,23.28,0.0,5.84,NORMAL,test
3566,colaba,2016-06-20,6,38.0,30.48,70.4,1.2,24.2,0.0,7.52,SEVERE_HEATWAVE,validation
913,colaba,2016-06-30,6,29.2,29.36,73.4,3.6,18.0,8.6,-0.16,NORMAL,train
4545,colaba,2016-07-09,7,29.8,28.83,85.8,6.06,15.74,41.2,0.97,NORMAL,train
2401,colaba,2016-07-12,7,28.6,28.71,85.2,3.97,12.9,14.1,-0.11,NORMAL,train
3987,colaba,2016-07-30,7,27.2,28.08,90.3,2.72,13.61,14.1,-0.88,NORMAL,validation
82,colaba,2016-07-31,7,27.0,28.06,84.3,4.12,13.55,12.8,-1.06,NORMAL,train
566,colaba,2016-08-14,8,29.1,28.11,89.5,4.5,8.75,23.8,0.99,NORMAL,validation
1897,colaba,2016-08-27,8,27.3,28.5,89.9,3.36,18.31,7.5,-1.2,NORMAL,train
1390,colaba,2016-09-01,9,30.1,28.7,86.4,2.58,25.04,40.5,1.4,NORMAL,validation
4874,colaba,2016-09-23,9,32.4,29.96,82.2,2.35,17.51,6.3,2.44,NORMAL,train
3188,colaba,2016-10-14,10,38.4,31.85,54.4,0.91,,0.0,6.55,HEATWAVE,test
4051,colaba,2016-10-17,10,33.9,32.02,73.6,,23.08,0.0,1.88,NORMAL,train
2099,colaba,2016-11-06,11,41.8,32.47,37.5,1.47,19.98,0.0,9.33,SEVERE_HEATWAVE,train
13,colaba,2016-11-14,11,31.6,32.3,72.4,2.66,20.58,0.0,-0.7,NORMAL,train
234,colaba,2016-11-16,11,33.0,32.22,61.1,1.77,19.23,0.0,0.78,NORMAL,train
3827,colaba,2016-11-18,11,32.5,32.14,72.3,2.56,16.67,0.0,0.36,NORMAL,validation
844,colaba,2016-11-30,11,29.3,31.61,74.7,1.97,17.84,0.0,-2.31,NORMAL,validation
4491,colaba,2016-12-08,12,37.7,31.27,42.1,1.49,19.17,0.0,6.43,HEATWAVE,train
1630,colaba,2016-12-12,12,30.2,31.05,,1.58,13.87,0.0,-0.85,NORMAL,train
3623,colaba,2016-12-22,12,33.6,30.47,58.9,1.91,18.48,0.0,3.13,NORMAL,train
3361,colaba,2016-12-28,12,29.7,30.22,48.1,2.21,16.2,0.0,-0.52,NORMAL,train
3928,colaba,2017-01-14,1,29.1,29.85,48.9,2.17,13.98,0.0,-0.75,NORMAL,test
2079,colaba,2017-01-15,1,37.3,29.86,40.1,1.63,23.05,0.0,7.44,SEVERE_HEATWAVE,train
3642,colaba,2017-01-27,1,31.6,30.14,43.7,1.86,19.68,0.0,1.46,NORMAL,train
604,colaba,2017-02-14,2,30.1,31.04,44.5,2.15,21.92,0.0,-0.94,NORMAL,train
3114,colaba,2017-02-15,2,40.7,31.08,5.0,1.7,28.26,0.0,9.62,SEVERE_HEATWAVE,test
3117,colaba,2017-02-17,2,35.5,31.21,39.1,2.24,23.35,0.0,4.29,NORMAL,train
57,colaba,2017-02-27,2,36.6,31.86,35.8,1.58,23.91,0.0,4.74,HEATWAVE,test
1772,colaba,2017-03-01,3,33.9,32.06,52.5,2.46,23.15,0.0,1.84,NORMAL,validation
1452,colaba,2017-03-16,3,37.5,33.14,47.4,1.7,26.31,0.0,4.36,NORMAL,test
1834,colaba,2017-03-19,3,41.8,33.3,44.4,1.27,24.81,0.0,8.5,SEVERE_HEATWAVE,train
1648,colaba,2017-04-10,4,34.0,34.28,49.8,2.4,25.26,0.0,-0.28,NORMAL,train
2004,colaba,2017-04-25,4,41.6,34.67,31.3,1.76,31.42,0.0,6.93,SEVERE_HEATWAVE,train
3652,colaba,2017-04-26,4,35.2,34.68,47.8,1.63,25.44,0.0,0.52,NORMAL,train
4605,colaba,2017-05-02,5,39.1,34.72,53.3,2.66,20.99,0.0,4.38,NORMAL,train
160,colaba,2017-05-11,5,34.6,34.69,60.2,3.52,24.1,0.0,-0.09,NORMAL,train
4310,colaba,2017-05-27,5,40.7,33.87,41.0,2.87,24.05,0.0,6.83,HEATWAVE,train
4588,colaba,2017-06-23,6,29.1,30.08,66.7,7.12,14.37,7.4,-0.98,NORMAL,train
1622,colaba,2017-08-04,8,29.5,28.05,86.4,2.19,17.51,0.0,1.45,NORMAL,train
4301,colaba,2017-08-05,8,28.2,28.06,88.9,2.21,13.17,1.0,0.14,NORMAL,test
2485,colaba,2017-08-30,8,29.9,28.62,87.9,2.58,19.75,28.7,1.28,NORMAL,train
667,colaba,2017-09-06,9,31.2,28.82,80.9,3.66,21.06,0.0,2.38,NORMAL,train
1207,colaba,2017-09-17,9,30.3,29.49,86.1,2.47,19.07,0.0,0.81,NORMAL,train
4164,colaba,2017-09-22,9,29.1,29.87,91.7,1.68,12.82,4.2,-0.77,NORMAL,train
2041,colaba,2017-09-27,9,29.5,30.3,87.2,2.16,16.2,0.0,-0.8,NORMAL,validation
2958,colaba,2017-09-30,9,29.8,30.56,92.0,1.1,20.13,3.0,-0.76,NORMAL,test
988,colaba,2017-10-13,10,31.0,31.76,68.9,1.76,22.46,17.4,-0.76,NORMAL,train
4643,colaba,2017-10-29,10,33.4,32.49,71.9,1.74,22.39,0.0,0.91,NORMAL,train
3194,colaba,2017-11-14,11,36.9,32.3,59.1,1.62,24.61,0.0,4.6,HEATWAVE,validation
2591,colaba,2017-11-17,11,31.0,32.17,,1.65,19.84,0.0,-1.17,NORMAL,train
1397,colaba,2017-12-03,12,36.6,31.5,67.1,1.25,18.48,0.0,5.1,NORMAL,train
3840,colaba,2017-12-12,12,34.3,31.05,35.6,2.63,15.93,0.0,3.25,NORMAL,train
1928,colaba,2017-12-16,12,37.5,30.84,49.5,2.69,19.52,0.0,6.66,SEVERE_HEATWAVE,test
2207,colaba,2017-12-22,12,29.9,30.47,64.8,1.5,14.21,0.0,-0.57,NORMAL,train
171,colaba,2017-12-26,12,37.1,30.28,37.8,1.35,18.45,0.0,6.82,SEVERE_HEATWAVE,validation
262,colaba,2018-01-05,1,27.1,29.96,61.7,2.85,19.76,0.0,-2.86,NORMAL,validation
2942,colaba,2018-01-08,1,29.2,29.87,43.4,1.95,17.73,0.0,-0.67,NORMAL,train
4994,colaba,2018-01-22,1,35.0,30.07,45.3,1.68,18.47,0.0,4.93,NORMAL,train
4658,colaba,2018-01-25,1,29.5,30.1,54.3,2.42,18.84,0.0,-0.6,NORMAL,train
3261,colaba,2018-02-01,2,30.6,30.31,46.6,2.69,18.97,0.0,0.29,NORMAL,train
2223,colaba,2018-02-19,2,39.1,31.34,22.1,1.26,23.98,0.0,7.76,SEVERE_HEATWAVE,test
2826,colaba,2018-02-23,2,31.6,31.57,51.7,1.78,20.61,,0.03,NORMAL,validation
396,colaba,2018-02-25,2,37.2,31.72,33.5,1.32,22.41,0.0,5.48,HEATWAVE,train
1697,colaba,2018-03-10,3,36.4,32.76,27.6,1.58,23.06,0.0,3.64,NORMAL,test
4602,colaba,2018-03-14,3,30.7,33.01,34.3,2.61,23.24,0.0,-2.31,NORMAL,validation
4946,colaba,2018-03-15,3,30.7,33.08,54.2,2.26,22.14,1.3,-2.38,NORMAL,train
2109,colaba,2018-03-25,3,35.0,33.66,31.4,1.64,21.75,0.0,1.34,NORMAL,train
4553,colaba,2018-04-09,4,41.3,34.25,45.1,1.91,27.02,0.0,7.05,SEVERE_HEATWAVE,train
3108,colaba,2018-04-14,4,40.8,34.41,36.9,1.87,27.28,0.0,6.39,HEATWAVE,train
18,colaba,2018-05-05,5,35.1,34.72,62.7,3.18,25.7,0.0,0.38,NORMAL,test
142,colaba,2018-05-08,5,33.8,34.72,58.7,2.26,26.45,,-0.92,NORMAL,train
2188,colaba,2018-05-11,5,34.6,34.69,72.6,3.09,23.26,0.0,-0.09,NORMAL,test
1052,colaba,2018-05-25,5,32.3,34.04,57.2,2.44,20.6,0.0,-1.74,NORMAL,train
1862,colaba,2018-05-29,5,36.5,33.66,53.5,2.37,28.04,0.0,2.84,NORMAL,train
2945,colaba,2018-06-02,6,34.9,33.16,76.5,2.71,16.99,29.5,1.74,NORMAL,train
1273,colaba,2018-06-04,6,34.7,32.88,71.6,2.18,9.45,0.0,1.82,NORMAL,validation
3195,colaba,2018-06-07,6,36.1,32.46,66.6,1.75,22.96,0.0,3.64,NORMAL,train
1872,colaba,2018-06-17,6,31.7,30.91,77.1,4.58,13.13,0.0,0.79,NORMAL,test
10,colaba,2018-06-26,6,30.7,29.71,75.3,2.33,14.34,0.0,0.99,NORMAL,train
2384,colaba,2018-07-14,7,29.6,28.58,84.5,3.31,15.97,0.0,1.02,NORMAL,train
657,colaba,2018-07-18,7,30.6,28.41,86.0,3.99,14.9,,2.19,NORMAL,train
1602,colaba,2018-07-28,7,28.2,28.11,86.7,6.56,11.87,15.2,0.09,NORMAL,validation
3798,colaba,2018-08-17,8,27.5,28.18,92.5,2.88,22.19,0.0,-0.68,NORMAL,train
4562,colaba,2018-08-24,8,27.3,28.38,90.9,4.51,4.63,5.5,-1.08,NORMAL,train
2267,colaba,2018-09-01,9,30.2,28.7,82.8,2.58,21.62,7.3,1.5,NORMAL,train
726,colaba,2018-09-15,9,28.9,29.33,94.8,,14.7,3.5,-0.43,NORMAL,train
1413,colaba,2018-09-28,9,37.0,30.39,71.3,2.02,22.59,0.0,6.61,NORMAL,train
4251,colaba,2018-09-30,9,30.4,30.56,95.8,2.86,20.19,34.9,-0.16,NORMAL,train
1169,colaba,2018-10-07,10,37.0,31.26,,2.1,19.2,0.0,5.74,NORMAL,train
32,colaba,2018-10-13,10,35.3,31.76,71.9,1.27,21.37,0.0,3.54,NORMAL,train
838,colaba,2018-11-08,11,36.9,32.44,50.1,1.75,18.12,0.0,4.46,HEATWAVE,train
2938,colaba,2018-11-10,11,36.8,32.41,100.0,1.83,25.16,0.0,4.39,NORMAL,validation
2311,colaba,2018-11-20,11,31.9,32.06,71.6,1.65,21.73,0.0,-0.16,NORMAL,train
1941,colaba,2018-11-24,11,32.3,31.88,67.4,1.74,17.61,0.0,0.42,NORMAL,train
3756,colaba,2018-12-01,12,29.8,31.57,75.2,2.81,13.57,0.0,-1.77,NORMAL,validation
3109,colaba,2018-12-06,12,41.3,31.37,32.5,2.38,18.86,0.0,9.93,SEVERE_HEATWAVE,train
873,colaba,2018-12-17,12,37.3,30.77,42.2,1.51,18.39,0.0,6.53,HEATWAVE,train
4568,colaba,2018-12-22,12,41.4,30.47,32.5,1.89,22.44,0.0,10.93,SEVERE_HEATWAVE,validation
1553,colaba,2018-12-27,12,33.8,30.25,61.5,2.17,15.31,0.0,3.55,NORMAL,validation
767,colaba,2019-01-02,1,33.4,30.06,49.4,1.3,18.56,0.0,3.34,NORMAL,train
4131,colaba,2019-01-03,1,30.9,30.02,46.0,1.88,18.2,0.0,0.88,NORMAL,test
259,colaba,2019-01-22,1,29.2,30.07,66.0,1.85,18.34,0.0,-0.87,NORMAL,test
1358,colaba,2019-01-30,1,30.9,30.25,47.6,1.23,18.32,0.0,0.65,NORMAL,train
4194,colaba,2019-02-05,2,36.4,30.48,29.4,1.99,24.96,0.0,5.92,NORMAL,train
1673,colaba,2019-02-08,2,29.4,30.65,63.5,1.95,23.34,0.0,-1.25,NORMAL,train
2478,colaba,2019-02-12,2,32.6,30.92,45.6,1.91,21.93,0.0,1.68,NORMAL,train
490,colaba,2019-02-25,2,33.5,31.72,21.0,2.06,,0.0,1.78,NORMAL,train
3009,colaba,2019-02-26,2,34.9,31.79,60.4,2.63,23.64,0.0,3.11,NORMAL,validation
2614,colaba,2019-03-02,3,32.4,32.13,53.9,1.72,24.5,0.0,0.27,NORMAL,train
50,colaba,2019-03-06,3,31.4,32.48,46.0,1.83,22.45,0.0,-1.08,NORMAL,validation
828,colaba,2019-03-28,3,39.0,33.84,38.5,1.53,28.33,0.0,5.16,HEATWAVE,train
3441,colaba,2019-04-01,4,39.9,34.01,37.9,1.75,28.4,0.0,5.89,HEATWAVE,train
781,colaba,2019-04-02,4,37.9,34.04,42.0,2.06,24.81,0.0,3.86,NORMAL,train
3832,colaba,2019-04-07,4,43.6,34.18,29.2,1.43,29.74,0.0,9.42,SEVERE_HEATWAVE,train
2245,colaba,2019-04-15,4,42.9,34.43,32.7,1.38,31.78,0.0,8.47,SEVERE_HEATWAVE,train
4341,colaba,2019-05-04,5,38.6,34.72,60.1,3.81,29.18,,3.88,NORMAL,train
3259,colaba,2019-05-17,5,40.7,34.53,31.7,1.81,32.0,0.0,6.17,HEATWAVE,train
835,colaba,2019-05-30,5,37.9,33.55,54.4,1.92,25.8,0.0,4.35,HEATWAVE,train
1902,colaba,2019-06-01,6,35.2,33.31,77.8,3.07,21.54,12.4,1.89,NORMAL,train
658,colaba,2019-06-04,6,35.9,32.88,82.1,1.64,26.46,0.0,3.02,NORMAL,test
3217,colaba,2019-06-09,6,28.1,32.14,70.8,2.98,16.85,,-4.04,NORMAL,train
1881,colaba,2019-06-13,6,37.6,31.53,60.4,2.21,14.22,0.0,6.07,HEATWAVE,train
3199,colaba,2019-06-15,6,31.2,31.23,68.7,6.59,23.28,4.0,-0.03,NORMAL,train
2191,colaba,2019-07-05,7,27.8,29.04,87.4,3.56,10.59,14.6,-1.24,NORMAL,train
1746,colaba,2019-07-06,7,30.0,28.99,84.9,3.66,18.82,0.0,1.01,NORMAL,validation
882,colaba,2019-07-08,7,29.2,28.88,87.9,4.97,20.16,0.0,0.32,NORMAL,train
4623,colaba,2019-07-14,7,29.5,28.58,90.2,4.31,1.87,0.0,0.92,NORMAL,train
612,colaba,2019-07-17,7,29.2,28.44,89.5,3.24,22.44,0.0,0.76,NORMAL,train
4978,colaba,2019-07-20,7,29.9,28.34,88.3,2.64,20.07,4.7,1.56,NORMAL,train
1127,colaba,2019-07-30,7,31.4,28.08,82.6,3.92,16.15,0.0,3.32,NORMAL,train
556,colaba,2019-08-06,8,29.6,28.05,82.7,2.9,16.35,9.4,1.55,NORMAL,train
4460,colaba,2019-08-30,8,27.4,28.62,89.7,4.18,17.61,4.9,-1.22,NORMAL,validation
1818,colaba,2019-09-18,9,27.3,29.57,87.6,4.21,21.21,28.1,-2.27,NORMAL,test
570,colaba,2019-09-20,9,31.4,29.71,86.0,1.2,16.95,0.0,1.69,NORMAL,validation
4035,colaba,2019-09-28,9,29.4,30.39,88.9,5.07,14.49,16.0,-0.99,NORMAL,train
3125,colaba,2019-10-07,10,34.1,31.26,73.5,1.38,21.6,0.0,2.84,NORMAL,train
208,colaba,2019-10-16,10,31.8,31.97,69.6,1.02,16.18,2.2,-0.17,NORMAL,train
237,colaba,2019-10-17,10,33.1,32.02,76.8,1.81,16.74,0.0,1.08,NORMAL,test
4357,colaba,2019-11-01,11,38.7,32.49,64.3,1.16,19.42,0.0,6.21,HEATWAVE,train
1934,colaba,2019-11-03,11,31.1,32.48,68.9,2.23,19.68,0.0,-1.38,NORMAL,train
4027,colaba,2019-11-09,11,36.7,32.42,67.8,2.25,16.54,0.0,4.28,NORMAL,train
2426,colaba,2019-12-23,12,32.1,30.43,38.3,1.53,16.14,0.0,1.67,NORMAL,validation
4337,colaba,2020-01-04,1,31.4,29.99,60.6,1.47,20.12,0.0,1.41,NORMAL,validation
2856,colaba,2020-01-11,1,31.3,29.84,62.6,2.07,16.83,0.0,1.46,NORMAL,train
2633,colaba,2020-01-21,1,34.5,30.05,39.9,0.0,19.93,0.0,4.45,NORMAL,train
1827,colaba,2020-01-23,1,38.4,30.08,7.8,1.28,21.77,0.0,8.32,SEVERE_HEATWAVE,train
3764,colaba,2020-02-11,2,32.8,30.86,67.4,2.23,21.58,0.0,1.94,NORMAL,train
1774,colaba,2020-02-17,2,32.9,31.21,38.7,2.76,23.37,0.0,1.69,NORMAL,train
2775,colaba,2020-02-26,2,31.8,31.79,29.9,2.03,19.01,0.0,0.01,NORMAL,train
2654,colaba,2020-03-23,3,39.1,33.54,44.3,1.72,30.1,0.0,5.56,HEATWAVE,validation
392,colaba,2020-03-25,3,39.4,33.66,31.9,1.56,30.73,0.0,5.74,HEATWAVE,test
1189,colaba,2020-03-26,3,32.8,33.72,60.7,2.51,23.58,9.3,-0.92,NORMAL,validation
4963,colaba,2020-05-28,5,38.4,33.77,54.0,2.55,29.36,0.0,4.63,HEATWAVE,train
377,colaba,2020-06-13,6,39.6,31.53,61.9,1.66,29.04,0.0,8.07,SEVERE_HEATWAVE,train
456,colaba,2020-06-20,6,26.1,30.48,72.5,2.03,20.41,27.8,-4.38,NORMAL,train
627,colaba,2020-07-13,7,28.8,28.64,87.2,4.9,9.97,4.0,0.16,NORMAL,train
637,colaba,2020-08-05,8,26.9,28.06,90.7,4.7,22.15,40.8,-1.16,NORMAL,test
562,colaba,2020-08-06,8,27.4,28.05,93.1,1.86,8.99,2.4,-0.65,NORMAL,train
1461,colaba,2020-08-11,8,29.6,28.09,86.9,2.78,14.21,10.9,1.51,NORMAL,test
591,colaba,2020-08-13,8,28.1,28.1,89.1,2.91,12.86,10.1,0.0,NORMAL,train
3536,colaba,2020-08-22,8,29.5,28.32,83.2,3.69,6.6,0.0,1.18,NORMAL,train
1407,colaba,2020-09-03,9,28.8,28.74,85.7,2.05,15.42,22.5,0.06,NORMAL,train
4336,colaba,2020-09-18,9,27.4,29.57,83.5,3.28,17.97,0.0,-2.17,NORMAL,test
2768,colaba,2020-10-01,10,31.7,30.66,76.9,1.24,18.09,0.0,1.04,NORMAL,train
2550,colaba,2020-10-09,10,35.4,31.45,60.2,1.91,22.01,0.0,3.95,NORMAL,train
4858,colaba,2020-10-22,10,35.6,32.32,73.9,1.86,,0.0,3.28,NORMAL,train
1785,colaba,2020-10-23,10,44.3,32.37,42.1,1.12,23.28,0.0,11.93,SEVERE_HEATWAVE,test
1348,colaba,2020-10-26,10,34.5,32.44,81.3,1.31,17.34,0.0,2.06,NORMAL,train
2330,colaba,2020-11-04,11,33.5,32.47,62.0,1.14,16.62,0.0,1.03,NORMAL,test
4317,colaba,2020-11-08,11,36.8,32.44,59.7,1.64,17.79,0.0,4.36,NORMAL,train
2274,colaba,2020-11-09,11,35.5,32.42,60.3,1.35,18.9,0.0,3.08,NORMAL,train
501,colaba,2020-11-11,11,36.5,32.4,44.3,1.93,18.42,0.0,4.1,HEATWAVE,train
3525,colaba,2020-12-05,12,32.0,31.41,58.8,2.47,16.95,0.0,0.59,NORMAL,train
1234,colaba,2021-01-09,1,28.3,29.85,51.9,1.88,16.94,0.0,-1.55,NORMAL,test
3402,colaba,2021-01-11,1,37.3,29.84,24.1,1.94,24.35,0.0,7.46,NORMAL,train
2415,colaba,2021-01-20,1,30.2,30.02,50.6,1.75,20.81,0.0,0.18,NORMAL,train
2620,colaba,2021-01-24,1,33.0,30.09,46.4,2.25,21.71,,2.91,NORMAL,train
4090,colaba,2021-03-12,3,36.8,32.88,42.5,1.51,27.24,0.0,3.92,NORMAL,train
876,colaba,2021-03-17,3,39.4,33.21,35.5,1.68,28.94,0.0,6.19,HEATWAVE,train
2885,colaba,2021-03-21,3,38.3,33.41,27.5,1.56,0.0,0.0,4.89,HEATWAVE,validation
1765,colaba,2021-03-26,3,33.9,33.72,57.4,1.72,25.82,0.0,0.18,NORMAL,train
1254,colaba,2021-03-31,3,32.8,33.98,45.8,1.9,22.03,0.0,-1.18,NORMAL,train
2297,colaba,2021-05-27,5,33.7,33.87,60.7,3.12,25.84,0.0,-0.17,NORMAL,train
391,colaba,2021-05-30,5,33.0,33.55,65.8,1.91,26.86,0.0,-0.55,NORMAL,train
3148,colaba,2021-06-02,6,30.2,33.16,77.5,3.04,21.34,27.7,-2.96,NORMAL,train
2046,colaba,2021-06-05,6,32.6,32.74,77.7,6.46,14.41,2.9,-0.14,NORMAL,train
4881,colaba,2021-06-11,6,32.8,31.83,90.0,4.35,19.78,0.0,0.97,NORMAL,test
947,colaba,2021-06-14,6,36.9,31.38,88.2,1.85,21.99,0.0,5.52,NORMAL,train
2520,colaba,2021-06-17,6,32.7,30.91,85.8,3.67,19.92,5.1,1.79,NORMAL,train
1820,colaba,2021-06-18,6,27.7,30.75,,3.07,19.07,26.0,-3.05,NORMAL,train
4806,colaba,2021-07-06,7,28.8,28.99,90.8,3.65,18.6,15.0,-0.19,NORMAL,train
1605,colaba,2021-07-08,7,31.4,28.88,80.3,4.38,5.94,0.0,2.52,NORMAL,test
4690,colaba,2021-07-23,7,29.7,28.23,84.5,2.51,22.44,0.0,1.47,NORMAL,train
4766,colaba,2021-07-24,7,26.4,28.2,85.3,3.17,17.2,0.1,-1.8,NORMAL,validation
359,colaba,2021-07-29,7,27.0,28.09,88.1,2.64,13.55,1.3,-1.09,NORMAL,test
3116,colaba,2021-08-02,8,27.6,28.04,87.6,4.41,20.69,15.3,-0.44,NORMAL,test
1572,colaba,2021-08-04,8,27.8,28.05,91.1,2.14,10.44,15.2,-0.25,NORMAL,train
3874,colaba,2021-08-13,8,28.2,28.1,90.2,2.93,5.89,9.9,0.1,NORMAL,validation
178,colaba,2021-09-09,9,27.1,28.92,80.2,2.41,24.43,1.8,-1.82,NORMAL,train
3450,colaba,2021-09-14,9,28.0,29.24,91.3,2.14,17.23,3.8,-1.24,NORMAL,train
3374,colaba,2021-11-29,11,37.4,31.65,57.8,1.47,21.34,0.0,5.75,HEATWAVE,validation
1611,colaba,2021-12-02,12,31.8,31.54,83.9,2.22,15.92,0.0,0.26,NORMAL,train
4113,colaba,2021-12-03,12,33.3,31.5,37.7,1.72,17.41,0.0,1.8,NORMAL,train
3243,colaba,2021-12-04,12,35.1,31.45,47.3,2.2,14.85,0.0,3.65,NORMAL,train
3969,colaba,2021-12-13,12,30.3,30.99,25.2,1.75,17.04,0.0,-0.69,NORMAL,train
37,colaba,2022-01-14,1,30.0,29.85,71.3,1.86,,0.0,0.15,NORMAL,train
1870,colaba,2022-02-07,2,27.2,30.58,48.4,2.72,21.64,0.0,-3.38,NORMAL,train
2396,colaba,2022-02-20,2,31.3,31.39,52.4,2.19,20.85,0.0,-0.09,NORMAL,train
2157,colaba,2022-03-21,3,31.7,33.41,35.7,2.45,24.46,0.0,-1.71,NORMAL,validation
1641,colaba,2022-05-03,5,35.7,34.73,51.7,2.54,30.16,0.0,0.97,NORMAL,train
404,colaba,2022-05-06,5,32.7,34.73,70.6,2.69,20.85,0.0,-2.03,NORMAL,train
2560,colaba,2022-05-10,5,41.9,34.7,40.4,2.26,22.15,0.0,7.2,SEVERE_HEATWAVE,train
4564,colaba,2022-05-15,5,32.5,34.58,65.0,2.72,25.48,0.0,-2.08,NORMAL,train
2460,colaba,2022-06-04,6,32.4,32.88,75.5,3.38,27.91,21.9,-0.48,NORMAL,train
3178,colaba,2022-06-20,6,28.7,30.48,67.0,3.02,15.73,7.8,-1.78,NORMAL,validation
3066,colaba,2022-06-23,6,37.4,30.08,70.9,3.06,20.94,0.0,7.32,SEVERE_HEATWAVE,test
3560,colaba,2022-07-07,7,28.0,28.94,89.2,3.45,15.23,131.0,-0.94,NORMAL,train
3778,colaba,2022-07-23,7,28.4,28.23,83.7,5.27,3.22,5.6,0.17,NORMAL,train
4538,colaba,2022-08-03,8,28.8,28.04,88.1,2.49,15.11,1.7,0.76,NORMAL,train
3390,colaba,2022-08-25,8,28.4,28.42,92.0,2.79,8.38,35.8,-0.02,NORMAL,train
2729,colaba,2022-08-26,8,31.2,28.46,82.9,1.94,15.57,0.0,2.74,NORMAL,train
3145,colaba,2022-08-27,8,27.5,28.5,89.0,3.28,13.84,14.0,-1.0,NORMAL,test
394,colaba,2022-09-03,9,28.8,28.74,95.2,1.35,8.8,11.0,0.06,NORMAL,train
4824,colaba,2022-09-08,9,25.6,28.88,83.6,2.19,10.15,0.8,-3.28,NORMAL,train
2516,colaba,2022-09-13,9,25.0,29.16,87.4,1.46,16.76,0.0,-4.16,NORMAL,test
2549,colaba,2022-09-23,9,27.5,29.96,86.9,2.56,11.92,83.0,-2.46,NORMAL,train
4629,colaba,2022-09-25,9,36.3,30.14,69.6,1.25,19.41,0.0,6.16,NORMAL,train
2840,colaba,2022-10-13,10,33.3,31.76,78.5,1.04,18.79,4.3,1.54,NORMAL,train
3044,colaba,2022-10-28,10,34.5,32.48,67.5,2.06,20.23,0.0,2.02,NORMAL,validation
922,colaba,2022-10-30,10,37.6,32.48,53.0,1.47,26.57,0.0,5.12,HEATWAVE,train
1617,colaba,2022-11-17,11,37.0,32.17,57.2,1.77,24.78,0.0,4.83,HEATWAVE,train
2679,colaba,2022-11-28,11,31.0,31.7,66.8,1.5,16.77,0.0,-0.7,NORMAL,train
2645,colaba,2022-12-08,12,37.6,31.27,41.2,0.83,21.77,0.0,6.33,HEATWAVE,validation
4364,colaba,2022-12-10,12,29.9,31.17,70.8,2.02,13.8,0.0,-1.27,NORMAL,validation
2999,colaba,2022-12-19,12,39.2,30.64,32.3,1.34,19.14,0.0,8.56,SEVERE_HEATWAVE,train
864,colaba,2022-12-26,12,31.6,30.28,57.3,1.59,12.7,0.0,1.32,NORMAL,test
4871,colaba,2022-12-30,12,31.0,30.16,34.3,1.78,20.03,0.0,0.84,NORMAL,train
151,colaba,2023-01-11,1,30.8,29.84,63.2,1.95,17.46,0.0,0.96,NORMAL,train
4085,colaba,2023-01-15,1,34.1,29.86,59.0,1.66,23.52,0.0,4.24,NORMAL,train
1936,colaba,2023-01-17,1,29.3,29.92,57.4,1.86,17.97,0.0,-0.62,NORMAL,train
236,colaba,2023-01-31,1,33.7,30.28,51.5,2.34,20.15,0.0,3.42,NORMAL,test
2730,colaba,2023-02-04,2,33.8,30.44,29.3,1.95,22.97,0.0,3.36,NORMAL,train
4485,colaba,2023-03-03,3,29.7,32.22,48.1,2.16,23.9,0.0,-2.52,NORMAL,train
1451,colaba,2023-03-06,3,38.4,32.48,30.8,2.13,27.27,0.0,5.92,HEATWAVE,test
1395,colaba,2023-03-10,3,33.7,32.76,49.9,2.02,24.39,0.0,0.94,NORMAL,train
1018,colaba,2023-03-13,3,41.5,32.95,20.0,1.63,26.79,0.0,8.55,SEVERE_HEATWAVE,train
4275,colaba,2023-03-15,3,38.2,33.08,12.5,1.83,24.97,0.0,5.12,HEATWAVE,train
4825,colaba,2023-03-20,3,31.7,33.35,46.7,1.78,,0.0,-1.65,NORMAL,validation
903,colaba,2023-03-25,3,35.6,33.66,38.1,1.34,27.68,0.0,1.94,NORMAL,train
4499,colaba,2023-03-30,3,39.9,33.93,10.2,2.09,24.47,0.0,5.97,HEATWAVE,validation
1804,colaba,2023-04-15,4,38.9,34.43,43.0,2.62,28.99,,4.47,NORMAL,train
399,colaba,2023-04-25,4,38.4,34.67,39.5,2.21,23.84,0.0,3.73,NORMAL,validation
517,colaba,2023-05-04,5,43.2,34.72,28.3,1.7,27.19,0.0,8.48,SEVERE_HEATWAVE,test
543,colaba,2023-05-09,5,38.4,34.72,63.3,3.48,28.39,0.0,3.68,NORMAL,validation
749,colaba,2023-05-18,5,38.6,34.48,25.3,2.16,24.5,0.0,4.12,NORMAL,test
3317,colaba,2023-06-01,6,33.7,33.31,88.5,2.63,,0.0,0.39,NORMAL,test
119,colaba,2023-06-10,6,29.5,31.99,,3.43,19.43,3.5,-2.49,NORMAL,test
2600,colaba,2023-06-18,6,31.5,30.75,71.1,3.02,9.21,17.1,0.75,NORMAL,train
2326,colaba,2023-06-27,6,29.4,29.61,94.7,3.19,11.73,16.4,-0.21,NORMAL,train
2026,colaba,2023-07-06,7,26.1,28.99,93.4,4.64,15.86,60.4,-2.89,NORMAL,train
1365,colaba,2023-08-02,8,29.4,28.04,86.5,4.31,11.74,20.9,1.36,NORMAL,train
2446,colaba,2023-08-30,8,27.8,28.62,87.6,3.2,14.44,9.8,-0.82,NORMAL,train
594,colaba,2023-09-08,9,29.9,28.88,,1.69,17.19,0.0,1.02,NORMAL,test
93,colaba,2023-09-11,9,35.5,29.02,68.1,2.91,23.5,0.0,6.48,NORMAL,test
393,colaba,2023-09-18,9,26.5,29.57,91.2,2.16,9.79,,-3.07,NORMAL,train
1111,colaba,2023-10-08,10,32.8,31.35,79.0,1.51,20.42,0.0,1.45,NORMAL,train
2745,colaba,2023-10-09,10,33.8,31.45,68.7,1.82,17.11,0.0,2.35,NORMAL,validation
2414,colaba,2023-10-14,10,34.1,31.85,76.1,1.89,20.52,0.0,2.25,NORMAL,validation
3986,colaba,2023-10-18,10,39.6,32.08,41.7,1.82,20.67,0.0,7.52,SEVERE_HEATWAVE,train
400,colaba,2023-10-28,10,32.2,32.48,86.6,2.12,24.72,0.0,-0.28,NORMAL,train
1538,colaba,2023-11-06,11,32.6,32.47,64.0,2.14,20.67,0.0,0.13,NORMAL,test
538,colaba,2023-11-21,11,31.6,32.01,75.3,2.03,15.74,0.0,-0.41,NORMAL,train
2433,colaba,2024-01-12,1,30.5,29.84,61.9,2.38,19.05,0.0,0.66,NORMAL,train
4237,colaba,2024-01-13,1,32.0,29.85,35.7,2.51,20.85,0.0,2.15,NORMAL,validation
842,colaba,2024-01-14,1,29.0,29.85,36.1,1.54,17.3,0.0,-0.85,NORMAL,train
4740,colaba,2024-01-26,1,29.5,30.12,46.2,2.69,20.43,0.0,-0.62,NORMAL,train
1906,colaba,2024-01-29,1,29.5,30.2,60.7,2.3,19.68,,-0.7,NORMAL,train
3646,colaba,2024-02-29,2,33.1,32.0,39.5,1.74,21.71,0.0,1.1,NORMAL,train
3209,colaba,2024-03-06,3,37.1,32.48,34.5,1.13,24.74,0.0,4.62,HEATWAVE,train
293,colaba,2024-03-10,3,30.3,32.76,47.8,2.45,26.34,0.0,-2.46,NORMAL,train
3113,colaba,2024-03-22,3,33.5,33.47,48.6,2.05,23.89,0.0,0.03,NORMAL,validation
4887,colaba,2024-04-03,4,34.8,34.07,51.0,2.26,21.35,0.0,0.73,NORMAL,train
4936,colaba,2024-04-09,4,34.3,34.25,51.8,2.76,24.01,0.0,0.05,NORMAL,train
43,colaba,2024-04-23,4,34.2,34.64,57.1,1.81,,0.0,-0.44,NORMAL,train
1310,colaba,2024-05-08,5,38.8,34.72,46.6,2.42,29.42,0.0,4.08,HEATWAVE,train
328,colaba,2024-05-20,5,32.4,34.37,58.4,1.79,25.29,0.0,-1.97,NORMAL,validation
1248,colaba,2024-05-28,5,34.6,33.77,51.3,1.71,24.1,0.0,0.83,NORMAL,train
2919,colaba,2024-05-29,5,41.8,33.66,37.3,1.03,24.91,0.0,8.14,SEVERE_HEATWAVE,test
4233,colaba,2024-06-18,6,34.3,30.75,68.5,2.75,19.25,0.0,3.55,NORMAL,train
487,colaba,2024-06-23,6,28.6,30.08,,6.72,18.36,27.7,-1.48,NORMAL,test
4323,colaba,2024-07-02,7,31.0,29.21,84.2,4.82,12.13,0.0,1.79,NORMAL,train
2275,colaba,2024-07-10,7,29.5,28.8,85.6,4.06,14.83,3.3,0.7,NORMAL,train
4452,colaba,2024-07-19,7,30.3,28.38,84.6,2.56,16.97,191.8,1.92,NORMAL,test
1316,colaba,2024-07-22,7,26.2,28.27,86.6,6.36,19.21,16.9,-2.07,NORMAL,train
2695,colaba,2024-08-01,8,28.3,28.05,87.2,2.56,,4.9,0.25,NORMAL,train
2817,colaba,2024-08-11,8,27.5,28.09,92.0,2.26,20.88,1.0,-0.59,NORMAL,train
4759,colaba,2024-08-20,8,30.2,28.24,83.9,5.14,15.3,0.0,1.96,NORMAL,train
4745,colaba,2024-08-21,8,29.0,28.28,86.7,2.13,10.73,0.0,0.72,NORMAL,train
1218,colaba,2024-08-24,8,29.2,28.38,85.7,4.01,19.44,0.0,0.82,NORMAL,train
1226,colaba,2024-08-26,8,30.3,28.46,85.1,4.49,16.15,0.0,1.84,NORMAL,test
4232,colaba,2024-09-02,9,28.2,28.73,88.1,2.42,18.58,4.4,-0.53,NORMAL,train
1319,colaba,2024-09-21,9,32.0,29.79,79.0,1.67,18.45,9.6,2.21,NORMAL,train
1957,colaba,2024-10-08,10,32.9,31.35,81.3,1.11,15.49,0.0,1.55,NORMAL,train
4616,colaba,2024-10-26,10,29.8,32.44,84.6,1.46,22.46,0.0,-2.64,NORMAL,validation
1490,colaba,2024-11-01,11,32.6,32.49,87.3,2.07,11.66,0.0,0.11,NORMAL,train
2568,colaba,2024-12-05,12,36.8,31.41,49.9,1.46,20.56,0.0,5.39,NORMAL,train
4430,colaba,2024-12-31,12,32.2,30.14,61.4,2.0,16.87,0.0,2.06,NORMAL,train
2722,dharavi,2000-01-24,1,28.4,30.31,27.0,2.58,17.99,0.0,-1.91,NORMAL,train
40,dharavi,2000-02-12,2,30.8,31.51,43.6,2.08,21.0,0.0,-0.71,NORMAL,train
3689,dharavi,2000-02-17,2,36.8,31.94,36.8,1.31,23.51,0.0,4.86,NORMAL,train
2501,dharavi,2000-03-04,3,37.3,33.38,16.2,1.63,22.21,0.0,3.92,NORMAL,train
3389,dharavi,2000-03-21,3,34.6,34.75,12.2,1.96,22.09,0.0,-0.15,NORMAL,validation
916,dharavi,2000-03-26,3,42.1,35.13,39.5,1.8,25.97,0.0,6.97,SEVERE_HEATWAVE,train
1269,dharavi,2000-04-16,4,34.4,35.96,54.6,2.44,23.6,0.0,-1.56,NORMAL,train
211,dharavi,2000-04-19,4,34.1,36.08,44.1,2.01,22.34,,-1.98,NORMAL,train
2748,dharavi,2000-04-28,4,36.4,36.23,68.6,2.0,29.22,,0.17,NORMAL,train
4013,dharavi,2000-05-31,5,39.8,35.09,49.3,3.56,28.05,0.0,4.71,HEATWAVE,train
901,dharavi,2000-06-07,6,30.4,34.14,62.7,3.67,32.0,41.4,-3.74,NORMAL,train
732,dharavi,2000-07-04,7,30.3,30.37,92.4,3.79,14.62,20.1,-0.07,NORMAL,train
4694,dharavi,2000-07-09,7,28.4,30.04,92.6,5.43,11.27,347.4,-1.64,NORMAL,train
3262,dharavi,2000-07-17,7,31.0,29.54,88.4,5.04,13.36,2.2,1.46,NORMAL,train
2092,dharavi,2000-07-22,7,27.2,29.3,83.8,3.28,14.42,14.6,-2.1,NORMAL,validation
2735,dharavi,2000-07-28,7,29.2,29.09,90.8,4.15,14.83,56.7,0.11,NORMAL,train
4241,dharavi,2000-07-29,7,29.7,29.07,90.7,3.4,0.0,0.0,0.63,NORMAL,test
417,dharavi,2000-07-31,7,29.1,29.02,93.3,2.93,20.61,45.8,0.08,NORMAL,train
3861,dharavi,2000-08-28,8,28.8,29.56,96.1,2.08,24.48,31.2,-0.76,NORMAL,test
4282,dharavi,2000-09-01,9,30.7,29.75,86.3,2.53,20.4,0.0,0.95,NORMAL,train
4305,dharavi,2000-09-11,9,29.4,30.13,93.0,1.29,16.22,6.1,-0.73,NORMAL,train
1796,dharavi,2000-09-15,9,30.6,30.46,89.3,1.0,20.85,12.7,0.14,NORMAL,train
1050,dharavi,2000-09-18,9,33.0,30.73,81.4,2.69,16.3,19.2,2.27,NORMAL,validation
2065,dharavi,2000-09-22,9,31.4,31.07,86.0,1.06,,39.3,0.33,NORMAL,train
4738,dharavi,2000-09-23,9,30.5,31.16,90.1,0.91,15.84,19.8,-0.66,NORMAL,train
2760,dharavi,2000-11-02,11,38.3,33.26,59.4,1.84,18.17,0.0,5.04,HEATWAVE,train
1892,dharavi,2000-11-08,11,31.7,33.07,69.7,1.65,17.15,0.0,-1.37,NORMAL,train
3506,dharavi,2001-01-08,1,30.2,30.09,58.9,1.43,17.38,0.0,0.11,NORMAL,train
4988,dharavi,2001-02-08,2,32.5,31.16,63.4,1.52,23.83,0.0,1.34,NORMAL,train
3853,dharavi,2001-02-11,2,37.0,31.42,33.1,1.9,,0.0,5.58,HEATWAVE,train
3168,dharavi,2001-03-15,3,35.1,34.33,61.3,1.59,24.09,0.0,0.77,NORMAL,validation
3027,dharavi,2001-03-27,3,41.5,35.2,11.4,1.29,29.82,0.0,6.3,HEATWAVE,train
4520,dharavi,2001-04-05,4,38.8,35.59,45.5,2.17,25.35,0.0,3.21,NORMAL,train
2285,dharavi,2001-04-15,4,35.4,35.93,58.7,2.15,24.29,0.0,-0.53,NORMAL,test
2457,dharavi,2001-04-21,4,36.0,36.12,57.3,2.94,21.53,0.0,-0.12,NORMAL,train
3564,dharavi,2001-05-22,5,40.5,35.87,46.6,2.02,32.0,0.0,4.63,HEATWAVE,train
1514,dharavi,2001-05-30,5,39.6,35.2,49.5,2.13,31.15,0.0,4.4,NORMAL,train
887,dharavi,2001-06-16,6,32.0,32.68,62.3,6.05,24.31,2.3,-0.68,NORMAL,train
4137,dharavi,2001-07-04,7,33.0,30.37,82.9,3.57,10.72,0.0,2.63,NORMAL,validation
684,dharavi,2001-07-18,7,28.9,29.49,86.2,5.11,9.11,0.0,-0.59,NORMAL,validation
2227,dharavi,2001-07-19,7,29.8,29.45,85.0,2.98,23.54,0.0,0.35,NORMAL,train
2143,dharavi,2001-07-20,7,29.6,29.4,86.7,3.11,17.33,0.0,0.2,NORMAL,train
589,dharavi,2001-08-02,8,30.8,29.0,83.0,3.27,21.45,71.3,1.8,NORMAL,test
3315,dharavi,2001-08-10,8,30.5,29.02,87.1,1.75,14.34,0.0,1.48,NORMAL,train
2036,dharavi,2001-08-25,8,28.5,29.41,91.4,2.65,21.84,9.2,-0.91,NORMAL,validation
2879,dharavi,2001-09-06,9,30.6,29.92,86.7,1.68,7.34,0.0,0.68,NORMAL,validation
953,dharavi,2001-09-15,9,31.0,30.46,92.6,4.59,14.7,43.3,0.54,NORMAL,test
978,dharavi,2001-09-30,9,30.9,31.81,91.6,,17.72,3.0,-0.91,NORMAL,test
2601,dharavi,2001-10-11,10,30.3,32.8,76.2,1.51,16.54,0.0,-2.5,NORMAL,train
4173,dharavi,2001-10-31,10,39.2,33.32,75.5,1.46,19.82,0.0,5.88,HEATWAVE,train
1576,dharavi,2001-11-21,11,33.3,32.49,70.5,1.79,16.66,0.0,0.81,NORMAL,train
2301,dharavi,2001-11-22,11,32.5,32.44,71.6,1.59,19.06,0.0,0.06,NORMAL,test
348,dharavi,2001-11-23,11,36.0,32.38,53.7,1.42,18.73,0.0,3.62,NORMAL,train
2474,dharavi,2001-11-25,11,31.1,32.28,63.2,3.25,20.3,0.0,-1.18,NORMAL,test
3165,dharavi,2001-12-03,12,31.5,31.87,70.9,2.07,15.44,0.0,-0.37,NORMAL,validation
959,dharavi,2001-12-09,12,32.6,31.58,59.7,2.18,17.25,0.0,1.02,NORMAL,validation
4288,dharavi,2002-01-02,1,31.5,30.29,27.9,2.16,13.69,0.0,1.21,NORMAL,train
4758,dharavi,2002-01-07,1,29.4,30.12,37.4,1.41,17.51,0.0,-0.72,NORMAL,train
3139,dharavi,2002-01-17,1,29.2,30.12,60.5,2.28,17.99,0.0,-0.92,NORMAL,train
2984,dharavi,2002-02-02,2,34.1,30.72,13.2,2.13,23.55,0.0,3.38,NORMAL,train
4575,dharavi,2002-02-21,2,31.1,32.27,49.5,2.11,18.38,0.0,-1.17,NORMAL,validation
4510,dharavi,2002-02-23,2,36.8,32.45,21.6,1.66,21.92,0.0,4.35,HEATWAVE,train
2562,dharavi,2002-02-24,2,32.7,32.55,45.5,1.77,21.82,0.0,0.15,NORMAL,train
4123,dharavi,2002-03-20,3,34.5,34.67,51.1,1.93,24.06,0.0,-0.17,NORMAL,train
1422,dharavi,2002-03-27,3,44.2,35.2,34.0,1.52,29.71,0.0,9.0,SEVERE_HEATWAVE,train
4096,dharavi,2002-04-02,4,36.2,35.51,45.0,2.4,25.95,0.0,0.69,NORMAL,validation
4024,dharavi,2002-04-03,4,40.7,35.54,38.6,1.4,31.21,0.0,5.16,HEATWAVE,train
3891,dharavi,2002-04-12,4,40.6,35.85,33.2,2.13,25.67,0.0,4.75,HEATWAVE,train
3498,dharavi,2002-04-14,4,41.3,35.9,36.9,1.85,24.24,0.0,5.4,HEATWAVE,train
897,dharavi,2002-04-26,4,44.2,36.21,31.3,1.81,31.01,0.0,7.99,SEVERE_HEATWAVE,train
4974,dharavi,2002-05-14,5,42.3,36.19,46.3,2.58,32.0,0.0,6.11,HEATWAVE,train
3582,dharavi,2002-05-16,5,41.2,36.15,45.0,2.67,27.84,0.0,5.05,HEATWAVE,train
4997,dharavi,2002-05-18,5,40.4,36.08,48.9,3.05,29.04,0.0,4.32,NORMAL,test
2007,dharavi,2002-05-20,5,38.8,35.98,55.1,4.27,23.85,0.0,2.82,NORMAL,train
2653,dharavi,2002-05-21,5,36.6,35.92,67.1,3.66,30.77,0.0,0.68,NORMAL,train
4297,dharavi,2002-05-26,5,36.3,35.58,60.3,3.08,26.97,0.0,0.72,NORMAL,test
1321,dharavi,2002-06-08,6,35.7,33.99,88.2,3.03,10.51,5.8,1.71,NORMAL,train
221,dharavi,2002-06-12,6,30.0,33.35,64.5,4.62,17.58,13.9,-3.35,NORMAL,validation
1518,dharavi,2002-06-13,6,32.3,33.19,83.1,3.61,25.38,3.8,-0.89,NORMAL,validation
1679,dharavi,2002-06-22,6,37.9,31.75,65.3,1.98,12.99,0.0,6.15,HEATWAVE,train
3606,dharavi,2002-07-13,7,31.6,29.79,87.4,4.39,22.19,0.0,1.81,NORMAL,train
8,dharavi,2002-07-21,7,28.7,29.35,86.9,3.45,8.51,13.0,-0.65,NORMAL,test
337,dharavi,2002-07-30,7,27.8,29.04,91.7,3.73,,17.6,-1.24,NORMAL,validation
4170,dharavi,2002-08-31,8,29.0,29.71,91.1,3.29,19.66,0.0,-0.71,NORMAL,train
3078,dharavi,2002-09-04,9,28.7,29.84,88.9,2.73,23.63,6.3,-1.14,NORMAL,validation
1431,dharavi,2002-09-08,9,28.5,30.0,83.5,,19.88,22.5,-1.5,NORMAL,train
1266,dharavi,2002-09-10,9,30.7,30.08,83.7,1.09,13.44,2.3,0.62,NORMAL,train
4016,dharavi,2002-09-13,9,27.9,30.28,93.2,3.91,12.1,8.7,-2.38,NORMAL,train
101,dharavi,2002-09-16,9,38.0,30.55,62.4,1.88,15.19,0.0,7.45,SEVERE_HEATWAVE,validation
4943,dharavi,2002-09-19,9,32.6,30.81,85.1,3.15,21.27,0.0,1.79,NORMAL,validation
3887,dharavi,2002-09-24,9,31.1,31.26,89.9,2.96,9.11,1.2,-0.16,NORMAL,train
2541,dharavi,2002-09-26,9,33.5,31.44,84.6,1.27,17.17,0.0,2.06,NORMAL,train
2724,dharavi,2002-10-21,10,39.0,33.32,63.1,1.37,22.15,0.0,5.68,HEATWAVE,train
4307,dharavi,2002-10-29,10,37.9,33.38,73.8,1.45,19.16,0.0,4.52,HEATWAVE,validation
2981,dharavi,2002-11-02,11,37.9,33.26,63.3,1.72,16.58,0.0,4.64,NORMAL,train
4401,dharavi,2002-11-12,11,32.7,32.95,74.5,1.7,16.22,0.0,-0.25,NORMAL,train
4260,dharavi,2002-12-13,12,31.3,31.34,,3.43,17.32,0.0,-0.04,NORMAL,train
79,dharavi,2002-12-23,12,36.5,30.69,27.6,,15.74,0.0,5.81,NORMAL,train
4657,dharavi,2002-12-26,12,32.8,30.53,42.3,1.25,15.85,0.0,2.27,NORMAL,test
2894,dharavi,2003-01-01,1,37.5,30.34,23.4,1.83,,0.0,7.16,SEVERE_HEATWAVE,train
1851,dharavi,2003-01-02,1,33.5,30.29,33.5,1.44,20.64,0.0,3.21,NORMAL,train
89,dharavi,2003-01-09,1,34.2,30.06,48.9,1.23,20.54,0.0,4.14,NORMAL,train
631,dharavi,2003-01-16,1,29.8,30.07,53.2,1.87,17.95,0.0,-0.27,NORMAL,train
1400,dharavi,2003-01-23,1,33.8,30.29,59.5,1.48,16.82,0.0,3.51,NORMAL,train
866,dharavi,2003-01-25,1,31.0,30.33,39.3,1.99,18.33,0.0,0.67,NORMAL,train
1606,dharavi,2003-02-06,2,30.8,30.99,83.1,2.46,22.3,0.0,-0.19,NORMAL,validation
3668,dharavi,2003-03-05,3,33.5,33.49,58.1,1.63,24.02,0.0,0.01,NORMAL,train
286,dharavi,2003-03-14,3,40.4,34.25,51.4,1.39,24.31,0.0,6.15,SEVERE_HEATWAVE,train
271,dharavi,2003-03-22,3,41.3,34.83,16.1,1.72,26.93,0.0,6.47,SEVERE_HEATWAVE,train
2925,dharavi,2003-03-26,3,31.8,35.13,38.7,2.14,20.21,0.0,-3.33,NORMAL,test
3806,dharavi,2003-03-29,3,41.0,35.33,47.9,1.64,29.38,0.0,5.67,HEATWAVE,train
411,dharavi,2003-04-01,4,43.9,35.47,34.4,1.74,26.56,0.0,8.43,SEVERE_HEATWAVE,test
3839,dharavi,2003-04-10,4,35.7,35.79,43.4,2.07,28.97,2.3,-0.09,NORMAL,train
852,dharavi,2003-05-01,5,43.2,36.24,35.0,2.63,22.83,0.0,6.96,SEVERE_HEATWAVE,train
3599,dharavi,2003-05-02,5,36.1,36.27,67.7,1.68,27.31,20.3,-0.17,NORMAL,train
4080,dharavi,2003-05-11,5,37.9,36.25,58.3,2.36,21.27,0.0,1.65,NORMAL,train
360,dharavi,2003-05-18,5,35.3,36.08,56.2,3.7,26.91,0.0,-0.78,NORMAL,test
784,dharavi,2003-06-15,6,31.3,32.86,82.2,2.2,,46.6,-1.56,NORMAL,train
3773,dharavi,2003-06-16,6,30.7,32.68,74.0,4.1,21.46,0.0,-1.98,NORMAL,test
1951,dharavi,2003-06-18,6,32.0,32.34,80.0,1.92,11.37,0.1,-0.34,NORMAL,test
1225,dharavi,2003-06-19,6,36.5,32.2,60.7,2.57,18.39,0.0,4.3,NORMAL,train
1155,dharavi,2003-07-01,7,37.3,30.63,73.1,3.4,14.67,0.0,6.67,SEVERE_HEATWAVE,train
4569,dharavi,2003-07-09,7,31.8,30.04,82.5,2.63,23.84,0.0,1.76,NORMAL,train
183,dharavi,2003-07-25,7,28.9,29.18,93.2,3.6,2.94,47.9,-0.28,NORMAL,train
1734,dharavi,2003-07-30,7,32.2,29.04,78.1,3.52,20.69,0.0,3.16,NORMAL,test
1495,dharavi,2003-08-03,8,33.1,29.0,76.3,1.8,21.5,0.0,4.1,NORMAL,validation
1985,dharavi,2003-08-12,8,30.2,29.05,86.5,2.01,21.08,0.3,1.15,NORMAL,train
2950,dharavi,2003-08-19,8,28.2,29.18,90.4,3.84,13.15,1.9,-0.98,NORMAL,train
4705,dharavi,2003-08-20,8,28.1,29.21,92.2,3.74,19.83,25.7,-1.11,NORMAL,validation
226,dharavi,2003-08-24,8,28.7,29.36,90.0,2.54,13.76,19.2,-0.66,NORMAL,train
105,dharavi,2003-08-25,8,28.4,29.41,88.4,2.87,,14.7,-1.01,NORMAL,validation
3290,dharavi,2003-08-31,8,27.6,29.71,93.7,1.34,12.44,53.3,-2.11,NORMAL,train
4369,dharavi,2003-09-16,9,30.4,30.55,91.6,0.9,14.02,36.5,-0.15,NORMAL,train
3711,dharavi,2003-10-06,10,38.9,32.38,58.4,2.07,20.43,0.0,6.52,SEVERE_HEATWAVE,train
802,dharavi,2003-10-08,10,33.1,32.56,71.9,1.32,16.48,0.0,0.54,NORMAL,train
2767,dharavi,2003-10-19,10,36.3,33.23,72.1,1.13,20.97,0.0,3.07,NORMAL,train
429,dharavi,2003-10-30,10,33.2,33.35,77.0,1.31,17.21,0.0,-0.15,NORMAL,train
3561,dharavi,2003-11-04,11,33.8,33.19,81.6,1.54,20.28,0.0,0.61,NORMAL,test
1228,dharavi,2003-11-11,11,34.9,32.99,61.7,2.52,18.52,0.0,1.91,NORMAL,train
1118,dharavi,2003-11-14,11,32.4,32.85,83.9,2.24,19.81,0.0,-0.45,NORMAL,validation
4676,dharavi,2003-11-22,11,37.4,32.44,54.5,1.47,21.93,,4.96,HEATWAVE,test
3358,dharavi,2003-12-31,12,37.2,30.37,47.2,1.48,23.45,0.0,6.83,SEVERE_HEATWAVE,train
4712,dharavi,2004-01-06,1,32.1,30.14,55.3,1.82,19.1,0.0,1.96,NORMAL,train
3067,dharavi,2004-01-15,1,36.3,30.05,26.9,1.51,23.68,0.0,6.25,NORMAL,train
2930,dharavi,2004-01-16,1,36.2,30.07,39.8,1.57,19.2,0.0,6.13,NORMAL,train
3834,dharavi,2004-01-18,1,37.7,30.14,62.9,2.13,20.49,0.0,7.56,SEVERE_HEATWAVE,train
754,dharavi,2004-01-28,1,31.2,30.46,49.2,1.46,23.59,0.0,0.74,NORMAL,train
2208,dharavi,2004-02-12,2,30.6,31.51,24.2,1.34,22.66,0.0,-0.91,NORMAL,train
3620,dharavi,2004-02-18,2,38.2,32.03,47.7,1.32,25.0,0.0,6.17,HEATWAVE,train
3830,dharavi,2004-02-20,2,35.0,32.2,34.4,1.94,20.57,0.0,2.8,NORMAL,train
1363,dharavi,2004-03-04,3,38.3,33.38,5.8,1.93,27.38,0.0,4.92,HEATWAVE,train
2406,dharavi,2004-03-07,3,37.1,33.66,63.1,1.65,24.59,0.0,3.44,NORMAL,train
4498,dharavi,2004-03-19,3,40.6,34.61,34.2,2.01,28.18,0.0,5.99,HEATWAVE,train
3998,dharavi,2004-04-01,4,35.4,35.47,49.5,1.96,24.17,0.0,-0.07,NORMAL,validation
3734,dharavi,2004-04-03,4,40.4,35.54,36.6,1.74,27.55,0.0,4.86,HEATWAVE,train
2429,dharavi,2004-04-05,4,39.1,35.59,44.8,2.12,29.84,0.0,3.51,NORMAL,train
4029,dharavi,2004-04-19,4,40.6,36.08,28.5,2.23,27.9,0.0,4.52,HEATWAVE,train
4284,dharavi,2004-04-27,4,42.0,36.22,29.6,1.89,25.9,0.0,5.78,HEATWAVE,test
2310,dharavi,2004-05-07,5,41.8,36.28,42.0,1.54,31.35,0.0,5.52,HEATWAVE,train
3603,dharavi,2004-05-08,5,41.3,36.28,47.0,4.49,31.69,0.0,5.02,HEATWAVE,test
4942,dharavi,2004-05-25,5,41.2,35.67,43.3,1.67,29.07,0.0,5.53,HEATWAVE,validation
3718,dharavi,2004-06-04,6,34.0,34.56,71.9,4.7,21.53,,-0.56,NORMAL,train
3922,dharavi,2004-06-06,6,33.5,34.28,81.0,4.75,18.47,0.0,-0.78,NORMAL,train
4101,dharavi,2004-06-26,6,29.8,31.18,71.2,5.64,20.83,7.0,-1.38,NORMAL,validation
3889,dharavi,2004-06-30,6,30.1,30.74,86.9,4.4,17.81,3.9,-0.64,NORMAL,validation
3886,dharavi,2004-07-07,7,30.6,30.17,92.4,2.67,14.72,48.1,0.43,NORMAL,test
1831,dharavi,2004-07-24,7,30.0,29.21,87.7,2.41,15.27,0.0,0.79,NORMAL,validation
4847,dharavi,2004-07-28,7,27.3,29.09,86.5,4.43,6.0,7.2,-1.79,NORMAL,train
141,dharavi,2004-08-18,8,29.8,29.15,90.9,3.71,20.95,0.0,0.65,NORMAL,train
2891,dharavi,2004-08-21,8,29.3,29.25,89.1,2.02,18.31,22.0,0.05,NORMAL,test
3433,dharavi,2004-10-13,10,33.6,32.94,88.8,2.68,19.34,0.0,0.66,NORMAL,train
1221,dharavi,2004-10-17,10,31.7,33.15,73.7,1.84,19.35,0.0,-1.45,NORMAL,train
2664,dharavi,2004-10-19,10,38.2,33.23,65.3,2.03,22.85,0.0,4.97,HEATWAVE,validation
3310,dharavi,2004-10-31,10,35.6,33.32,71.9,2.11,26.46,0.0,2.28,NORMAL,train
4014,dharavi,2004-11-02,11,34.1,33.26,78.5,1.28,19.97,1.7,0.84,NORMAL,train
4613,dharavi,2004-11-04,11,38.8,33.19,56.9,1.65,25.24,0.0,5.61,HEATWAVE,train
999,dharavi,2004-12-16,12,30.5,31.17,,2.07,17.44,0.0,-0.67,NORMAL,train
4663,dharavi,2005-01-03,1,32.1,30.24,68.1,2.05,16.24,0.0,1.86,NORMAL,validation
4036,dharavi,2005-01-24,1,31.8,30.31,33.5,1.89,16.87,0.0,1.49,NORMAL,train
2786,dharavi,2005-01-28,1,31.2,30.46,51.4,1.69,17.11,0.0,0.74,NORMAL,train
3483,dharavi,2005-02-11,2,31.6,31.42,44.1,2.22,22.67,0.0,0.18,NORMAL,train
3011,dharavi,2005-02-15,2,35.8,31.77,41.3,2.38,23.6,0.0,4.03,NORMAL,train
1166,dharavi,2005-02-24,2,36.3,32.55,35.7,1.51,23.98,0.0,3.75,NORMAL,train
2603,dharavi,2005-03-25,3,34.1,35.06,49.8,3.07,23.14,1.2,-0.96,NORMAL,train
4387,dharavi,2005-04-17,4,37.6,36.0,49.1,2.91,26.34,0.0,1.6,NORMAL,train
3912,dharavi,2005-04-21,4,36.0,36.12,45.1,2.9,23.62,0.0,-0.12,NORMAL,test
2678,dharavi,2005-05-08,5,41.7,36.28,40.8,2.99,26.35,0.0,5.42,HEATWAVE,train
1277,dharavi,2005-05-11,5,36.7,36.25,62.6,2.36,24.31,0.0,0.45,NORMAL,train
1935,dharavi,2005-05-30,5,35.2,35.2,56.1,3.48,,0.0,0.0,NORMAL,train
4572,dharavi,2005-06-09,6,39.3,33.82,77.3,2.65,17.49,0.0,5.48,HEATWAVE,train
3030,dharavi,2005-06-11,6,37.2,33.5,70.1,4.32,16.14,0.0,3.7,NORMAL,train
2273,dharavi,2005-06-27,6,36.7,31.05,61.9,2.06,26.66,0.0,5.65,NORMAL,validation
2119,dharavi,2005-07-10,7,29.4,30.0,91.7,3.33,,178.8,-0.6,NORMAL,train
3171,dharavi,2005-08-06,8,26.7,29.0,91.9,3.04,15.46,14.7,-2.3,NORMAL,train
2700,dharavi,2005-08-09,8,29.3,29.03,93.5,3.76,11.21,0.0,0.27,NORMAL,train
638,dharavi,2005-08-15,8,28.4,29.09,91.4,3.19,15.27,0.0,-0.69,NORMAL,validation
1500,dharavi,2005-10-27,10,35.2,33.4,62.8,1.0,18.15,0.0,1.8,NORMAL,validation
1767,dharavi,2005-11-05,11,33.4,33.16,52.3,2.37,20.78,0.0,0.24,NORMAL,train
1261,dharavi,2005-11-21,11,32.0,32.49,77.5,2.64,16.64,0.0,-0.49,NORMAL,train
4615,dharavi,2005-11-26,11,32.9,32.21,64.3,2.21,15.49,0.0,0.69,NORMAL,train
915,dharavi,2005-12-02,12,32.5,31.91,67.6,2.32,18.95,0.0,0.59,NORMAL,validation
4267,dharavi,2005-12-20,12,37.3,30.87,39.5,1.71,16.3,0.0,6.43,SEVERE_HEATWAVE,train
3033,dharavi,2005-12-24,12,37.6,30.63,53.1,1.14,23.85,0.0,6.97,SEVERE_HEATWAVE,train
4793,dharavi,2005-12-27,12,29.6,30.49,67.3,1.92,10.96,0.0,-0.89,NORMAL,train
2717,dharavi,2006-01-21,1,30.1,30.25,64.8,1.61,15.79,0.0,-0.15,NORMAL,train
4886,dharavi,2006-01-28,1,32.0,30.46,40.9,1.91,18.06,0.0,1.54,NORMAL,train
2030,dharavi,2006-01-30,1,33.9,30.57,59.0,2.23,20.35,0.0,3.33,NORMAL,train
1948,dharavi,2006-02-18,2,42.2,32.03,5.0,1.45,25.23,0.0,10.17,SEVERE_HEATWAVE,train
868,dharavi,2006-02-25,2,32.8,32.64,23.1,1.94,21.41,0.0,0.16,NORMAL,train
2553,dharavi,2006-03-06,3,36.8,33.58,49.5,2.53,23.55,0.0,3.22,NORMAL,train
4417,dharavi,2006-03-09,3,31.4,33.82,49.1,1.91,23.2,0.0,-2.42,NORMAL,test
3208,dharavi,2006-03-19,3,35.3,34.61,32.4,1.59,22.36,0.0,0.69,NORMAL,train
2564,dharavi,2006-04-11,4,41.4,35.82,51.8,1.94,28.02,0.0,5.58,HEATWAVE,train
2131,dharavi,2006-04-30,4,43.8,36.24,32.6,1.5,28.87,0.0,7.56,SEVERE_HEATWAVE,train
3613,dharavi,2006-05-26,5,36.7,35.58,65.1,,27.3,0.0,1.12,NORMAL,test
4585,dharavi,2006-06-02,6,36.9,34.83,65.1,2.45,21.73,0.0,2.07,NORMAL,validation
4437,dharavi,2006-06-04,6,38.3,34.56,68.1,1.63,14.88,0.0,3.74,NORMAL,train
3453,dharavi,2006-06-11,6,40.3,33.5,60.7,4.11,17.07,0.0,6.8,SEVERE_HEATWAVE,train
4384,dharavi,2006-06-17,6,30.6,32.51,65.7,4.25,17.15,3.8,-1.91,NORMAL,train
2690,dharavi,2006-06-22,6,31.8,31.75,93.6,3.44,18.74,9.2,0.05,NORMAL,train
3016,dharavi,2006-07-14,7,29.1,29.72,86.2,2.2,8.22,12.0,-0.62,NORMAL,train
2621,dharavi,2006-07-15,7,29.0,29.65,89.9,,20.08,8.3,-0.65,NORMAL,test
1159,dharavi,2006-07-21,7,29.0,29.35,93.5,4.09,12.38,3.2,-0.35,NORMAL,train
831,dharavi,2006-08-02,8,29.6,29.0,89.9,3.82,12.58,7.2,0.6,NORMAL,train
2161,dharavi,2006-08-11,8,28.5,29.04,86.2,2.78,24.43,34.4,-0.54,NORMAL,validation
1049,dharavi,2006-08-22,8,28.3,29.29,87.8,2.74,23.48,1.9,-0.99,NORMAL,train
1030,dharavi,2006-08-25,8,28.0,29.41,92.3,2.91,21.8,79.3,-1.41,NORMAL,train
1370,dharavi,2006-09-01,9,29.6,29.75,83.6,0.65,18.87,0.0,-0.15,NORMAL,train
2399,dharavi,2006-09-03,9,27.7,29.82,86.4,0.73,16.96,6.1,-2.12,NORMAL,train
3836,dharavi,2006-09-12,9,31.0,30.2,84.0,,21.04,0.1,0.8,NORMAL,validation
4850,dharavi,2006-09-13,9,30.8,30.28,85.6,1.09,21.37,0.0,0.52,NORMAL,validation
592,dharavi,2006-09-18,9,29.7,30.73,83.7,1.5,15.39,6.1,-1.03,NORMAL,train
1060,dharavi,2006-09-23,9,30.5,31.16,84.8,1.89,18.27,37.3,-0.66,NORMAL,train
3152,dharavi,2006-09-25,9,30.9,31.36,95.4,1.62,11.09,3.1,-0.46,NORMAL,train
125,dharavi,2006-10-04,10,30.6,32.19,75.8,2.65,13.47,3.7,-1.59,NORMAL,test
3405,dharavi,2006-10-26,10,35.5,33.4,75.0,1.58,24.51,,2.1,NORMAL,train
4151,dharavi,2006-11-04,11,33.2,33.19,84.1,2.56,17.13,0.0,0.01,NORMAL,validation
895,dharavi,2006-11-10,11,34.8,33.02,67.7,1.62,17.61,0.0,1.78,NORMAL,train
3146,dharavi,2006-11-25,11,33.2,32.28,67.0,2.54,16.95,0.0,0.92,NORMAL,validation
4666,dharavi,2006-12-03,12,36.3,31.87,33.7,1.78,19.88,0.0,4.43,NORMAL,train
4992,dharavi,2006-12-21,12,35.0,30.81,47.6,1.06,18.01,0.0,4.19,NORMAL,train
1994,dharavi,2007-01-01,1,27.8,30.34,65.2,1.34,18.01,0.0,-2.54,NORMAL,validation
1917,dharavi,2007-01-13,1,28.9,30.04,35.2,1.99,15.19,,-1.14,NORMAL,train
4209,dharavi,2007-01-19,1,30.7,30.18,48.6,2.23,17.52,0.0,0.52,NORMAL,validation
1205,dharavi,2007-01-22,1,34.6,30.27,41.3,1.66,18.92,0.0,4.33,NORMAL,train
479,dharavi,2007-01-26,1,29.4,30.36,56.8,1.6,18.31,0.0,-0.96,NORMAL,train
3163,dharavi,2007-01-29,1,29.6,30.51,55.5,2.29,21.11,0.0,-0.91,NORMAL,train
2419,dharavi,2007-02-12,2,36.9,31.51,25.7,2.06,22.02,0.0,5.39,NORMAL,validation
269,dharavi,2007-02-26,2,32.7,32.73,52.0,2.05,22.04,0.0,-0.03,NORMAL,train
435,dharavi,2007-02-28,2,36.8,32.9,37.6,1.35,24.83,0.0,3.9,NORMAL,train
3210,dharavi,2007-03-18,3,38.8,34.55,53.2,1.68,27.36,0.0,4.25,NORMAL,train
2811,dharavi,2007-03-28,3,36.1,35.27,14.3,1.9,25.28,0.0,0.83,NORMAL,train
660,dharavi,2007-04-04,4,35.1,35.57,45.9,2.59,23.4,0.0,-0.47,NORMAL,train
401,dharavi,2007-04-11,4,42.3,35.82,41.9,2.15,31.85,0.0,6.48,SEVERE_HEATWAVE,validation
2459,dharavi,2007-04-26,4,35.7,36.21,58.6,2.39,24.35,0.0,-0.51,NORMAL,train
56,dharavi,2007-05-24,5,37.0,35.74,57.0,3.27,24.4,0.0,1.26,NORMAL,train
2416,dharavi,2007-05-30,5,35.9,35.2,50.4,3.37,,0.0,0.7,NORMAL,train
2431,dharavi,2007-06-14,6,38.2,33.02,70.6,5.14,20.95,0.0,5.18,HEATWAVE,train
702,dharavi,2007-06-15,6,30.0,32.86,67.4,3.37,,101.9,-2.86,NORMAL,validation
2037,dharavi,2007-06-17,6,32.4,32.51,73.3,3.9,14.45,0.0,-0.11,NORMAL,train
4554,dharavi,2007-06-26,6,31.0,31.18,76.2,,15.67,0.0,-0.18,NORMAL,train
3362,dharavi,2007-07-12,7,28.5,29.87,94.5,5.42,25.08,73.4,-1.37,NORMAL,train
528,dharavi,2007-07-20,7,29.0,29.4,93.5,3.78,10.59,148.3,-0.4,NORMAL,train
3604,dharavi,2007-07-22,7,30.2,29.3,85.8,7.07,12.08,32.4,0.9,NORMAL,validation
4303,dharavi,2007-07-24,7,30.2,29.21,84.9,4.0,3.86,3.1,0.99,NORMAL,test
358,dharavi,2007-08-02,8,29.3,29.0,85.8,3.68,15.94,41.8,0.3,NORMAL,train
464,dharavi,2007-08-06,8,28.0,29.0,88.2,2.88,12.54,0.6,-1.0,NORMAL,train
1227,dharavi,2007-08-11,8,29.0,29.04,87.5,1.52,13.05,,-0.04,NORMAL,validation
677,dharavi,2007-08-16,8,30.3,29.12,87.1,1.73,18.51,0.0,1.18,NORMAL,train
2966,dharavi,2007-08-22,8,29.4,29.29,90.6,4.18,18.39,23.3,0.11,NORMAL,train
958,dharavi,2007-09-06,9,31.1,29.92,80.5,1.96,19.02,0.0,1.18,NORMAL,train
2696,dharavi,2007-09-07,9,30.1,29.96,87.2,4.34,21.24,19.2,0.14,NORMAL,train
476,dharavi,2007-09-19,9,26.6,30.81,93.6,3.21,10.88,19.4,-4.21,NORMAL,test
4598,dharavi,2007-09-30,9,31.8,31.81,90.7,3.67,14.26,0.6,-0.01,NORMAL,train
2743,dharavi,2007-11-06,11,36.8,33.14,54.3,1.85,22.44,0.0,3.66,NORMAL,train
822,dharavi,2007-11-07,11,43.8,33.11,48.2,1.39,21.97,0.0,10.69,SEVERE_HEATWAVE,validation
1949,dharavi,2007-11-13,11,34.3,32.9,65.3,2.61,18.3,0.0,1.4,NORMAL,train
4439,dharavi,2007-11-29,11,31.3,32.03,71.4,2.4,18.4,0.0,-0.73,NORMAL,train
972,dharavi,2007-12-20,12,30.6,30.87,55.1,2.03,15.67,0.0,-0.27,NORMAL,train
2813,dharavi,2007-12-29,12,38.7,30.43,48.0,1.53,21.31,0.0,8.27,SEVERE_HEATWAVE,train
4614,dharavi,2008-01-07,1,29.1,30.12,50.3,2.19,19.61,0.0,-1.02,NORMAL,train
2892,dharavi,2008-01-09,1,33.8,30.06,31.4,2.21,17.92,0.0,3.74,NORMAL,validation
448,dharavi,2008-01-12,1,30.9,30.04,43.2,1.44,18.16,0.0,0.86,NORMAL,train
911,dharavi,2008-01-24,1,29.0,30.31,55.6,1.61,18.1,0.0,-1.31,NORMAL,test
1719,dharavi,2008-02-02,2,32.8,30.72,29.4,1.98,20.12,0.0,2.08,NORMAL,validation
4031,dharavi,2008-02-10,2,40.9,31.35,15.9,1.48,26.62,0.0,9.55,SEVERE_HEATWAVE,train
1179,dharavi,2008-02-24,2,29.4,32.55,57.5,,21.72,0.0,-3.15,NORMAL,test
4817,dharavi,2008-03-16,3,38.4,34.41,19.1,1.97,24.67,0.0,3.99,NORMAL,train
4189,dharavi,2008-04-02,4,41.5,35.51,21.5,1.4,26.62,0.0,5.99,HEATWAVE,train
1477,dharavi,2008-04-20,4,42.6,36.11,32.4,1.5,30.19,0.0,6.49,HEATWAVE,test
974,dharavi,2008-04-25,4,39.9,36.2,41.5,2.32,26.72,0.0,3.7,NORMAL,test
498,dharavi,2008-04-30,4,35.5,36.24,51.1,2.06,22.61,0.0,-0.74,NORMAL,test
948,dharavi,2008-05-13,5,40.5,36.22,44.6,2.6,29.3,0.0,4.28,HEATWAVE,train
3487,dharavi,2008-05-16,5,40.5,36.15,48.7,3.17,21.32,0.0,4.35,NORMAL,train
4692,dharavi,2008-05-28,5,39.3,35.41,50.4,2.41,29.4,0.0,3.89,NORMAL,train
1987,dharavi,2008-06-10,6,37.0,33.66,75.8,4.75,17.39,0.0,3.34,NORMAL,test
846,dharavi,2008-06-16,6,32.6,32.68,91.9,2.24,10.26,29.8,-0.08,NORMAL,train
541,dharavi,2008-06-29,6,37.8,30.83,49.3,3.14,18.04,0.0,6.97,SEVERE_HEATWAVE,train
734,dharavi,2008-07-06,7,32.6,30.24,88.3,3.67,21.94,0.0,2.36,NORMAL,train
2082,dharavi,2008-07-20,7,29.6,29.4,87.5,6.22,11.72,42.1,0.2,NORMAL,train
3995,dharavi,2008-07-29,7,29.6,29.07,89.3,4.06,9.13,3.8,0.53,NORMAL,validation
4923,dharavi,2008-07-31,7,31.1,29.02,81.2,4.81,18.26,0.0,2.08,NORMAL,train
4064,dharavi,2008-08-03,8,29.3,29.0,90.3,5.4,16.45,4.6,0.3,NORMAL,train
451,dharavi,2008-08-09,8,35.0,29.03,70.3,1.96,20.61,0.0,5.97,NORMAL,train
3436,dharavi,2008-08-19,8,29.6,29.18,90.4,2.97,7.8,0.0,0.42,NORMAL,train
3745,dharavi,2008-09-08,9,28.7,30.0,91.1,3.18,14.57,11.4,-1.3,NORMAL,test
1710,dharavi,2008-09-21,9,28.9,30.97,84.0,1.86,15.75,0.0,-2.07,NORMAL,train
4273,dharavi,2008-09-22,9,31.8,31.07,86.3,3.74,13.83,0.0,0.73,NORMAL,test
2233,dharavi,2008-09-29,9,33.2,31.72,80.4,4.31,14.4,0.0,1.48,NORMAL,validation
149,dharavi,2008-10-03,10,37.6,32.09,60.6,1.55,21.6,0.0,5.51,HEATWAVE,validation
4861,dharavi,2008-10-17,10,33.0,33.15,74.0,2.17,19.55,,-0.15,NORMAL,train
3417,dharavi,2008-10-18,10,38.6,33.19,72.1,1.25,20.59,0.0,5.41,HEATWAVE,validation
1783,dharavi,2008-10-25,10,35.8,33.4,73.0,1.54,23.98,0.0,2.4,NORMAL,validation
3084,dharavi,2008-11-20,11,33.0,32.55,67.1,3.17,12.73,0.0,0.45,NORMAL,train
3869,dharavi,2008-12-04,12,33.0,31.83,58.0,1.9,17.05,0.0,1.17,NORMAL,train
3399,dharavi,2008-12-06,12,32.9,31.74,61.1,,19.74,0.0,1.16,NORMAL,train
4744,dharavi,2008-12-08,12,29.2,31.63,48.4,1.86,17.86,0.0,-2.43,NORMAL,validation
2098,dharavi,2008-12-17,12,33.1,31.09,54.9,1.78,16.23,0.0,2.01,NORMAL,train
1976,dharavi,2008-12-23,12,32.7,30.69,51.7,,18.24,0.0,2.01,NORMAL,train
2002,dharavi,2008-12-27,12,33.0,30.49,51.9,1.87,19.59,0.0,2.51,NORMAL,test
4521,dharavi,2009-01-12,1,30.4,30.04,39.8,1.38,21.43,0.0,0.36,NORMAL,train
3063,dharavi,2009-01-15,1,30.5,30.05,54.9,2.12,20.28,0.0,0.45,NORMAL,train
1850,dharavi,2009-01-24,1,29.6,30.31,48.2,2.3,19.69,0.0,-0.71,NORMAL,train
4432,dharavi,2009-01-28,1,28.1,30.46,42.8,2.52,20.31,0.0,-2.36,NORMAL,test
3504,dharavi,2009-02-10,2,37.6,31.35,35.4,2.12,25.33,0.0,6.25,HEATWAVE,train
4955,dharavi,2009-02-11,2,38.0,31.42,29.0,1.8,20.69,0.0,6.58,HEATWAVE,test
205,dharavi,2009-02-13,2,30.3,31.6,40.2,2.85,18.89,0.0,-1.3,NORMAL,train
1882,dharavi,2009-02-18,2,35.5,32.03,40.1,1.4,23.33,0.0,3.47,NORMAL,train
1459,dharavi,2009-02-23,2,28.7,32.45,39.7,2.65,22.4,0.0,-3.75,NORMAL,validation
840,dharavi,2009-03-24,3,38.5,34.98,24.4,1.56,23.48,0.0,3.52,NORMAL,test
20,dharavi,2009-03-28,3,38.9,35.27,44.8,2.11,27.39,0.0,3.63,NORMAL,train
1653,dharavi,2009-04-14,4,35.7,35.9,46.7,2.68,,0.0,-0.2,NORMAL,train
2535,dharavi,2009-04-18,4,35.8,36.04,59.2,2.76,22.9,0.0,-0.24,NORMAL,train
539,dharavi,2009-05-12,5,35.7,36.24,69.5,2.16,22.24,0.0,-0.54,NORMAL,validation
938,dharavi,2009-05-29,5,37.2,35.31,55.6,4.35,25.45,0.0,1.89,NORMAL,train
2715,dharavi,2009-06-01,6,33.7,34.97,80.8,4.8,20.61,32.1,-1.27,NORMAL,train
1757,dharavi,2009-06-08,6,39.0,33.99,56.7,1.89,14.32,0.0,5.01,HEATWAVE,train
2552,dharavi,2009-06-14,6,33.8,33.02,79.5,3.45,24.44,19.4,0.78,NORMAL,train
4030,dharavi,2009-06-17,6,35.5,32.51,64.5,2.91,22.9,0.0,2.99,NORMAL,train
2651,dharavi,2009-06-18,6,35.2,32.34,89.3,4.45,16.48,0.0,2.86,NORMAL,train
48,dharavi,2009-06-29,6,30.5,30.83,83.1,3.39,12.76,0.0,-0.33,NORMAL,train
1345,dharavi,2009-07-07,7,31.1,30.17,82.9,3.11,10.43,0.0,0.93,NORMAL,train
2323,dharavi,2009-07-11,7,31.9,29.94,83.9,3.78,24.67,0.0,1.96,NORMAL,train
4280,dharavi,2009-07-31,7,27.7,29.02,86.1,4.36,16.24,34.8,-1.32,NORMAL,train
2877,dharavi,2009-08-05,8,26.9,29.01,92.0,1.7,10.7,1.7,-2.11,NORMAL,test
1852,dharavi,2009-08-11,8,29.2,29.04,93.9,4.11,12.57,41.9,0.16,NORMAL,train
3340,dharavi,2009-08-12,8,29.9,29.05,90.3,1.54,20.02,12.5,0.85,NORMAL,train
2176,dharavi,2009-08-14,8,29.9,29.07,86.5,2.46,22.47,0.0,0.83,NORMAL,train
4146,dharavi,2009-08-20,8,29.8,29.21,89.5,3.0,14.24,0.0,0.59,NORMAL,train
2898,dharavi,2009-08-26,8,30.0,29.46,90.2,3.26,19.0,0.0,0.54,NORMAL,test
3439,dharavi,2009-09-04,9,31.3,29.84,86.6,1.81,20.52,0.5,1.46,NORMAL,train
1885,dharavi,2009-09-11,9,29.8,30.13,91.3,1.97,17.83,7.3,-0.33,NORMAL,train
3220,dharavi,2009-09-12,9,37.4,30.2,66.4,2.84,23.84,0.0,7.2,SEVERE_HEATWAVE,validation
2701,dharavi,2009-09-27,9,32.3,31.53,86.4,3.01,16.89,0.0,0.77,NORMAL,train
1483,dharavi,2009-10-01,10,36.7,31.9,58.3,1.29,20.76,0.0,4.8,HEATWAVE,train
3907,dharavi,2009-10-02,10,30.3,31.99,68.5,2.05,15.4,0.0,-1.69,NORMAL,train
4833,dharavi,2009-10-18,10,34.2,33.19,73.5,1.51,18.76,0.0,1.01,NORMAL,train
17,dharavi,2009-10-26,10,31.7,33.4,80.5,1.3,15.09,0.0,-1.7,NORMAL,test
534,dharavi,2009-10-27,10,37.6,33.4,75.8,1.38,18.0,0.0,4.2,NORMAL,train
1272,dharavi,2009-10-29,10,36.4,33.38,73.6,1.11,15.3,0.0,3.02,NORMAL,train
34,dharavi,2009-11-11,11,33.5,32.99,55.5,1.91,17.69,0.0,0.51,NORMAL,train
1960,dharavi,2009-11-21,11,33.1,32.49,78.7,2.31,19.36,0.0,0.61,NORMAL,train
1153,dharavi,2009-11-22,11,33.2,32.44,48.6,2.13,17.41,0.0,0.76,NORMAL,train
4306,dharavi,2009-12-07,12,37.1,31.69,47.8,2.03,19.7,0.0,5.41,HEATWAVE,train
1632,dharavi,2009-12-25,12,29.9,30.58,82.8,1.25,17.26,0.0,-0.68,NORMAL,test
2288,dharavi,2010-01-10,1,28.3,30.04,61.6,1.68,19.56,0.0,-1.74,NORMAL,train
3637,dharavi,2010-01-11,1,29.1,30.04,57.0,1.8,13.86,0.0,-0.94,NORMAL,train
2023,dharavi,2010-01-25,1,28.4,30.33,45.3,1.97,21.36,0.0,-1.93,NORMAL,test
3931,dharavi,2010-02-06,2,29.3,30.99,60.5,1.53,18.84,0.0,-1.69,NORMAL,validation
447,dharavi,2010-02-08,2,31.5,31.16,21.6,,21.07,0.0,0.34,NORMAL,test
3126,dharavi,2010-02-11,2,37.0,31.42,45.3,1.8,24.1,0.0,5.58,HEATWAVE,validation
4103,dharavi,2010-02-17,2,30.1,31.94,42.0,1.94,21.88,0.0,-1.84,NORMAL,test
300,dharavi,2010-03-28,3,35.5,35.27,,,21.88,0.0,0.23,NORMAL,train
3190,dharavi,2010-04-01,4,36.3,35.47,49.9,2.38,25.83,0.0,0.83,NORMAL,train
472,dharavi,2010-04-07,4,39.4,35.68,40.4,1.49,29.11,0.0,3.72,NORMAL,train
1961,dharavi,2010-04-09,4,35.9,35.76,55.4,2.13,27.25,0.0,0.14,NORMAL,train
116,dharavi,2010-04-18,4,42.9,36.04,12.4,2.15,26.86,0.0,6.86,SEVERE_HEATWAVE,train
3602,dharavi,2010-04-23,4,41.6,36.17,30.7,1.79,27.01,0.0,5.43,HEATWAVE,train
3522,dharavi,2010-04-29,4,44.2,36.24,,1.41,31.41,0.0,7.96,SEVERE_HEATWAVE,train
1322,dharavi,2010-05-31,5,41.6,35.09,45.3,1.71,26.26,0.0,6.51,HEATWAVE,test
1665,dharavi,2010-06-25,6,37.1,31.31,67.6,2.79,19.22,0.0,5.79,HEATWAVE,test
80,dharavi,2010-06-29,6,29.8,30.83,88.1,7.6,18.91,69.3,-1.03,NORMAL,train
311,dharavi,2010-07-03,7,31.1,30.45,83.8,5.17,18.47,48.7,0.65,NORMAL,train
2512,dharavi,2010-07-07,7,29.5,30.17,87.7,4.87,24.18,2.8,-0.67,NORMAL,train
2393,dharavi,2010-07-25,7,29.7,29.18,90.8,4.39,18.24,7.4,0.52,NORMAL,test
2935,dharavi,2010-08-01,8,28.9,29.01,88.1,3.1,27.6,2.1,-0.11,NORMAL,train
793,dharavi,2010-08-02,8,29.6,29.0,89.4,3.73,21.3,6.0,0.6,NORMAL,test
3712,dharavi,2010-08-12,8,29.3,29.05,93.1,2.7,23.57,20.0,0.25,NORMAL,train
267,dharavi,2010-08-14,8,28.8,29.07,90.9,6.15,13.12,14.4,-0.27,NORMAL,train
573,dharavi,2010-08-21,8,30.2,29.25,,2.15,20.96,0.0,0.95,NORMAL,test
64,dharavi,2010-09-02,9,30.7,29.79,83.0,2.31,13.7,0.0,0.91,NORMAL,train
4060,dharavi,2010-09-09,9,37.0,30.03,63.8,1.71,21.21,0.0,6.97,SEVERE_HEATWAVE,train
219,dharavi,2010-09-18,9,30.7,30.73,88.3,3.03,25.52,44.0,-0.03,NORMAL,train
4563,dharavi,2010-09-19,9,28.6,30.81,88.0,2.57,20.83,3.9,-2.21,NORMAL,train
2210,dharavi,2010-10-02,10,43.4,31.99,41.6,1.66,24.57,0.0,11.41,SEVERE_HEATWAVE,test
4752,dharavi,2010-10-10,10,35.4,32.72,60.7,2.08,17.28,0.0,2.68,NORMAL,train
3852,dharavi,2010-10-15,10,38.0,33.07,61.0,0.9,24.29,0.0,4.93,HEATWAVE,train
3350,dharavi,2010-10-22,10,35.3,33.35,62.2,1.71,18.45,0.0,1.95,NORMAL,validation
3811,dharavi,2010-10-25,10,36.1,33.4,80.2,1.18,18.96,0.0,2.7,NORMAL,train
4376,dharavi,2010-11-12,11,33.1,32.95,69.0,2.51,16.75,0.0,0.15,NORMAL,train
817,dharavi,2010-11-20,11,31.7,32.55,67.2,2.64,20.25,0.0,-0.85,NORMAL,train
2262,dharavi,2010-11-24,11,43.3,32.33,46.9,1.07,23.98,0.0,10.97,SEVERE_HEATWAVE,train
1947,dharavi,2010-11-28,11,32.9,32.09,75.7,2.48,17.67,0.0,0.81,NORMAL,train
2933,dharavi,2010-12-03,12,33.3,31.87,49.1,1.45,15.26,0.0,1.43,NORMAL,train
527,dharavi,2010-12-15,12,31.0,31.23,46.4,2.14,16.33,0.0,-0.23,NORMAL,train
3663,dharavi,2010-12-21,12,35.3,30.81,51.4,2.43,22.23,0.0,4.49,NORMAL,train
664,dharavi,2010-12-25,12,36.1,30.58,31.8,1.75,13.92,0.0,5.52,NORMAL,train
2567,dharavi,2010-12-26,12,34.8,30.53,48.0,1.4,16.95,0.0,4.27,NORMAL,train
4884,dharavi,2010-12-30,12,36.6,30.4,21.9,2.21,19.88,0.0,6.2,NORMAL,train
2172,dharavi,2011-01-06,1,31.0,30.14,37.7,1.33,17.09,0.0,0.86,NORMAL,train
1932,dharavi,2011-01-17,1,28.5,30.12,45.9,2.33,20.37,0.0,-1.62,NORMAL,validation
2581,dharavi,2011-01-26,1,37.2,30.36,22.0,1.42,19.94,0.0,6.84,SEVERE_HEATWAVE,train
2486,dharavi,2011-02-03,2,37.8,30.79,12.4,2.38,25.35,0.0,7.01,SEVERE_HEATWAVE,train
4726,dharavi,2011-02-14,2,31.9,31.69,54.7,1.67,20.79,0.0,0.21,NORMAL,train
3279,dharavi,2011-02-15,2,41.6,31.77,23.2,1.78,24.79,0.0,9.83,SEVERE_HEATWAVE,train
4609,dharavi,2011-02-23,2,36.2,32.45,42.8,1.95,23.32,0.0,3.75,NORMAL,train
4892,dharavi,2011-02-24,2,38.5,32.55,41.0,1.89,24.16,0.0,5.95,HEATWAVE,train
207,dharavi,2011-03-03,3,40.3,33.28,17.8,1.62,24.77,0.0,7.02,HEATWAVE,train
1339,dharavi,2011-03-15,3,40.7,34.33,22.3,1.94,26.28,0.0,6.37,SEVERE_HEATWAVE,train
924,dharavi,2011-03-31,3,43.9,35.44,14.3,1.99,27.84,0.0,8.46,SEVERE_HEATWAVE,test
549,dharavi,2011-04-02,4,40.0,35.51,35.9,1.99,25.92,0.0,4.49,NORMAL,train
3905,dharavi,2011-04-06,4,42.6,35.63,29.5,2.15,27.45,0.0,6.97,SEVERE_HEATWAVE,train
1990,dharavi,2011-05-31,5,39.8,35.09,39.1,2.65,25.71,0.0,4.71,HEATWAVE,train
1275,dharavi,2011-06-19,6,31.7,32.2,75.6,2.87,6.27,3.5,-0.5,NORMAL,train
4245,dharavi,2011-06-21,6,32.5,31.89,90.1,3.77,10.99,0.0,0.61,NORMAL,train
2189,dharavi,2011-06-24,6,29.8,31.45,73.9,2.14,20.51,33.0,-1.65,NORMAL,train
4127,dharavi,2011-07-16,7,29.0,29.59,85.4,3.91,10.17,42.7,-0.59,NORMAL,train
823,dharavi,2011-07-24,7,27.9,29.21,89.0,2.83,11.9,55.3,-1.31,NORMAL,train
3373,dharavi,2011-07-28,7,32.8,29.09,78.2,3.61,9.53,0.0,3.71,NORMAL,train
4021,dharavi,2011-08-08,8,28.3,29.01,90.4,6.02,14.59,0.0,-0.71,NORMAL,validation
4911,dharavi,2011-08-15,8,32.1,29.09,79.1,2.08,16.92,14.1,3.01,NORMAL,train
2753,dharavi,2011-08-22,8,29.9,29.29,93.1,3.48,25.17,0.0,0.61,NORMAL,test
1260,dharavi,2011-09-01,9,32.3,29.75,77.5,1.64,23.44,0.0,2.55,NORMAL,train
1971,dharavi,2011-09-10,9,28.8,30.08,87.6,3.88,10.05,2.6,-1.28,NORMAL,train
1877,dharavi,2011-09-13,9,33.6,30.28,75.0,3.11,15.3,0.0,3.32,NORMAL,train
2101,dharavi,2011-09-14,9,36.6,30.37,75.4,1.09,32.0,0.0,6.23,NORMAL,train
1333,dharavi,2011-09-21,9,31.6,30.97,80.9,2.2,10.32,0.0,0.63,NORMAL,train
2561,dharavi,2011-09-26,9,30.9,31.44,82.6,1.26,23.31,51.2,-0.54,NORMAL,train
2749,dharavi,2011-10-02,10,32.5,31.99,79.3,3.11,18.45,0.0,0.51,NORMAL,train
4285,dharavi,2011-10-06,10,29.4,32.38,75.4,,17.45,0.0,-2.98,NORMAL,train
2168,dharavi,2011-10-07,10,39.9,32.48,68.1,1.48,26.32,0.0,7.42,SEVERE_HEATWAVE,validation
2688,dharavi,2011-11-02,11,35.3,33.26,50.7,0.91,22.26,0.0,2.04,NORMAL,test
3316,dharavi,2011-11-03,11,37.6,33.22,50.9,1.96,22.78,0.0,4.38,NORMAL,validation
4122,dharavi,2011-11-04,11,33.4,33.19,72.9,2.39,,6.7,0.21,NORMAL,test
4111,dharavi,2011-11-07,11,38.7,33.11,55.7,2.0,16.34,0.0,5.59,HEATWAVE,train
3767,dharavi,2011-11-12,11,33.5,32.95,60.4,1.79,18.87,0.0,0.55,NORMAL,validation
2171,dharavi,2011-12-10,12,30.6,31.53,64.3,1.79,16.95,0.0,-0.93,NORMAL,validation
4410,dharavi,2011-12-14,12,36.1,31.29,44.6,2.49,22.11,0.0,4.81,NORMAL,train
3166,dharavi,2011-12-18,12,31.9,31.03,52.2,2.66,14.21,0.0,0.87,NORMAL,train
322,dharavi,2011-12-20,12,30.8,30.87,67.6,1.35,13.21,0.0,-0.07,NORMAL,validation
2166,dharavi,2011-12-29,12,37.2,30.43,33.7,1.7,20.68,0.0,6.77,SEVERE_HEATWAVE,train
2789,dharavi,2012-01-03,1,30.3,30.24,48.9,1.93,18.66,0.0,0.06,NORMAL,train
1952,dharavi,2012-01-06,1,29.2,30.14,49.0,2.25,17.39,0.0,-0.94,NORMAL,train
3294,dharavi,2012-01-11,1,34.7,30.04,45.4,1.85,19.46,0.0,4.66,NORMAL,train
4561,dharavi,2012-01-20,1,35.0,30.22,19.4,1.56,17.81,0.0,4.78,NORMAL,train
202,dharavi,2012-01-28,1,30.8,30.46,31.0,2.23,19.2,0.0,0.34,NORMAL,train
2498,dharavi,2012-02-03,2,28.6,30.79,57.4,1.7,18.31,0.0,-2.19,NORMAL,train
102,dharavi,2012-02-08,2,27.1,31.16,60.1,2.11,19.28,0.0,-4.06,NORMAL,test
3183,dharavi,2012-02-11,2,36.7,31.42,45.0,2.11,26.02,0.0,5.28,NORMAL,train
1469,dharavi,2012-02-18,2,34.4,32.03,54.8,1.5,21.44,0.0,2.37,NORMAL,validation
382,dharavi,2012-02-27,2,27.4,32.81,45.4,1.9,24.99,0.0,-5.41,NORMAL,train
122,dharavi,2012-03-13,3,38.9,34.16,28.4,1.07,21.9,0.0,4.74,HEATWAVE,test
278,dharavi,2012-03-15,3,41.2,34.33,24.5,1.48,27.96,0.0,6.87,SEVERE_HEATWAVE,test
4415,dharavi,2012-03-20,3,43.3,34.67,26.4,2.12,28.7,0.0,8.63,SEVERE_HEATWAVE,test
3036,dharavi,2012-03-21,3,35.6,34.75,49.8,2.01,25.72,0.0,0.85,NORMAL,train
3369,dharavi,2012-03-27,3,33.5,35.2,52.1,2.45,27.77,0.0,-1.7,NORMAL,train
4945,dharavi,2012-04-06,4,36.4,35.63,53.3,2.08,25.65,0.0,0.77,NORMAL,train
4731,dharavi,2012-05-04,5,39.7,36.28,51.4,2.56,25.64,0.0,3.42,NORMAL,train
22,dharavi,2012-05-10,5,39.6,36.26,46.7,2.51,23.37,0.0,3.34,NORMAL,train
4506,dharavi,2012-05-15,5,39.5,36.16,63.4,2.2,27.54,0.0,3.34,NORMAL,train
1723,dharavi,2012-05-28,5,40.2,35.41,44.5,1.48,25.19,0.0,4.79,NORMAL,test
2177,dharavi,2012-06-12,6,34.5,33.35,58.3,4.25,14.87,0.0,1.15,NORMAL,test
3080,dharavi,2012-06-23,6,32.6,31.6,75.2,3.87,8.49,0.0,1.0,NORMAL,validation
1878,dharavi,2012-06-26,6,29.0,31.18,78.4,1.56,10.13,19.2,-2.18,NORMAL,train
2137,dharavi,2012-06-28,6,28.5,30.93,68.0,2.7,11.12,19.7,-2.43,NORMAL,train
1526,dharavi,2012-06-29,6,35.5,30.83,78.6,3.07,13.61,0.0,4.67,NORMAL,train
1680,dharavi,2012-07-18,7,27.7,29.49,91.9,4.3,8.63,5.6,-1.79,NORMAL,train
3909,dharavi,2012-07-25,7,29.0,29.18,91.7,3.72,18.44,6.6,-0.18,NORMAL,test
3885,dharavi,2012-07-29,7,27.4,29.07,85.8,3.29,16.83,85.5,-1.67,NORMAL,test
1644,dharavi,2012-07-31,7,29.7,29.02,84.1,3.38,9.93,0.0,0.68,NORMAL,train
3187,dharavi,2012-08-08,8,28.2,29.01,90.5,2.56,10.69,15.0,-0.81,NORMAL,train
4308,dharavi,2012-08-10,8,43.4,29.02,46.1,2.36,23.12,0.0,14.38,SEVERE_HEATWAVE,train
4240,dharavi,2012-08-19,8,27.9,29.18,90.5,1.59,21.14,4.0,-1.28,NORMAL,train
2242,dharavi,2012-09-07,9,29.4,29.96,94.6,2.84,17.54,6.4,-0.56,NORMAL,train
2926,dharavi,2012-09-14,9,30.2,30.37,86.2,3.07,14.44,1.4,-0.17,NORMAL,train
769,dharavi,2012-09-15,9,31.8,30.46,90.4,,25.22,6.3,1.34,NORMAL,train
3752,dharavi,2012-12-07,12,31.8,31.69,43.5,1.02,12.3,0.0,0.11,NORMAL,validation
4434,dharavi,2012-12-10,12,37.0,31.53,44.3,1.29,19.55,0.0,5.47,NORMAL,test
1715,dharavi,2013-01-13,1,29.8,30.04,,1.75,20.1,0.0,-0.24,NORMAL,train
963,dharavi,2013-02-16,2,34.3,31.85,32.3,1.71,22.22,0.0,2.45,NORMAL,validation
3435,dharavi,2013-02-24,2,39.1,32.55,6.5,1.29,25.52,0.0,6.55,SEVERE_HEATWAVE,train
1724,dharavi,2013-02-26,2,31.9,32.73,48.0,1.81,21.74,0.0,-0.83,NORMAL,train
1184,dharavi,2013-03-01,3,39.5,33.08,36.9,1.59,25.1,0.0,6.42,SEVERE_HEATWAVE,test
4700,dharavi,2013-03-11,3,42.5,33.99,21.5,1.59,28.33,0.0,8.51,SEVERE_HEATWAVE,train
569,dharavi,2013-03-15,3,38.3,34.33,29.0,2.27,26.99,0.0,3.97,NORMAL,validation
690,dharavi,2013-03-31,3,36.5,35.44,51.4,1.73,22.53,0.0,1.06,NORMAL,test
2983,dharavi,2013-04-30,4,43.3,36.24,42.8,2.11,29.43,0.0,7.06,SEVERE_HEATWAVE,train
540,dharavi,2013-05-02,5,38.1,36.27,58.5,3.52,27.88,0.0,1.83,NORMAL,train
4862,dharavi,2013-05-13,5,42.1,36.22,51.1,3.27,29.29,0.0,5.88,HEATWAVE,train
2548,dharavi,2013-05-21,5,43.2,35.92,31.1,3.31,26.09,,7.28,SEVERE_HEATWAVE,validation
2091,dharavi,2013-05-27,5,42.2,35.5,41.5,2.63,24.7,0.0,6.7,SEVERE_HEATWAVE,train
1236,dharavi,2013-05-31,5,34.3,35.09,69.8,2.78,26.25,0.0,-0.79,NORMAL,train
2619,dharavi,2013-07-05,7,29.7,30.3,88.7,2.75,23.54,65.9,-0.6,NORMAL,train
2918,dharavi,2013-08-02,8,27.8,29.0,88.8,1.46,12.82,0.0,-1.2,NORMAL,train
1387,dharavi,2013-08-04,8,29.2,29.01,91.1,5.27,13.79,59.5,0.19,NORMAL,test
3626,dharavi,2013-08-10,8,29.8,29.02,88.9,2.89,16.99,12.8,0.78,NORMAL,train
2132,dharavi,2013-08-13,8,28.4,29.06,91.4,4.39,10.66,0.7,-0.66,NORMAL,test
4010,dharavi,2013-09-11,9,32.2,30.13,,1.84,20.03,,2.07,NORMAL,train
126,dharavi,2013-09-12,9,29.3,30.2,86.9,1.78,17.35,72.8,-0.9,NORMAL,train
850,dharavi,2013-09-16,9,31.4,30.55,86.5,4.33,31.22,23.7,0.85,NORMAL,train
2468,dharavi,2013-09-17,9,37.2,30.64,68.4,1.52,24.71,0.0,6.56,SEVERE_HEATWAVE,train
2179,dharavi,2013-09-19,9,30.0,30.81,94.5,1.9,17.46,52.4,-0.81,NORMAL,test
3103,dharavi,2013-09-20,9,33.6,30.89,78.3,2.04,26.35,0.0,2.71,NORMAL,train
473,dharavi,2013-09-21,9,37.1,30.97,67.1,1.82,30.74,0.0,6.13,HEATWAVE,train
3321,dharavi,2013-09-22,9,37.1,31.07,69.7,0.86,20.52,0.0,6.03,HEATWAVE,test
3046,dharavi,2013-10-03,10,37.2,32.09,64.3,2.07,25.31,0.0,5.11,HEATWAVE,validation
250,dharavi,2013-10-13,10,34.1,32.94,71.6,2.23,18.6,9.3,1.16,NORMAL,train
1745,dharavi,2013-11-09,11,33.2,33.04,77.8,1.68,12.39,0.0,0.16,NORMAL,train
616,dharavi,2013-11-11,11,32.0,32.99,66.5,1.43,15.91,0.0,-0.99,NORMAL,train
693,dharavi,2013-11-12,11,40.6,32.95,,1.93,20.83,0.0,7.65,SEVERE_HEATWAVE,train
2725,dharavi,2013-11-23,11,32.2,32.38,76.6,2.04,19.15,0.0,-0.18,NORMAL,train
4636,dharavi,2013-11-26,11,37.4,32.21,44.4,1.94,21.59,0.0,5.19,HEATWAVE,validation
3272,dharavi,2013-12-15,12,30.8,31.23,53.6,1.49,18.43,0.0,-0.43,NORMAL,train
3616,dharavi,2013-12-26,12,37.3,30.53,40.6,2.12,20.64,0.0,6.77,SEVERE_HEATWAVE,train
889,dharavi,2014-01-07,1,31.3,30.12,39.4,1.81,19.89,0.0,1.18,NORMAL,validation
1105,dharavi,2014-01-15,1,29.1,30.05,57.1,2.17,17.35,0.0,-0.95,NORMAL,train
4436,dharavi,2014-01-20,1,30.1,30.22,64.5,1.34,19.89,0.0,-0.12,NORMAL,train
567,dharavi,2014-01-29,1,30.6,30.51,43.3,1.77,16.1,0.0,0.09,NORMAL,validation
880,dharavi,2014-01-30,1,32.1,30.57,45.8,1.41,17.14,0.0,1.53,NORMAL,train
90,dharavi,2014-02-01,2,31.9,30.67,58.6,3.06,21.14,0.0,1.23,NORMAL,train
1566,dharavi,2014-02-04,2,36.4,30.86,32.2,1.4,22.27,0.0,5.54,NORMAL,train
4058,dharavi,2014-02-10,2,29.9,31.35,16.3,2.06,21.14,0.0,-1.45,NORMAL,train
2319,dharavi,2014-02-13,2,37.1,31.6,34.9,2.25,23.22,0.0,5.5,NORMAL,train
2781,dharavi,2014-02-15,2,33.4,31.77,50.8,1.73,22.02,0.0,1.63,NORMAL,train
685,dharavi,2014-02-16,2,31.2,31.85,51.1,1.92,21.61,0.0,-0.65,NORMAL,test
4693,dharavi,2014-02-17,2,32.8,31.94,39.1,1.84,20.98,0.0,0.86,NORMAL,train
474,dharavi,2014-03-07,3,38.6,33.66,22.5,2.36,27.46,0.0,4.94,HEATWAVE,test
607,dharavi,2014-03-13,3,33.2,34.16,41.2,,21.01,0.0,-0.96,NORMAL,train
2625,dharavi,2014-03-17,3,33.6,34.48,43.0,1.95,21.24,0.0,-0.88,NORMAL,train
680,dharavi,2014-03-20,3,43.6,34.67,5.0,1.27,23.46,0.0,8.93,SEVERE_HEATWAVE,train
3571,dharavi,2014-03-22,3,43.6,34.83,27.4,1.49,26.45,0.0,8.77,SEVERE_HEATWAVE,validation
934,dharavi,2014-03-26,3,39.0,35.13,100.0,1.93,26.48,0.0,3.87,NORMAL,test
2224,dharavi,2014-03-31,3,38.6,35.44,63.7,1.41,25.57,0.0,3.16,NORMAL,train
1597,dharavi,2014-04-06,4,43.6,35.63,32.1,1.95,30.26,0.0,7.97,SEVERE_HEATWAVE,train
244,dharavi,2014-04-14,4,34.6,35.9,46.4,2.15,24.15,0.0,-1.3,NORMAL,train
319,dharavi,2014-04-15,4,35.6,35.93,60.0,2.22,25.16,0.0,-0.33,NORMAL,train
4132,dharavi,2014-04-17,4,43.1,36.0,19.5,1.73,28.44,0.0,7.1,SEVERE_HEATWAVE,train
2833,dharavi,2014-04-23,4,41.8,36.17,31.4,1.51,28.92,0.0,5.63,HEATWAVE,train
3926,dharavi,2014-05-14,5,35.9,36.19,61.2,2.58,25.14,0.0,-0.29,NORMAL,train
4559,dharavi,2014-05-17,5,35.5,36.13,58.3,1.83,28.61,0.0,-0.63,NORMAL,train
1057,dharavi,2014-05-26,5,40.2,35.58,47.1,2.48,23.71,0.0,4.62,NORMAL,train
2198,dharavi,2014-05-29,5,35.4,35.31,48.7,3.27,,0.0,0.09,NORMAL,train
292,dharavi,2014-06-03,6,32.1,34.7,72.3,1.96,13.43,28.3,-2.6,NORMAL,validation
2788,dharavi,2014-06-07,6,33.7,34.14,80.2,3.62,25.31,22.2,-0.44,NORMAL,train
2340,dharavi,2014-06-21,6,31.8,31.89,,2.72,18.75,0.0,-0.09,NORMAL,train
351,dharavi,2014-06-23,6,31.7,31.6,93.1,4.16,10.02,16.6,0.1,NORMAL,train
2365,dharavi,2014-07-03,7,32.2,30.45,88.8,2.89,14.32,14.8,1.75,NORMAL,train
4062,dharavi,2014-07-04,7,30.9,30.37,92.9,4.03,1.86,40.3,0.53,NORMAL,train
2,dharavi,2014-07-06,7,30.5,30.24,92.4,5.26,12.58,43.6,0.26,NORMAL,train
209,dharavi,2014-07-20,7,31.7,29.4,81.0,3.42,14.15,0.0,2.3,NORMAL,test
379,dharavi,2014-08-01,8,28.9,29.01,88.0,2.11,13.84,23.0,-0.11,NORMAL,train
2916,dharavi,2014-08-04,8,31.0,29.01,81.1,4.06,21.29,0.0,1.99,NORMAL,train
727,dharavi,2014-08-11,8,29.2,29.04,93.2,4.19,15.92,13.9,0.16,NORMAL,train
186,dharavi,2014-08-21,8,29.2,29.25,,2.27,10.07,37.2,-0.05,NORMAL,train
2265,dharavi,2014-08-23,8,27.1,29.32,91.5,2.9,23.87,8.4,-2.22,NORMAL,train
3460,dharavi,2014-08-24,8,27.4,29.36,89.2,3.72,17.84,10.2,-1.96,NORMAL,train
1160,dharavi,2014-08-26,8,29.2,29.46,89.1,4.1,13.32,21.2,-0.26,NORMAL,train
4751,dharavi,2014-08-28,8,31.3,29.56,88.8,2.5,15.93,0.0,1.74,NORMAL,train
526,dharavi,2014-08-29,8,31.5,29.61,86.1,4.79,17.23,0.0,1.89,NORMAL,train
1624,dharavi,2014-08-30,8,29.6,29.66,89.1,2.57,16.23,0.0,-0.06,NORMAL,train
3547,dharavi,2014-09-01,9,31.4,29.75,84.2,3.13,9.82,0.0,1.65,NORMAL,train
1408,dharavi,2014-09-09,9,30.2,30.03,86.9,1.81,24.87,0.0,0.17,NORMAL,test
1081,dharavi,2014-09-11,9,29.8,30.13,87.5,2.31,17.02,40.0,-0.33,NORMAL,train
2059,dharavi,2014-09-19,9,31.0,30.81,85.2,5.14,18.15,0.0,0.19,NORMAL,train
2491,dharavi,2014-10-05,10,36.3,32.29,59.7,1.71,18.19,0.0,4.01,NORMAL,validation
12,dharavi,2014-10-12,10,39.0,32.87,67.2,1.63,15.92,,6.13,HEATWAVE,train
76,dharavi,2014-10-14,10,33.7,33.01,66.5,1.38,23.83,0.0,0.69,NORMAL,train
4641,dharavi,2014-11-02,11,33.9,33.26,58.2,1.68,18.56,0.0,0.64,NORMAL,train
961,dharavi,2014-11-05,11,35.0,33.16,59.5,1.79,17.44,0.0,1.84,NORMAL,train
4898,dharavi,2014-11-22,11,32.5,32.44,81.0,1.82,18.13,10.9,0.06,NORMAL,test
1780,dharavi,2014-11-30,11,32.2,31.99,50.5,2.32,18.06,0.0,0.21,NORMAL,train
3072,dharavi,2014-12-14,12,32.0,31.29,63.1,2.55,14.97,0.0,0.71,NORMAL,train
2062,dharavi,2014-12-17,12,31.4,31.09,56.9,1.49,15.68,,0.31,NORMAL,train
4659,dharavi,2014-12-27,12,32.4,30.49,35.4,1.69,,0.0,1.91,NORMAL,train
4379,dharavi,2014-12-31,12,31.4,30.37,38.1,2.65,13.06,0.0,1.03,NORMAL,validation
3825,dharavi,2015-01-18,1,30.2,30.14,31.5,2.64,20.26,0.0,0.06,NORMAL,train
545,dharavi,2015-01-19,1,42.8,30.18,7.3,1.79,22.97,0.0,12.62,SEVERE_HEATWAVE,train
2180,dharavi,2015-01-20,1,28.8,30.22,45.0,1.92,20.78,0.0,-1.42,NORMAL,train
2213,dharavi,2015-01-26,1,37.6,30.36,47.7,1.37,20.57,0.0,7.24,SEVERE_HEATWAVE,train
990,dharavi,2015-02-10,2,35.0,31.35,,2.0,21.66,0.0,3.65,NORMAL,train
912,dharavi,2015-02-11,2,34.7,31.42,51.0,2.3,23.42,0.0,3.28,NORMAL,train
3041,dharavi,2015-02-13,2,33.7,31.6,25.2,1.66,23.74,0.0,2.1,NORMAL,train
2324,dharavi,2015-02-17,2,29.8,31.94,41.4,2.84,23.28,0.0,-2.14,NORMAL,train
2439,dharavi,2015-02-23,2,36.7,32.45,,1.64,24.83,0.0,4.25,NORMAL,validation
2241,dharavi,2015-03-06,3,34.3,33.58,24.0,2.2,22.13,0.0,0.72,NORMAL,train
1747,dharavi,2015-03-09,3,39.3,33.82,8.3,1.81,25.53,0.0,5.48,HEATWAVE,train
4276,dharavi,2015-03-18,3,36.5,34.55,40.1,2.3,23.67,0.0,1.95,NORMAL,train
3904,dharavi,2015-03-31,3,35.3,35.44,43.2,1.81,23.66,0.0,-0.14,NORMAL,validation
1302,dharavi,2015-04-18,4,38.8,36.04,38.4,2.54,26.15,0.0,2.76,NORMAL,train
1134,dharavi,2015-04-24,4,35.3,36.18,47.8,1.84,22.08,0.0,-0.88,NORMAL,test
4393,dharavi,2015-06-13,6,31.4,33.19,73.4,1.89,10.61,13.8,-1.79,NORMAL,train
554,dharavi,2015-06-25,6,28.5,31.31,90.4,2.31,17.91,7.0,-2.81,NORMAL,train
2455,dharavi,2015-07-01,7,31.5,30.63,,2.65,16.88,23.1,0.87,NORMAL,test
3984,dharavi,2015-07-09,7,30.3,30.04,89.0,4.41,19.67,0.0,0.26,NORMAL,test
3086,dharavi,2015-07-13,7,30.0,29.79,90.4,3.16,28.09,19.6,0.21,NORMAL,validation
1343,dharavi,2015-07-14,7,29.8,29.72,87.6,4.5,9.45,3.2,0.08,NORMAL,train
849,dharavi,2015-08-16,8,28.3,29.12,91.4,4.92,6.35,2.4,-0.82,NORMAL,train
3944,dharavi,2015-08-23,8,31.0,29.32,86.5,2.17,21.87,26.4,1.68,NORMAL,train
1853,dharavi,2015-08-27,8,28.1,29.51,87.2,3.35,21.02,0.3,-1.41,NORMAL,test
919,dharavi,2015-08-28,8,29.7,29.56,85.1,4.31,15.19,3.2,0.14,NORMAL,test
4009,dharavi,2015-08-30,8,27.1,29.66,89.6,4.25,13.2,8.1,-2.56,NORMAL,validation
4682,dharavi,2015-09-25,9,30.5,31.36,87.3,2.03,14.24,2.1,-0.86,NORMAL,train
4803,dharavi,2015-09-27,9,35.3,31.53,78.1,2.32,15.79,0.0,3.77,NORMAL,train
3630,dharavi,2015-10-14,10,34.3,33.01,80.2,1.44,19.99,0.0,1.29,NORMAL,train
2479,dharavi,2015-10-15,10,32.9,33.07,83.8,1.31,18.74,0.1,-0.17,NORMAL,train
1743,dharavi,2015-11-06,11,31.9,33.14,69.3,2.1,13.4,2.6,-1.24,NORMAL,train
3274,dharavi,2015-11-12,11,41.5,32.95,53.6,1.75,20.12,0.0,8.55,SEVERE_HEATWAVE,train
496,dharavi,2015-11-14,11,32.6,32.85,74.3,1.49,16.86,0.0,-0.25,NORMAL,train
2192,dharavi,2015-11-19,11,32.9,32.6,64.4,1.81,18.23,0.0,0.3,NORMAL,validation
3099,dharavi,2015-11-21,11,33.1,32.49,78.8,2.27,,9.0,0.61,NORMAL,train
2094,dharavi,2016-01-14,1,31.3,30.04,58.6,1.61,17.32,0.0,1.26,NORMAL,train
4069,dharavi,2016-01-29,1,34.8,30.51,61.4,2.07,20.85,0.0,4.29,NORMAL,train
818,dharavi,2016-02-05,2,32.1,30.92,61.5,2.15,21.71,0.0,1.18,NORMAL,test
3407,dharavi,2016-02-13,2,31.8,31.6,51.7,2.37,21.83,0.0,0.2,NORMAL,train
3338,dharavi,2016-02-29,2,31.0,32.99,54.3,1.82,20.32,0.0,-1.99,NORMAL,train
383,dharavi,2016-03-03,3,37.9,33.28,7.7,1.47,24.14,0.0,4.62,NORMAL,train
4470,dharavi,2016-03-04,3,40.3,33.38,20.1,1.27,26.62,0.0,6.92,SEVERE_HEATWAVE,train
4790,dharavi,2016-03-13,3,33.8,34.16,54.8,2.01,21.02,0.0,-0.36,NORMAL,train
764,dharavi,2016-03-20,3,41.0,34.67,16.8,1.91,26.24,0.0,6.33,HEATWAVE,train
3271,dharavi,2016-03-21,3,39.7,34.75,43.8,2.26,24.29,0.0,4.95,HEATWAVE,train
4772,dharavi,2016-04-26,4,40.9,36.21,34.9,2.13,28.43,0.0,4.69,HEATWAVE,train
4004,dharavi,2016-04-27,4,40.6,36.22,40.6,2.79,26.08,0.0,4.38,NORMAL,train
2386,dharavi,2016-04-29,4,40.4,36.24,42.4,2.03,28.96,0.0,4.16,NORMAL,test
2105,dharavi,2016-04-30,4,36.9,36.24,45.0,2.46,21.15,0.0,0.66,NORMAL,train
1297,dharavi,2016-05-03,5,35.1,36.28,64.2,2.37,25.24,0.0,-1.18,NORMAL,train
3265,dharavi,2016-05-04,5,42.9,36.28,46.7,2.35,27.27,0.0,6.62,SEVERE_HEATWAVE,train
1095,dharavi,2016-05-11,5,43.4,36.25,41.8,2.42,28.67,0.0,7.15,SEVERE_HEATWAVE,train
2659,dharavi,2016-05-20,5,36.5,35.98,58.6,2.19,22.76,0.0,0.52,NORMAL,train
2162,dharavi,2016-07-02,7,29.5,30.54,88.5,,10.38,,-1.04,NORMAL,train
1362,dharavi,2016-07-06,7,31.2,30.24,87.9,5.46,15.3,0.8,0.96,NORMAL,test
2566,dharavi,2016-07-30,7,29.5,29.04,89.6,4.87,7.64,22.8,0.46,NORMAL,train
3359,dharavi,2016-08-10,8,28.9,29.02,90.7,2.47,12.56,2.9,-0.12,NORMAL,train
253,dharavi,2016-09-03,9,31.7,29.82,82.4,5.0,23.7,0.0,1.88,NORMAL,train
559,dharavi,2016-09-07,9,31.0,29.96,82.7,2.66,16.75,33.2,1.04,NORMAL,test
4864,dharavi,2016-10-15,10,38.9,33.07,65.1,0.93,22.87,0.0,5.83,HEATWAVE,train
4455,dharavi,2016-10-20,10,38.0,33.28,65.4,1.09,24.07,0.0,4.72,HEATWAVE,validation
613,dharavi,2016-11-04,11,37.5,33.19,55.2,1.66,21.16,0.0,4.31,NORMAL,train
3426,dharavi,2016-11-09,11,34.6,33.04,65.8,1.58,16.69,0.0,1.56,NORMAL,train
2312,dharavi,2016-11-11,11,40.1,32.99,54.5,0.91,22.91,0.0,7.11,SEVERE_HEATWAVE,validation
3227,dharavi,2016-11-25,11,33.4,32.28,59.2,2.41,19.11,0.0,1.12,NORMAL,train
3484,dharavi,2016-11-28,11,43.3,32.09,28.0,1.0,19.19,0.0,11.21,SEVERE_HEATWAVE,train
2657,dharavi,2016-12-10,12,30.0,31.53,82.8,2.64,15.64,0.0,-1.53,NORMAL,train
4118,dharavi,2016-12-11,12,30.6,31.46,64.8,2.75,16.85,0.0,-0.86,NORMAL,train
1141,dharavi,2016-12-15,12,28.6,31.23,55.2,1.56,14.71,0.0,-2.63,NORMAL,train
3911,dharavi,2017-01-01,1,34.8,30.34,20.8,1.75,22.12,0.0,4.46,NORMAL,train
4695,dharavi,2017-01-05,1,30.5,30.17,62.8,1.58,16.77,0.0,0.33,NORMAL,validation
2824,dharavi,2017-01-21,1,28.5,30.25,58.1,1.63,17.35,0.0,-1.75,NORMAL,train
2129,dharavi,2017-02-08,2,36.0,31.16,36.6,2.36,26.01,0.0,4.84,NORMAL,train
4077,dharavi,2017-02-16,2,27.4,31.85,23.8,2.07,22.66,0.0,-4.45,NORMAL,train
2681,dharavi,2017-02-23,2,37.2,32.45,31.8,1.69,23.99,0.0,4.75,HEATWAVE,train
4409,dharavi,2017-02-25,2,31.2,32.64,38.4,2.05,21.46,0.0,-1.44,NORMAL,train
1861,dharavi,2017-03-07,3,33.2,33.66,49.7,1.78,26.33,0.0,-0.46,NORMAL,test
4542,dharavi,2017-03-13,3,32.1,34.16,64.1,2.47,26.38,0.0,-2.06,NORMAL,train
3908,dharavi,2017-03-17,3,33.2,34.48,43.6,,26.74,0.0,-1.28,NORMAL,train
4856,dharavi,2017-04-02,4,37.3,35.51,49.1,2.52,24.01,0.0,1.79,NORMAL,test
3457,dharavi,2017-04-04,4,40.6,35.57,39.4,2.18,24.94,0.0,5.03,HEATWAVE,train
1021,dharavi,2017-04-07,4,40.4,35.68,48.7,1.78,28.69,0.0,4.72,HEATWAVE,train
4688,dharavi,2017-04-08,4,35.7,35.72,48.3,2.28,23.0,0.0,-0.02,NORMAL,validation
4675,dharavi,2017-04-13,4,42.2,35.88,39.1,1.78,29.25,0.0,6.32,HEATWAVE,train
4477,dharavi,2017-04-19,4,36.6,36.08,63.9,2.14,26.3,0.0,0.52,NORMAL,train
3288,dharavi,2017-04-30,4,34.9,36.24,64.0,2.22,23.64,0.0,-1.34,NORMAL,test
639,dharavi,2017-05-07,5,40.7,36.28,32.4,1.74,23.52,0.0,4.42,NORMAL,train
4877,dharavi,2017-05-18,5,44.2,36.08,49.5,2.26,29.77,0.0,8.12,SEVERE_HEATWAVE,validation
2327,dharavi,2017-05-19,5,42.3,36.03,50.5,2.15,28.6,0.0,6.27,HEATWAVE,train
824,dharavi,2017-06-26,6,28.6,31.18,73.7,4.14,21.17,181.7,-2.58,NORMAL,train
2827,dharavi,2017-07-03,7,36.8,30.45,75.9,2.75,13.37,0.0,6.35,NORMAL,train
661,dharavi,2017-07-18,7,31.9,29.49,85.9,2.75,,0.0,2.41,NORMAL,validation
1586,dharavi,2017-07-22,7,29.7,29.3,84.3,2.52,3.44,4.4,0.4,NORMAL,test
4226,dharavi,2017-07-30,7,30.5,29.04,85.4,3.33,11.62,13.6,1.46,NORMAL,train
579,dharavi,2017-08-05,8,31.4,29.01,83.2,3.93,26.2,21.3,2.39,NORMAL,train
2409,dharavi,2017-08-08,8,27.2,29.01,89.3,3.21,22.67,10.7,-1.81,NORMAL,train
4291,dharavi,2017-08-19,8,27.8,29.18,92.2,3.22,18.89,17.2,-1.38,NORMAL,validation
4327,dharavi,2017-08-20,8,28.8,29.21,89.5,3.31,13.86,0.7,-0.41,NORMAL,train
4335,dharavi,2017-08-28,8,30.4,29.56,85.8,7.71,19.85,0.0,0.84,NORMAL,train
4440,dharavi,2017-09-03,9,31.7,29.82,85.8,1.59,15.69,25.0,1.88,NORMAL,validation
4686,dharavi,2017-09-04,9,30.4,29.84,87.8,3.35,,37.7,0.56,NORMAL,train
1011,dharavi,2017-09-17,9,30.1,30.64,87.9,1.33,13.68,12.8,-0.54,NORMAL,test
3877,dharavi,2017-09-22,9,31.9,31.07,84.1,2.77,20.93,3.5,0.83,NORMAL,test
1206,dharavi,2017-09-26,9,34.8,31.44,78.8,1.04,17.48,0.0,3.36,NORMAL,train
4349,dharavi,2017-10-15,10,34.3,33.07,73.4,1.65,16.88,0.0,1.23,NORMAL,test
3110,dharavi,2017-10-21,10,40.5,33.32,63.2,1.45,19.53,0.0,7.18,SEVERE_HEATWAVE,train
2064,dharavi,2017-10-22,10,38.1,33.35,64.8,1.2,20.61,0.0,4.75,HEATWAVE,train
3980,dharavi,2017-10-29,10,35.9,33.38,71.1,2.07,26.14,0.0,2.52,NORMAL,train
2533,dharavi,2017-11-03,11,36.3,33.22,66.1,1.74,21.4,0.0,3.08,NORMAL,validation
3823,dharavi,2017-11-12,11,32.3,32.95,83.5,0.82,17.15,0.0,-0.65,NORMAL,validation
4084,dharavi,2017-12-02,12,32.4,31.91,61.4,2.3,14.79,0.0,0.49,NORMAL,train
1735,dharavi,2017-12-15,12,31.6,31.23,50.4,1.45,16.82,0.0,0.37,NORMAL,test
3049,dharavi,2017-12-21,12,31.1,30.81,57.3,1.99,19.39,0.0,0.29,NORMAL,validation
4225,dharavi,2017-12-30,12,31.1,30.4,68.5,1.32,16.39,0.0,0.7,NORMAL,test
1515,dharavi,2018-01-11,1,32.5,30.04,61.2,1.87,16.98,0.0,2.46,NORMAL,train
4114,dharavi,2018-02-03,2,33.1,30.79,36.8,1.62,23.63,0.0,2.31,NORMAL,train
484,dharavi,2018-02-06,2,35.5,30.99,22.5,1.9,21.96,0.0,4.51,NORMAL,validation
2956,dharavi,2018-02-07,2,36.7,31.07,25.8,1.49,22.87,0.0,5.63,NORMAL,test
1942,dharavi,2018-02-26,2,34.9,32.73,46.1,2.0,20.83,0.0,2.17,NORMAL,validation
2975,dharavi,2018-03-01,3,34.5,33.08,68.2,2.11,19.21,0.0,1.42,NORMAL,test
1728,dharavi,2018-03-02,3,34.8,33.17,53.7,1.86,25.03,0.0,1.63,NORMAL,train
2395,dharavi,2018-03-13,3,34.4,34.16,40.2,2.15,28.23,0.0,0.24,NORMAL,validation
3757,dharavi,2018-03-25,3,39.4,35.06,34.1,1.37,25.9,0.0,4.34,HEATWAVE,train
3466,dharavi,2018-04-22,4,35.7,36.14,40.2,2.25,29.03,0.0,-0.44,NORMAL,validation
3293,dharavi,2018-04-28,4,40.9,36.23,36.5,1.78,29.41,0.0,4.67,NORMAL,train
4234,dharavi,2018-05-03,5,43.6,36.28,31.1,2.01,32.0,0.0,7.32,SEVERE_HEATWAVE,train
2507,dharavi,2018-05-28,5,42.5,35.41,40.3,2.42,24.69,0.0,7.09,HEATWAVE,train
964,dharavi,2018-05-29,5,35.8,35.31,50.8,2.02,21.74,0.0,0.49,NORMAL,train
1090,dharavi,2018-06-20,6,30.4,32.04,64.1,6.16,14.57,38.3,-1.64,NORMAL,validation
2738,dharavi,2018-06-29,6,30.8,30.83,75.9,1.66,24.2,15.2,-0.03,NORMAL,test
1077,dharavi,2018-07-06,7,30.4,30.24,87.1,4.22,16.48,130.4,0.16,NORMAL,train
3193,dharavi,2018-07-19,7,30.3,29.45,88.1,2.72,19.76,0.0,0.85,NORMAL,train
3622,dharavi,2018-07-26,7,31.9,29.15,78.1,3.37,13.68,0.0,2.75,NORMAL,train
4486,dharavi,2018-08-06,8,29.3,29.0,88.7,5.93,17.84,27.5,0.3,NORMAL,train
3963,dharavi,2018-08-13,8,29.1,29.06,92.7,2.75,14.86,0.0,0.04,NORMAL,train
4973,dharavi,2018-08-19,8,28.2,29.18,89.8,3.39,12.73,29.6,-0.98,NORMAL,train
4667,dharavi,2018-08-20,8,27.2,29.21,90.7,3.39,14.21,16.4,-2.01,NORMAL,validation
4156,dharavi,2018-08-21,8,28.4,29.25,89.7,4.47,17.33,5.6,-0.85,NORMAL,test
4799,dharavi,2018-08-25,8,27.0,29.41,91.7,3.93,22.1,16.1,-2.41,NORMAL,train
1496,dharavi,2018-08-31,8,29.4,29.71,88.6,3.01,17.91,4.6,-0.31,NORMAL,validation
546,dharavi,2018-09-04,9,28.2,29.84,92.2,3.65,12.33,0.0,-1.64,NORMAL,validation
955,dharavi,2018-09-14,9,37.1,30.37,67.1,1.43,22.62,0.0,6.73,SEVERE_HEATWAVE,train
2060,dharavi,2018-09-19,9,30.8,30.81,89.8,0.55,10.64,29.7,-0.01,NORMAL,validation
2437,dharavi,2018-10-09,10,35.8,32.65,64.2,2.1,20.3,0.0,3.15,NORMAL,train
4222,dharavi,2018-10-24,10,33.5,33.39,78.1,1.23,21.91,0.0,0.11,NORMAL,train
1660,dharavi,2018-11-24,11,31.4,32.33,61.8,2.27,15.36,0.0,-0.93,NORMAL,test
3679,dharavi,2019-01-01,1,34.8,30.34,48.1,1.91,19.34,0.0,4.46,NORMAL,train
1324,dharavi,2019-01-02,1,30.1,30.29,75.0,1.3,16.52,0.0,-0.19,NORMAL,train
3670,dharavi,2019-01-05,1,30.1,30.17,50.6,2.25,20.0,0.0,-0.07,NORMAL,train
4366,dharavi,2019-01-18,1,31.4,30.14,47.6,1.54,19.74,0.0,1.26,NORMAL,train
4345,dharavi,2019-01-25,1,28.9,30.33,69.2,,17.64,0.0,-1.43,NORMAL,train
1346,dharavi,2019-01-27,1,28.7,30.41,,1.33,20.84,0.0,-1.71,NORMAL,train
896,dharavi,2019-02-02,2,36.8,30.72,38.9,1.95,22.57,0.0,6.08,NORMAL,train
1391,dharavi,2019-02-15,2,31.3,31.77,57.1,1.78,23.65,0.0,-0.47,NORMAL,train
3314,dharavi,2019-03-02,3,29.5,33.17,36.1,2.16,19.83,4.9,-3.67,NORMAL,train
1970,dharavi,2019-03-05,3,40.0,33.49,40.2,2.27,27.49,0.0,6.51,SEVERE_HEATWAVE,train
434,dharavi,2019-03-06,3,38.7,33.58,24.7,1.82,25.55,0.0,5.12,HEATWAVE,test
985,dharavi,2019-03-14,3,41.0,34.25,14.3,2.02,23.44,0.0,6.75,HEATWAVE,train
1163,dharavi,2019-03-18,3,40.8,34.55,30.2,1.76,23.69,0.0,6.25,HEATWAVE,train
3524,dharavi,2019-03-25,3,40.8,35.06,5.0,1.98,25.4,0.0,5.74,HEATWAVE,train
1019,dharavi,2019-04-11,4,39.9,35.82,47.2,1.93,27.03,0.0,4.08,NORMAL,validation
4296,dharavi,2019-04-13,4,42.8,35.88,,1.84,30.29,0.0,6.92,HEATWAVE,train
1219,dharavi,2019-05-02,5,36.3,36.27,62.5,2.36,22.95,0.0,0.03,NORMAL,train
4785,dharavi,2019-05-13,5,36.8,36.22,51.7,1.94,30.4,0.0,0.58,NORMAL,test
1864,dharavi,2019-05-16,5,42.4,36.15,48.9,2.1,31.03,0.0,6.25,HEATWAVE,validation
2870,dharavi,2019-05-17,5,44.3,36.13,,2.04,32.0,,8.17,SEVERE_HEATWAVE,test
4278,dharavi,2019-05-24,5,40.1,35.74,41.6,2.48,28.34,0.0,4.36,NORMAL,test
730,dharavi,2019-05-30,5,39.4,35.2,55.0,2.52,27.91,0.0,4.2,NORMAL,train
3598,dharavi,2019-06-18,6,37.3,32.34,69.4,3.07,20.35,0.0,4.96,HEATWAVE,train
1646,dharavi,2019-06-26,6,29.2,31.18,83.2,,8.66,0.0,-1.98,NORMAL,train
2186,dharavi,2019-07-02,7,33.1,30.54,82.7,4.5,13.61,100.0,2.56,NORMAL,train
1215,dharavi,2019-07-06,7,30.4,30.24,92.2,2.69,7.92,0.2,0.16,NORMAL,validation
3625,dharavi,2019-07-12,7,32.3,29.87,79.6,3.3,14.32,0.0,2.43,NORMAL,train
4927,dharavi,2019-07-19,7,31.1,29.45,,2.88,8.21,0.0,1.65,NORMAL,train
745,dharavi,2019-08-11,8,29.4,29.04,90.6,3.64,15.22,0.0,0.36,NORMAL,train
4150,dharavi,2019-08-13,8,30.4,29.06,86.8,4.14,14.94,7.5,1.34,NORMAL,test
3346,dharavi,2019-08-16,8,28.7,29.12,88.3,1.94,14.47,8.2,-0.42,NORMAL,train
3185,dharavi,2019-08-19,8,32.1,29.18,78.0,4.18,18.84,0.0,2.92,NORMAL,train
3567,dharavi,2019-08-23,8,40.3,29.32,56.1,2.02,22.26,0.0,10.98,SEVERE_HEATWAVE,test
27,dharavi,2019-08-27,8,30.9,29.51,85.0,2.38,23.18,0.0,1.39,NORMAL,train
130,dharavi,2019-08-29,8,30.6,29.61,86.6,3.21,15.25,0.0,0.99,NORMAL,validation
4040,dharavi,2019-09-01,9,31.3,29.75,89.2,3.62,25.05,0.0,1.55,NORMAL,train
190,dharavi,2019-09-05,9,29.2,29.87,90.4,,13.89,2.5,-0.67,NORMAL,train
1625,dharavi,2019-09-10,9,30.0,30.08,97.4,2.17,13.93,45.3,-0.08,NORMAL,train
1729,dharavi,2019-10-02,10,33.4,31.99,77.5,1.21,19.61,0.0,1.41,NORMAL,train
4928,dharavi,2019-10-27,10,38.3,33.4,62.6,0.7,17.25,0.0,4.9,HEATWAVE,train
886,dharavi,2019-10-29,10,37.3,33.38,57.3,1.64,16.15,0.0,3.92,NORMAL,train
2611,dharavi,2019-11-16,11,32.9,32.74,65.9,2.4,16.78,0.0,0.16,NORMAL,train
4100,dharavi,2019-11-20,11,32.5,32.55,62.6,2.02,15.67,0.0,-0.05,NORMAL,train
3950,dharavi,2019-11-21,11,33.6,32.49,83.6,2.34,16.18,0.0,1.11,NORMAL,train
2635,dharavi,2019-11-23,11,38.5,32.38,43.1,1.51,16.83,0.0,6.12,HEATWAVE,train
2153,dharavi,2019-11-29,11,36.5,32.03,62.2,1.21,22.82,0.0,4.47,NORMAL,test
1208,dharavi,2019-11-30,11,37.0,31.99,58.1,2.05,20.33,0.0,5.01,HEATWAVE,train
2438,dharavi,2019-12-06,12,34.8,31.74,46.7,1.88,17.43,0.0,3.06,NORMAL,train
2923,dharavi,2019-12-11,12,36.0,31.46,44.9,1.91,18.12,0.0,4.54,NORMAL,train
4177,dharavi,2019-12-14,12,32.9,31.29,55.6,1.86,12.92,0.0,1.61,NORMAL,test
1183,dharavi,2020-01-02,1,28.9,30.29,45.4,2.13,19.83,,-1.39,NORMAL,train
2071,dharavi,2020-01-04,1,31.3,30.2,53.0,2.2,20.19,0.0,1.1,NORMAL,train
1257,dharavi,2020-01-08,1,29.7,30.09,67.6,1.51,19.95,0.0,-0.39,NORMAL,test
19,dharavi,2020-01-15,1,32.7,30.05,41.8,1.32,19.36,0.0,2.65,NORMAL,train
1754,dharavi,2020-01-20,1,31.1,30.22,49.6,2.27,17.32,0.0,0.88,NORMAL,train
1645,dharavi,2020-01-21,1,32.5,30.25,41.8,2.51,17.31,0.0,2.25,NORMAL,train
1722,dharavi,2020-01-29,1,29.3,30.51,55.1,1.98,20.6,,-1.21,NORMAL,test
2952,dharavi,2020-02-06,2,39.0,30.99,38.8,1.74,24.1,0.0,8.01,SEVERE_HEATWAVE,train
2178,dharavi,2020-02-12,2,29.0,31.51,,1.41,18.81,0.0,-2.51,NORMAL,validation
2107,dharavi,2020-02-21,2,37.9,32.27,44.5,1.57,23.39,0.0,5.63,HEATWAVE,train
1476,dharavi,2020-02-28,2,36.8,32.9,39.1,,23.86,,3.9,NORMAL,train
3386,dharavi,2020-03-10,3,37.8,33.91,47.0,2.17,27.47,0.0,3.89,NORMAL,validation
739,dharavi,2020-03-27,3,42.9,35.2,17.0,1.74,31.19,0.0,7.7,SEVERE_HEATWAVE,validation
2962,dharavi,2020-04-15,4,38.8,35.93,44.6,2.4,27.51,0.0,2.87,NORMAL,train
3902,dharavi,2020-04-17,4,33.8,36.0,60.4,1.98,25.26,1.7,-2.2,NORMAL,train
4914,dharavi,2020-04-27,4,44.2,36.22,26.0,1.79,31.82,0.0,7.98,SEVERE_HEATWAVE,validation
4725,dharavi,2020-05-11,5,35.9,36.25,54.1,1.85,25.15,0.0,-0.35,NORMAL,train
1812,dharavi,2020-05-14,5,40.5,36.19,50.2,1.91,29.92,0.0,4.31,NORMAL,test
4959,dharavi,2020-05-23,5,38.8,35.81,,2.09,26.92,0.0,2.99,NORMAL,train
4212,dharavi,2020-05-30,5,41.4,35.2,55.0,3.42,30.2,0.0,6.2,HEATWAVE,train
1628,dharavi,2020-05-31,5,41.4,35.09,36.7,2.94,28.66,0.0,6.31,HEATWAVE,train
3512,dharavi,2020-06-23,6,30.0,31.6,97.8,5.52,,8.1,-1.6,NORMAL,train
2522,dharavi,2020-07-03,7,29.5,30.45,,3.08,18.8,27.5,-0.95,NORMAL,validation
4200,dharavi,2020-07-07,7,29.5,30.17,90.7,3.12,16.0,86.4,-0.67,NORMAL,train
4362,dharavi,2020-07-31,7,27.3,29.02,92.3,5.36,17.97,24.0,-1.72,NORMAL,train
3794,dharavi,2020-08-11,8,29.2,29.04,92.4,2.29,,2.8,0.16,NORMAL,train
2260,dharavi,2020-08-23,8,29.8,29.32,85.9,1.74,13.52,43.2,0.48,NORMAL,validation
1470,dharavi,2020-08-25,8,30.0,29.41,91.8,5.39,19.28,0.0,0.59,NORMAL,test
3884,dharavi,2020-09-18,9,30.1,30.73,86.9,1.97,15.9,10.2,-0.63,NORMAL,train
2017,dharavi,2020-09-21,9,31.7,30.97,88.3,1.16,16.28,0.0,0.73,NORMAL,train
2683,dharavi,2020-10-12,10,35.9,32.87,79.7,2.05,20.56,0.0,3.03,NORMAL,train
3438,dharavi,2020-10-18,10,39.5,33.19,61.8,1.8,17.26,0.0,6.31,SEVERE_HEATWAVE,test
4848,dharavi,2020-10-21,10,36.4,33.32,77.2,1.02,22.21,0.0,3.08,NORMAL,train
1136,dharavi,2020-11-01,11,37.7,33.29,40.1,1.81,18.23,0.0,4.41,NORMAL,train
1552,dharavi,2020-11-06,11,32.0,33.14,77.4,2.31,18.65,0.0,-1.14,NORMAL,train
3972,dharavi,2020-11-09,11,37.1,33.04,66.6,1.03,19.91,0.0,4.06,NORMAL,train
1357,dharavi,2020-11-21,11,37.3,32.49,58.8,0.83,17.51,0.0,4.81,HEATWAVE,test
1016,dharavi,2020-11-25,11,34.2,32.28,47.6,2.02,15.85,,1.92,NORMAL,train
1981,dharavi,2020-11-26,11,32.7,32.21,69.2,1.92,18.02,0.0,0.49,NORMAL,train
2641,dharavi,2020-12-07,12,33.1,31.69,75.7,3.77,16.27,0.0,1.41,NORMAL,validation
1998,dharavi,2020-12-09,12,35.1,31.58,61.2,1.44,18.53,0.0,3.52,NORMAL,train
1652,dharavi,2020-12-21,12,30.3,30.81,61.8,2.48,15.9,0.0,-0.51,NORMAL,train
2990,dharavi,2021-01-06,1,28.6,30.14,73.7,2.23,15.25,0.0,-1.54,NORMAL,train
1371,dharavi,2021-01-16,1,37.4,30.07,17.6,1.54,21.51,0.0,7.33,SEVERE_HEATWAVE,train
1291,dharavi,2021-01-23,1,30.6,30.29,48.9,1.8,14.66,0.0,0.31,NORMAL,train
3328,dharavi,2021-01-30,1,26.5,30.57,67.7,2.12,15.76,0.0,-4.07,NORMAL,train
4980,dharavi,2021-02-03,2,31.0,30.79,43.8,2.4,,0.0,0.21,NORMAL,train
3136,dharavi,2021-02-10,2,29.0,31.35,40.3,2.44,19.17,0.0,-2.35,NORMAL,train
1024,dharavi,2021-02-22,2,36.5,32.36,53.1,1.67,22.75,0.0,4.14,NORMAL,train
829,dharavi,2021-02-23,2,34.2,32.45,40.7,1.71,22.11,0.0,1.75,NORMAL,train
3057,dharavi,2021-02-28,2,37.8,32.9,44.8,1.91,22.38,0.0,4.9,HEATWAVE,train
4353,dharavi,2021-03-28,3,44.1,35.27,14.4,1.49,24.65,0.0,8.83,SEVERE_HEATWAVE,train
826,dharavi,2021-04-19,4,36.8,36.08,55.1,2.07,24.82,0.0,0.72,NORMAL,train
1843,dharavi,2021-04-26,4,36.7,36.21,,3.38,21.36,0.0,0.49,NORMAL,train
1968,dharavi,2021-04-27,4,36.0,36.22,48.5,2.44,27.44,0.0,-0.22,NORMAL,test
1167,dharavi,2021-04-28,4,44.0,36.23,26.5,1.66,28.37,0.0,7.77,SEVERE_HEATWAVE,train
4176,dharavi,2021-05-09,5,37.9,36.28,54.3,2.69,24.19,9.4,1.62,NORMAL,train
2096,dharavi,2021-05-11,5,41.7,36.25,40.2,2.06,32.0,0.0,5.45,HEATWAVE,test
129,dharavi,2021-05-28,5,39.6,35.41,51.3,1.65,30.01,0.0,4.19,NORMAL,validation
158,dharavi,2021-06-14,6,32.7,33.02,76.0,2.72,15.52,17.2,-0.32,NORMAL,test
2110,dharavi,2021-06-16,6,33.3,32.68,99.2,2.96,23.51,0.0,0.62,NORMAL,train
4005,dharavi,2021-06-17,6,32.9,32.51,84.2,2.77,17.82,35.8,0.39,NORMAL,train
4778,dharavi,2021-06-28,6,31.3,30.93,84.5,3.1,19.76,0.4,0.37,NORMAL,train
2711,dharavi,2021-08-13,8,27.6,29.06,90.5,3.95,16.11,12.1,-1.46,NORMAL,train
3565,dharavi,2021-09-08,9,30.5,30.0,86.4,2.94,,0.0,0.5,NORMAL,train
1053,dharavi,2021-09-12,9,30.9,30.2,81.9,3.53,17.74,0.0,0.7,NORMAL,train
223,dharavi,2021-09-14,9,31.0,30.37,81.7,1.03,9.68,0.0,0.63,NORMAL,train
748,dharavi,2021-09-26,9,28.7,31.44,,3.36,21.38,0.0,-2.74,NORMAL,train
1920,dharavi,2021-09-29,9,29.3,31.72,90.3,1.67,12.13,10.7,-2.42,NORMAL,train
3716,dharavi,2021-10-09,10,31.8,32.65,83.5,1.59,18.86,11.3,-0.85,NORMAL,train
3545,dharavi,2021-10-23,10,39.7,33.38,60.1,1.27,20.87,0.0,6.32,HEATWAVE,train
240,dharavi,2021-10-25,10,31.9,33.4,81.5,2.0,9.98,19.6,-1.5,NORMAL,test
2731,dharavi,2021-10-27,10,38.2,33.4,64.4,0.77,26.01,0.0,4.8,HEATWAVE,train
830,dharavi,2021-10-31,10,29.8,33.32,73.7,2.44,23.25,0.5,-3.52,NORMAL,train
4949,dharavi,2021-11-04,11,32.0,33.19,77.4,1.31,17.22,0.7,-1.19,NORMAL,validation
2286,dharavi,2021-11-13,11,32.4,32.9,73.0,3.41,13.32,0.0,-0.5,NORMAL,train
837,dharavi,2021-11-25,11,36.2,32.28,47.2,1.88,17.93,0.0,3.92,NORMAL,train
4610,dharavi,2021-11-28,11,30.7,32.09,79.2,1.83,15.12,0.0,-1.39,NORMAL,test
625,dharavi,2021-12-04,12,35.4,31.83,51.8,2.36,20.08,0.0,3.57,NORMAL,train
1318,dharavi,2021-12-23,12,36.6,30.69,54.4,1.58,20.23,0.0,5.91,HEATWAVE,train
3770,dharavi,2021-12-25,12,31.3,30.58,55.6,1.77,17.51,0.0,0.72,NORMAL,train
2974,dharavi,2021-12-30,12,29.8,30.4,52.3,1.91,15.79,0.0,-0.6,NORMAL,train
1836,dharavi,2022-01-04,1,30.7,30.2,69.4,1.43,18.54,0.0,0.5,NORMAL,train
1695,dharavi,2022-01-10,1,30.1,30.04,48.3,2.62,16.6,0.0,0.06,NORMAL,train
4400,dharavi,2022-01-28,1,36.4,30.46,40.4,1.37,22.21,0.0,5.94,NORMAL,test
4340,dharavi,2022-02-07,2,32.9,31.07,45.8,2.1,22.04,0.0,1.83,NORMAL,validation
4844,dharavi,2022-02-10,2,37.2,31.35,30.3,1.67,25.5,0.0,5.85,NORMAL,train
3939,dharavi,2022-02-28,2,34.4,32.9,50.0,1.74,23.67,0.0,1.5,NORMAL,train
2352,dharavi,2022-03-11,3,38.7,33.99,35.4,2.23,28.47,0.0,4.71,NORMAL,train
2929,dharavi,2022-03-12,3,39.9,34.07,,1.69,24.79,0.0,5.83,HEATWAVE,validation
4283,dharavi,2022-03-22,3,32.2,34.83,27.5,1.96,26.98,0.0,-2.63,NORMAL,validation
3882,dharavi,2022-03-23,3,34.5,34.91,48.1,2.11,23.39,0.0,-0.41,NORMAL,train
4652,dharavi,2022-04-01,4,39.3,35.47,41.4,1.87,28.16,0.0,3.83,NORMAL,validation
1080,dharavi,2022-04-05,4,44.1,35.59,28.7,1.93,29.35,0.0,8.51,SEVERE_HEATWAVE,train
313,dharavi,2022-04-12,4,42.1,35.85,27.7,1.69,24.38,0.0,6.25,HEATWAVE,test
4130,dharavi,2022-04-14,4,40.7,35.9,32.5,1.98,29.76,0.0,4.8,HEATWAVE,validation
33,dharavi,2022-04-19,4,37.1,36.08,59.9,2.45,27.86,0.0,1.02,NORMAL,train
2575,dharavi,2022-04-27,4,36.3,36.22,56.9,2.7,24.94,0.0,0.08,NORMAL,train
3649,dharavi,2022-05-06,5,37.1,36.29,55.5,2.03,30.67,0.0,0.81,NORMAL,test
4458,dharavi,2022-05-10,5,36.3,36.26,60.8,2.77,26.44,0.0,0.04,NORMAL,train
4548,dharavi,2022-05-13,5,42.4,36.22,47.3,3.52,28.3,0.0,6.18,HEATWAVE,test
1075,dharavi,2022-05-15,5,42.8,36.16,24.1,1.03,32.0,0.0,6.64,SEVERE_HEATWAVE,train
1442,dharavi,2022-06-04,6,40.2,34.56,75.9,2.59,20.52,0.0,5.64,HEATWAVE,train
2354,dharavi,2022-06-05,6,42.6,34.42,54.4,2.03,29.39,0.0,8.18,SEVERE_HEATWAVE,test
4710,dharavi,2022-06-12,6,40.4,33.35,54.4,3.87,12.69,0.0,7.05,SEVERE_HEATWAVE,test
423,dharavi,2022-06-30,6,26.7,30.74,75.1,2.09,16.37,1.7,-4.04,NORMAL,train
4975,dharavi,2022-07-07,7,30.7,30.17,89.1,4.76,15.49,4.3,0.53,NORMAL,train
3383,dharavi,2022-07-10,7,30.5,30.0,83.0,3.58,6.12,7.5,0.5,NORMAL,train
2670,dharavi,2022-07-19,7,39.2,29.45,61.6,4.57,26.24,0.0,9.75,SEVERE_HEATWAVE,test
1689,dharavi,2022-07-20,7,30.2,29.4,83.6,4.98,13.81,,0.8,NORMAL,validation
4416,dharavi,2022-07-30,7,31.6,29.04,87.8,4.0,16.9,39.8,2.56,NORMAL,train
4532,dharavi,2022-08-04,8,32.2,29.01,75.6,3.41,17.12,30.7,3.19,NORMAL,train
3722,dharavi,2022-08-20,8,29.6,29.21,89.6,2.65,17.07,53.8,0.39,NORMAL,train
3572,dharavi,2022-08-24,8,28.5,29.36,91.7,3.56,14.32,2.2,-0.86,NORMAL,train
640,dharavi,2022-08-25,8,31.3,29.41,80.6,3.45,16.77,0.0,1.89,NORMAL,train
157,dharavi,2022-08-27,8,29.6,29.51,95.2,2.52,18.4,0.0,0.09,NORMAL,train
2698,dharavi,2022-09-01,9,29.7,29.75,92.3,2.46,30.31,10.7,-0.05,NORMAL,train
2097,dharavi,2022-09-12,9,30.8,30.2,91.9,1.41,25.13,0.0,0.6,NORMAL,train
3691,dharavi,2022-09-17,9,30.7,30.64,84.7,2.85,20.47,3.3,0.06,NORMAL,train
1758,dharavi,2022-09-18,9,30.2,30.73,92.1,2.65,8.78,0.0,-0.53,NORMAL,train
438,dharavi,2022-09-21,9,29.9,30.97,94.9,1.68,16.84,56.9,-1.07,NORMAL,train
3300,dharavi,2022-10-09,10,32.6,32.65,72.6,2.64,19.23,0.0,-0.05,NORMAL,train
1216,dharavi,2022-10-14,10,39.3,33.01,50.4,1.59,23.6,0.0,6.29,HEATWAVE,train
4068,dharavi,2022-10-23,10,34.2,33.38,77.4,1.04,20.01,7.0,0.82,NORMAL,train
2043,dharavi,2022-10-27,10,33.8,33.4,65.2,1.22,28.47,0.0,0.4,NORMAL,train
2320,dharavi,2022-10-30,10,36.5,33.35,53.6,1.06,23.22,0.0,3.15,NORMAL,train
1268,dharavi,2022-11-05,11,32.2,33.16,71.6,2.04,14.38,0.0,-0.96,NORMAL,train
746,dharavi,2022-11-08,11,41.4,33.07,46.2,1.53,24.17,0.0,8.33,SEVERE_HEATWAVE,train
1798,dharavi,2022-11-14,11,31.4,32.85,73.1,1.71,18.41,0.0,-1.45,NORMAL,train
2454,dharavi,2022-11-15,11,38.8,32.8,56.5,1.74,20.71,0.0,6.0,HEATWAVE,train
369,dharavi,2022-11-20,11,33.5,32.55,49.7,2.46,15.7,0.0,0.95,NORMAL,train
2358,dharavi,2022-11-22,11,34.6,32.44,52.3,1.99,17.38,0.0,2.16,NORMAL,train
1361,dharavi,2022-12-12,12,32.3,31.4,49.7,1.77,19.96,0.0,0.9,NORMAL,train
1311,dharavi,2022-12-19,12,38.6,30.94,24.4,1.1,18.26,0.0,7.66,SEVERE_HEATWAVE,train
3897,dharavi,2022-12-26,12,30.8,30.53,52.7,1.56,15.92,0.0,0.27,NORMAL,train
3052,dharavi,2023-01-07,1,32.9,30.12,61.5,1.88,20.64,0.0,2.78,NORMAL,train
4908,dharavi,2023-01-14,1,30.0,30.04,62.6,2.58,19.99,0.0,-0.04,NORMAL,test
4223,dharavi,2023-01-15,1,35.0,30.05,41.0,2.38,21.81,0.0,4.95,NORMAL,train
1355,dharavi,2023-02-11,2,35.7,31.42,36.4,0.99,21.31,0.0,4.28,NORMAL,test
1097,dharavi,2023-02-15,2,34.8,31.77,14.3,1.94,24.24,0.0,3.03,NORMAL,train
1290,dharavi,2023-02-21,2,30.6,32.27,44.6,1.58,21.33,0.0,-1.67,NORMAL,train
2298,dharavi,2023-02-22,2,32.2,32.36,33.3,2.49,21.65,0.0,-0.16,NORMAL,validation
1173,dharavi,2023-02-25,2,33.5,32.64,,2.12,22.79,0.0,0.86,NORMAL,train
4378,dharavi,2023-03-03,3,37.6,33.28,34.5,1.42,24.47,0.0,4.32,NORMAL,validation
2504,dharavi,2023-03-07,3,34.7,33.66,52.0,1.8,21.89,0.0,1.04,NORMAL,train
1562,dharavi,2023-03-15,3,34.3,34.33,41.3,3.11,24.33,0.0,-0.03,NORMAL,train
3880,dharavi,2023-03-24,3,42.2,34.98,41.1,1.51,27.36,0.0,7.22,SEVERE_HEATWAVE,train
2661,dharavi,2023-03-28,3,36.2,35.27,54.3,2.29,23.17,0.0,0.93,NORMAL,validation
557,dharavi,2023-04-22,4,40.1,36.14,37.2,1.78,28.24,0.0,3.96,NORMAL,train
1570,dharavi,2023-04-23,4,36.9,36.17,47.7,2.24,25.34,0.0,0.73,NORMAL,train
725,dharavi,2023-04-27,4,37.8,36.22,60.3,2.17,21.52,0.0,1.58,NORMAL,train
3180,dharavi,2023-05-06,5,41.6,36.29,42.3,1.68,22.4,0.0,5.31,HEATWAVE,test
1929,dharavi,2023-06-16,6,34.1,32.68,62.3,3.87,22.84,9.4,1.42,NORMAL,train
898,dharavi,2023-07-01,7,36.6,30.63,73.3,3.06,12.71,0.0,5.97,NORMAL,train
1114,dharavi,2023-07-08,7,31.5,30.1,83.0,2.84,13.26,113.7,1.4,NORMAL,train
99,dharavi,2023-07-20,7,29.3,29.4,88.5,2.86,10.71,3.3,-0.1,NORMAL,train
582,dharavi,2023-08-11,8,29.8,29.04,84.3,4.63,19.54,51.0,0.76,NORMAL,validation
4374,dharavi,2023-08-13,8,30.2,29.06,87.1,3.09,16.11,0.0,1.14,NORMAL,train
3658,dharavi,2023-08-16,8,30.0,29.12,86.6,4.8,15.65,16.6,0.88,NORMAL,train
4381,dharavi,2023-08-23,8,28.9,29.32,92.6,3.71,10.9,0.0,-0.42,NORMAL,train
4535,dharavi,2023-08-27,8,27.0,29.51,91.4,3.06,16.98,0.9,-2.51,NORMAL,validation
4802,dharavi,2023-08-29,8,29.8,29.61,89.5,3.82,14.33,58.0,0.19,NORMAL,validation
1591,dharavi,2023-09-01,9,34.0,29.75,71.4,2.98,17.95,0.0,4.25,NORMAL,train
4105,dharavi,2023-09-11,9,28.7,30.13,93.8,1.95,16.92,0.0,-1.43,NORMAL,train
216,dharavi,2023-09-18,9,29.5,30.73,82.8,2.46,,1.7,-1.23,NORMAL,train
331,dharavi,2023-10-04,10,33.6,32.19,66.0,1.48,22.28,0.0,1.41,NORMAL,train
3296,dharavi,2023-10-18,10,39.3,33.19,71.8,1.37,25.15,0.0,6.11,HEATWAVE,validation
1338,dharavi,2023-10-23,10,39.5,33.38,53.1,,23.76,0.0,6.12,HEATWAVE,train
1192,dharavi,2023-10-24,10,31.3,33.39,74.6,1.81,23.28,0.0,-2.09,NORMAL,train
4406,dharavi,2023-10-29,10,31.4,33.38,74.3,1.37,13.48,,-1.98,NORMAL,train
403,dharavi,2023-11-03,11,33.1,33.22,74.5,1.38,19.06,0.0,-0.12,NORMAL,train
834,dharavi,2023-11-30,11,30.8,31.99,65.8,2.52,17.15,0.0,-1.19,NORMAL,validation
2413,dharavi,2023-12-02,12,36.4,31.91,42.0,,19.86,0.0,4.49,NORMAL,validation
1281,dharavi,2023-12-04,12,32.9,31.83,62.0,1.98,19.99,0.0,1.07,NORMAL,train
836,dharavi,2023-12-13,12,36.7,31.34,46.9,1.73,16.43,0.0,5.36,HEATWAVE,train
3258,dharavi,2023-12-14,12,32.2,31.29,49.1,1.86,15.26,0.0,0.91,NORMAL,train
1039,dharavi,2024-01-28,1,29.6,30.46,53.1,2.22,16.17,,-0.86,NORMAL,validation
865,dharavi,2024-02-11,2,30.7,31.42,58.9,1.71,23.18,0.0,-0.72,NORMAL,train
821,dharavi,2024-02-15,2,37.6,31.77,11.3,1.88,22.41,0.0,5.83,HEATWAVE,validation
2861,dharavi,2024-03-06,3,34.4,33.58,53.2,2.25,21.53,0.0,0.82,NORMAL,train
1220,dharavi,2024-03-12,3,35.0,34.07,61.7,1.66,25.87,0.0,0.93,NORMAL,test
3255,dharavi,2024-04-13,4,39.1,35.88,41.4,2.08,23.93,0.0,3.22,NORMAL,train
1955,dharavi,2024-04-23,4,44.3,36.17,30.8,2.19,31.72,0.0,8.13,SEVERE_HEATWAVE,validation
3917,dharavi,2024-04-28,4,41.7,36.23,38.5,1.1,27.18,0.0,5.47,HEATWAVE,train
3600,dharavi,2024-05-03,5,35.3,36.28,67.0,2.03,25.37,3.3,-0.98,NORMAL,train
3301,dharavi,2024-05-07,5,43.8,36.28,40.1,1.97,29.73,0.0,7.52,SEVERE_HEATWAVE,train
1594,dharavi,2024-05-17,5,37.3,36.13,52.1,2.41,,0.0,1.17,NORMAL,train
3473,dharavi,2024-05-18,5,38.0,36.08,57.2,1.71,27.82,0.0,1.92,NORMAL,validation
2706,dharavi,2024-05-22,5,33.9,35.87,64.7,3.94,22.11,0.5,-1.97,NORMAL,validation
4109,dharavi,2024-05-29,5,42.4,35.31,,2.63,27.53,0.0,7.09,HEATWAVE,train
792,dharavi,2024-06-10,6,40.2,33.66,43.8,2.14,22.51,0.0,6.54,SEVERE_HEATWAVE,train
1727,dharavi,2024-07-03,7,37.1,30.45,70.6,2.77,16.77,0.0,6.65,SEVERE_HEATWAVE,train
2374,dharavi,2024-07-05,7,30.5,30.3,88.5,4.8,12.26,0.0,0.2,NORMAL,train
3005,dharavi,2024-07-29,7,28.2,29.07,92.6,,14.13,53.9,-0.87,NORMAL,train
1543,dharavi,2024-08-11,8,34.6,29.04,73.0,4.88,24.4,0.0,5.56,NORMAL,train
52,dharavi,2024-08-13,8,26.7,29.06,91.9,1.84,11.27,49.4,-2.36,NORMAL,train
1950,dharavi,2024-08-15,8,30.9,29.09,84.8,3.27,16.71,0.0,1.81,NORMAL,train
4179,dharavi,2024-09-06,9,28.5,29.92,87.8,2.25,20.72,0.0,-1.42,NORMAL,test
2072,dharavi,2024-09-12,9,29.7,30.2,85.0,0.95,15.76,33.9,-0.5,NORMAL,train
1004,dharavi,2024-09-30,9,29.0,31.81,90.5,1.66,15.44,6.6,-2.81,NORMAL,train
2807,dharavi,2024-10-20,10,30.7,33.28,72.9,1.83,10.88,0.0,-2.58,NORMAL,train
1737,dharavi,2024-10-27,10,32.4,33.4,92.1,1.53,12.01,0.0,-1.0,NORMAL,train
2716,dharavi,2024-10-29,10,33.2,33.38,82.4,2.46,16.91,0.0,-0.18,NORMAL,validation
2035,dharavi,2024-11-16,11,39.3,32.74,42.2,1.27,19.48,0.0,6.56,SEVERE_HEATWAVE,train
1062,dharavi,2024-11-20,11,33.4,32.55,74.0,2.67,17.44,0.0,0.85,NORMAL,train
1733,dharavi,2024-11-25,11,36.3,32.28,42.0,1.97,17.82,0.0,4.02,NORMAL,train
1146,dharavi,2024-12-01,12,30.4,31.94,66.5,1.62,17.14,0.0,-1.54,NORMAL,validation
1143,dharavi,2024-12-15,12,32.9,31.23,,1.1,18.11,0.0,1.67,NORMAL,train
535,dharavi,2024-12-24,12,28.9,30.63,62.5,2.01,16.86,0.0,-1.73,NORMAL,train
4089,kurla,2000-01-16,1,30.9,30.07,77.8,1.94,19.24,0.0,0.83,NORMAL,validation
4343,kurla,2000-01-21,1,30.7,30.25,48.8,1.94,20.96,0.0,0.45,NORMAL,validation
1838,kurla,2000-01-27,1,31.1,30.41,40.6,2.4,16.31,5.2,0.69,NORMAL,test
3851,kurla,2000-02-11,2,33.1,31.42,30.0,1.75,24.46,0.0,1.68,NORMAL,train
1583,kurla,2000-02-26,2,31.6,32.73,41.2,2.12,23.91,0.0,-1.13,NORMAL,train
4342,kurla,2000-02-27,2,30.8,32.81,43.3,2.19,24.13,,-2.01,NORMAL,train
2156,kurla,2000-02-28,2,34.8,32.9,33.3,1.46,20.54,0.0,1.9,NORMAL,train
3334,kurla,2000-03-03,3,34.7,33.28,41.4,1.84,26.63,0.0,1.42,NORMAL,train
4642,kurla,2000-03-06,3,38.3,33.58,36.3,1.94,28.36,0.0,4.72,HEATWAVE,train
3254,kurla,2000-03-08,3,37.0,33.74,41.1,,25.98,0.0,3.26,NORMAL,train
4696,kurla,2000-03-09,3,40.7,33.82,31.4,1.82,26.17,0.0,6.88,SEVERE_HEATWAVE,train
3696,kurla,2000-04-07,4,33.0,35.68,53.4,2.23,26.28,0.0,-2.68,NORMAL,test
2350,kurla,2000-04-15,4,36.0,35.93,35.2,2.23,24.9,0.0,0.07,NORMAL,train
4680,kurla,2000-04-16,4,40.9,35.96,49.1,2.23,26.27,0.0,4.94,HEATWAVE,train
1415,kurla,2000-04-24,4,39.7,36.18,34.3,2.33,27.08,0.0,3.52,NORMAL,test
3562,kurla,2000-05-04,5,37.7,36.28,63.3,3.02,22.3,0.0,1.42,NORMAL,train
301,kurla,2000-05-09,5,37.3,36.28,68.4,3.69,27.87,0.0,1.02,NORMAL,test
4514,kurla,2000-06-11,6,34.0,33.5,67.7,3.52,18.6,3.4,0.5,NORMAL,train
3573,kurla,2000-06-12,6,37.8,33.35,67.8,3.55,21.11,0.0,4.45,HEATWAVE,test
3800,kurla,2000-07-08,7,37.1,30.1,68.1,4.86,11.79,0.0,7.0,SEVERE_HEATWAVE,train
3842,kurla,2000-07-11,7,31.4,29.94,83.8,2.73,18.65,15.4,1.46,NORMAL,train
3170,kurla,2000-07-28,7,29.9,29.09,90.4,2.73,16.79,1.5,0.81,NORMAL,train
525,kurla,2000-08-04,8,29.6,29.01,85.8,4.16,26.48,0.0,0.59,NORMAL,train
465,kurla,2000-08-10,8,28.0,29.02,93.9,3.78,17.21,16.8,-1.02,NORMAL,train
3229,kurla,2000-08-12,8,27.3,29.05,92.1,2.85,14.32,1.3,-1.75,NORMAL,train
2235,kurla,2000-08-13,8,26.8,29.06,90.8,2.38,18.45,30.0,-2.26,NORMAL,train
3425,kurla,2000-08-17,8,28.6,29.13,88.7,6.92,10.66,16.1,-0.53,NORMAL,train
3938,kurla,2000-09-06,9,29.8,29.92,89.8,1.67,10.92,0.0,-0.12,NORMAL,train
4424,kurla,2000-09-08,9,33.7,30.0,77.2,1.42,21.51,0.0,3.7,NORMAL,train
1904,kurla,2000-09-18,9,37.9,30.73,73.0,2.9,16.18,0.0,7.17,SEVERE_HEATWAVE,validation
3096,kurla,2000-10-07,10,38.3,32.48,53.8,1.74,11.99,0.0,5.82,HEATWAVE,train
364,kurla,2000-10-15,10,32.6,33.07,86.0,1.13,19.53,6.1,-0.47,NORMAL,train
4849,kurla,2000-10-21,10,37.8,33.32,59.5,1.13,25.13,0.0,4.48,NORMAL,train
4294,kurla,2000-12-25,12,30.6,30.58,62.2,1.68,16.32,0.0,0.02,NORMAL,test
1354,kurla,2000-12-30,12,37.2,30.4,49.5,1.88,19.7,0.0,6.8,SEVERE_HEATWAVE,train
4204,kurla,2001-01-05,1,29.0,30.17,69.3,2.4,17.14,0.0,-1.17,NORMAL,train
2003,kurla,2001-01-16,1,37.4,30.07,46.8,1.53,18.14,0.0,7.33,SEVERE_HEATWAVE,train
4457,kurla,2001-01-17,1,29.0,30.12,60.7,2.21,20.82,0.0,-1.12,NORMAL,train
2385,kurla,2001-02-08,2,31.1,31.16,57.1,2.11,20.0,0.0,-0.06,NORMAL,train
3641,kurla,2001-02-14,2,35.5,31.69,34.0,2.0,26.17,0.0,3.81,NORMAL,train
450,kurla,2001-02-16,2,28.7,31.85,45.0,2.05,21.86,0.0,-3.15,NORMAL,train
380,kurla,2001-02-25,2,42.2,32.64,17.6,2.03,30.51,0.0,9.56,SEVERE_HEATWAVE,train
536,kurla,2001-03-01,3,33.9,33.08,53.2,2.67,22.29,0.0,0.82,NORMAL,train
2783,kurla,2001-03-16,3,33.1,34.41,39.6,2.42,24.5,0.0,-1.31,NORMAL,train
3900,kurla,2001-03-19,3,41.1,34.61,16.9,1.55,27.47,,6.49,SEVERE_HEATWAVE,train
1963,kurla,2001-03-22,3,35.9,34.83,30.2,1.85,25.64,0.0,1.07,NORMAL,train
2246,kurla,2001-03-25,3,39.8,35.06,39.4,2.84,27.95,0.0,4.74,HEATWAVE,test
3048,kurla,2001-04-25,4,36.6,36.2,37.4,2.01,24.19,0.0,0.4,NORMAL,train
3755,kurla,2001-05-07,5,35.6,36.28,63.0,2.54,20.46,0.0,-0.68,NORMAL,train
3814,kurla,2001-05-18,5,41.3,36.08,54.2,2.53,27.39,0.0,5.22,HEATWAVE,train
3961,kurla,2001-05-21,5,39.9,35.92,56.4,2.87,,0.0,3.98,NORMAL,train
2565,kurla,2001-06-09,6,30.8,33.82,78.9,4.24,15.05,28.8,-3.02,NORMAL,train
2173,kurla,2001-06-15,6,32.6,32.86,78.5,3.75,3.58,19.4,-0.26,NORMAL,train
4097,kurla,2001-07-01,7,36.7,30.63,73.3,3.67,15.33,0.0,6.07,NORMAL,train
551,kurla,2001-07-30,7,28.3,29.04,85.5,3.08,12.93,66.9,-0.74,NORMAL,train
1131,kurla,2001-08-03,8,31.0,29.0,86.9,1.69,19.3,0.0,2.0,NORMAL,validation
115,kurla,2001-08-05,8,30.1,29.01,84.4,5.49,25.49,0.0,1.09,NORMAL,train
4791,kurla,2001-08-15,8,28.2,29.09,89.4,5.13,17.28,27.4,-0.89,NORMAL,train
1761,kurla,2001-08-18,8,28.8,29.15,87.7,4.56,16.49,4.4,-0.35,NORMAL,train
3424,kurla,2001-08-23,8,30.9,29.32,87.3,4.96,16.44,5.6,1.58,NORMAL,train
2276,kurla,2001-09-04,9,29.2,29.84,86.4,2.29,17.06,9.3,-0.64,NORMAL,train
3692,kurla,2001-09-27,9,30.4,31.53,91.8,1.65,,59.5,-1.13,NORMAL,train
4913,kurla,2001-09-28,9,32.1,31.62,81.4,1.6,20.29,15.5,0.48,NORMAL,train
4761,kurla,2001-11-07,11,32.9,33.11,66.7,1.68,19.69,0.0,-0.21,NORMAL,test
3278,kurla,2001-11-25,11,36.9,32.28,53.1,2.22,18.76,0.0,4.62,HEATWAVE,validation
2685,kurla,2001-12-17,12,31.5,31.09,62.8,2.16,15.38,0.0,0.41,NORMAL,train
2791,kurla,2001-12-23,12,31.8,30.69,35.5,1.77,17.1,0.0,1.11,NORMAL,train
2858,kurla,2001-12-26,12,28.6,30.53,72.2,2.18,18.4,0.0,-1.93,NORMAL,train
4595,kurla,2002-01-25,1,35.4,30.33,55.5,1.33,19.19,,5.07,NORMAL,train
361,kurla,2002-03-18,3,34.0,34.55,34.2,2.67,21.67,0.0,-0.55,NORMAL,train
3949,kurla,2002-03-30,3,36.4,35.4,53.5,2.2,19.87,0.0,1.0,NORMAL,validation
4399,kurla,2002-04-12,4,43.0,35.85,25.8,1.41,29.27,,7.15,SEVERE_HEATWAVE,train
4466,kurla,2002-05-04,5,36.1,36.28,54.1,1.62,26.95,0.0,-0.18,NORMAL,train
1797,kurla,2002-06-19,6,38.1,32.2,68.0,4.22,9.6,0.0,5.9,HEATWAVE,validation
162,kurla,2002-06-28,6,40.2,30.93,54.1,4.68,32.0,0.0,9.27,SEVERE_HEATWAVE,train
2820,kurla,2002-07-20,7,31.6,29.4,87.5,3.71,19.42,0.0,2.2,NORMAL,train
875,kurla,2002-08-03,8,30.7,29.0,83.5,3.65,22.42,0.0,1.7,NORMAL,train
4421,kurla,2002-08-05,8,27.5,29.01,90.9,2.5,17.95,2.4,-1.51,NORMAL,test
4948,kurla,2002-08-06,8,29.2,29.0,84.9,3.47,12.46,0.0,0.2,NORMAL,test
3681,kurla,2002-08-08,8,29.4,29.01,88.0,4.72,19.49,17.4,0.39,NORMAL,train
1705,kurla,2002-08-26,8,30.8,29.46,87.0,1.93,20.5,0.0,1.34,NORMAL,train
4397,kurla,2002-09-06,9,36.9,29.92,68.9,0.89,29.43,0.0,6.98,NORMAL,test
3065,kurla,2002-09-07,9,30.1,29.96,90.2,1.78,19.96,8.0,0.14,NORMAL,train
4098,kurla,2002-09-15,9,33.0,30.46,83.9,1.88,20.21,0.0,2.54,NORMAL,train
463,kurla,2002-09-20,9,36.7,30.89,71.4,1.82,22.36,0.0,5.81,NORMAL,train
3748,kurla,2002-10-04,10,37.1,32.19,82.9,1.36,18.06,0.0,4.91,HEATWAVE,train
3979,kurla,2002-11-11,11,35.4,32.99,64.5,1.54,18.45,0.0,2.41,NORMAL,train
189,kurla,2002-11-12,11,37.5,32.95,55.9,2.2,18.62,0.0,4.55,HEATWAVE,train
629,kurla,2002-11-20,11,32.9,32.55,83.8,2.35,17.87,0.0,0.35,NORMAL,validation
651,kurla,2002-11-24,11,40.9,32.33,52.7,1.78,22.03,0.0,8.57,SEVERE_HEATWAVE,train
143,kurla,2002-12-01,12,30.1,31.94,50.0,1.42,20.55,0.0,-1.84,NORMAL,train
316,kurla,2002-12-05,12,35.1,31.79,40.0,2.03,,0.0,3.31,NORMAL,train
2599,kurla,2003-01-04,1,40.1,30.2,29.1,1.22,23.24,0.0,9.9,SEVERE_HEATWAVE,train
4041,kurla,2003-01-23,1,32.9,30.29,47.2,1.87,17.46,0.0,2.61,NORMAL,train
3792,kurla,2003-01-28,1,28.5,30.46,29.3,2.28,19.4,0.0,-1.96,NORMAL,train
254,kurla,2003-02-02,2,35.5,30.72,26.9,2.55,22.97,0.0,4.78,NORMAL,validation
29,kurla,2003-02-05,2,30.9,30.92,45.7,1.67,19.34,0.0,-0.02,NORMAL,train
1078,kurla,2003-02-11,2,31.4,31.42,40.6,1.59,,0.0,-0.02,NORMAL,validation
4869,kurla,2003-02-17,2,33.0,31.94,56.5,2.36,22.11,0.0,1.06,NORMAL,train
3655,kurla,2003-02-26,2,37.7,32.73,,1.59,21.83,0.0,4.97,HEATWAVE,train
2763,kurla,2003-03-16,3,40.3,34.41,5.0,1.26,28.14,0.0,5.89,HEATWAVE,train
4256,kurla,2003-03-19,3,40.6,34.61,6.8,1.34,27.81,0.0,5.99,HEATWAVE,train
683,kurla,2003-04-15,4,36.5,35.93,41.4,2.25,24.89,0.0,0.57,NORMAL,train
755,kurla,2003-04-26,4,35.2,36.21,52.0,2.41,24.04,0.0,-1.01,NORMAL,train
1383,kurla,2003-05-02,5,43.2,36.27,48.1,2.38,27.14,0.0,6.93,SEVERE_HEATWAVE,train
3094,kurla,2003-05-04,5,43.2,36.28,38.7,2.73,27.96,0.0,6.92,SEVERE_HEATWAVE,train
4054,kurla,2003-05-16,5,43.8,36.15,45.9,2.6,29.08,0.0,7.65,SEVERE_HEATWAVE,train
1102,kurla,2003-05-20,5,42.5,35.98,41.2,1.92,26.78,0.0,6.52,HEATWAVE,test
2643,kurla,2003-05-21,5,37.1,35.92,55.5,,25.04,0.0,1.18,NORMAL,train
3488,kurla,2003-05-22,5,39.8,35.87,48.8,2.69,26.61,0.0,3.93,NORMAL,train
395,kurla,2003-05-26,5,40.1,35.58,49.3,2.08,27.07,0.0,4.52,NORMAL,train
3615,kurla,2003-06-13,6,31.5,33.19,64.2,2.53,27.19,3.5,-1.69,NORMAL,train
2551,kurla,2003-06-29,6,33.7,30.83,87.0,4.69,8.35,,2.87,NORMAL,train
4900,kurla,2003-06-30,6,36.4,30.74,60.5,1.89,28.8,0.0,5.66,NORMAL,train
1068,kurla,2003-07-12,7,34.1,29.87,77.7,3.28,13.62,16.1,4.23,NORMAL,train
4671,kurla,2003-07-22,7,27.7,29.3,89.2,5.35,7.43,45.1,-1.6,NORMAL,train
2862,kurla,2003-07-28,7,28.0,29.09,91.3,5.1,15.97,54.2,-1.09,NORMAL,test
273,kurla,2003-07-30,7,28.7,29.04,89.0,5.48,16.49,59.6,-0.34,NORMAL,train
365,kurla,2003-08-05,8,28.9,29.01,90.3,2.3,8.31,5.8,-0.11,NORMAL,validation
2515,kurla,2003-08-23,8,30.4,29.32,87.1,3.49,16.7,0.0,1.08,NORMAL,validation
4304,kurla,2003-09-02,9,29.5,29.79,86.5,1.89,15.4,3.6,-0.29,NORMAL,train
290,kurla,2003-09-03,9,36.6,29.82,66.3,2.19,19.67,0.0,6.78,SEVERE_HEATWAVE,train
3318,kurla,2003-09-10,9,38.0,30.08,70.0,1.32,28.35,0.0,7.92,SEVERE_HEATWAVE,train
2258,kurla,2003-09-19,9,37.0,30.81,77.7,2.74,19.57,,6.19,HEATWAVE,validation
4768,kurla,2003-10-03,10,36.8,32.09,70.3,0.94,10.29,0.0,4.71,NORMAL,train
471,kurla,2003-10-04,10,31.4,32.19,76.5,2.0,20.08,3.1,-0.79,NORMAL,validation
1635,kurla,2003-10-05,10,31.8,32.29,77.1,2.85,22.48,0.0,-0.49,NORMAL,train
4162,kurla,2003-10-09,10,30.3,32.65,83.5,1.48,17.06,0.0,-2.35,NORMAL,train
3537,kurla,2003-10-20,10,37.8,33.28,54.5,0.97,21.63,0.0,4.52,HEATWAVE,validation
2133,kurla,2003-10-28,10,35.8,33.39,70.9,1.44,15.88,0.0,2.41,NORMAL,validation
1965,kurla,2003-11-05,11,39.5,33.16,34.1,1.49,20.84,0.0,6.34,SEVERE_HEATWAVE,train
4584,kurla,2003-11-09,11,37.0,33.04,55.7,2.2,22.13,0.0,3.96,NORMAL,test
1433,kurla,2003-11-16,11,33.7,32.74,73.3,2.83,19.21,0.0,0.96,NORMAL,train
71,kurla,2003-12-15,12,31.0,31.23,55.4,1.72,15.06,0.0,-0.23,NORMAL,train
410,kurla,2003-12-19,12,30.5,30.94,64.8,2.63,18.69,0.0,-0.44,NORMAL,train
4764,kurla,2003-12-22,12,40.3,30.75,22.8,1.01,19.37,0.0,9.55,SEVERE_HEATWAVE,validation
2211,kurla,2004-01-01,1,30.0,30.34,52.8,2.57,19.94,0.0,-0.34,NORMAL,train
2793,kurla,2004-01-08,1,32.1,30.09,25.2,1.94,21.73,0.0,2.01,NORMAL,train
4431,kurla,2004-01-11,1,28.9,30.04,41.9,2.07,19.88,0.0,-1.14,NORMAL,train
1150,kurla,2004-01-13,1,32.0,30.04,45.4,1.73,20.54,0.0,1.96,NORMAL,train
2514,kurla,2004-01-30,1,34.7,30.57,40.7,1.54,22.04,0.0,4.13,NORMAL,train
187,kurla,2004-02-10,2,28.5,31.35,46.4,2.2,20.83,0.0,-2.85,NORMAL,train
4128,kurla,2004-02-24,2,35.6,32.55,18.3,,23.31,0.0,3.05,NORMAL,test
4254,kurla,2004-03-08,3,31.6,33.74,35.3,2.71,25.3,0.0,-2.14,NORMAL,train
2525,kurla,2004-03-16,3,40.8,34.41,57.2,2.18,24.47,0.0,6.39,HEATWAVE,train
1933,kurla,2004-03-22,3,36.0,34.83,33.6,1.83,22.9,0.0,1.17,NORMAL,validation
168,kurla,2004-03-24,3,37.5,34.98,50.6,2.62,25.16,0.0,2.52,NORMAL,train
4207,kurla,2004-03-29,3,42.3,35.33,25.8,1.23,26.65,0.0,6.97,SEVERE_HEATWAVE,train
281,kurla,2004-03-30,3,40.2,35.4,21.9,1.8,28.22,0.0,4.8,HEATWAVE,test
329,kurla,2004-04-02,4,41.3,35.51,27.8,1.65,28.37,0.0,5.79,HEATWAVE,test
742,kurla,2004-04-04,4,44.3,35.57,21.2,1.69,31.9,0.0,8.73,SEVERE_HEATWAVE,train
929,kurla,2004-04-05,4,36.0,35.59,60.8,2.16,23.9,0.0,0.41,NORMAL,train
2940,kurla,2004-04-10,4,42.0,35.79,32.0,2.13,30.1,0.0,6.21,HEATWAVE,test
2493,kurla,2004-04-11,4,38.2,35.82,62.9,2.87,25.03,0.0,2.38,NORMAL,test
4334,kurla,2004-04-23,4,40.3,36.17,37.0,1.93,22.68,0.0,4.13,NORMAL,train
4640,kurla,2004-04-28,4,41.4,36.23,44.7,1.51,26.19,0.0,5.17,HEATWAVE,train
4496,kurla,2004-04-30,4,42.4,36.24,32.1,2.24,24.53,0.0,6.16,HEATWAVE,train
3499,kurla,2004-05-06,5,36.0,36.29,49.0,2.77,23.16,0.0,-0.29,NORMAL,train
2636,kurla,2004-05-08,5,41.0,36.28,47.2,3.06,27.91,0.0,4.72,HEATWAVE,train
899,kurla,2004-05-19,5,41.7,36.03,31.9,3.22,24.0,0.0,5.67,HEATWAVE,train
4495,kurla,2004-05-21,5,35.7,35.92,52.3,2.25,24.21,0.0,-0.22,NORMAL,validation
1849,kurla,2004-05-25,5,40.5,35.67,46.1,1.76,27.71,0.0,4.83,HEATWAVE,train
883,kurla,2004-05-27,5,35.8,35.5,58.2,3.18,24.09,0.0,0.3,NORMAL,validation
3480,kurla,2004-05-30,5,39.6,35.2,50.9,2.74,23.76,0.0,4.4,HEATWAVE,train
2226,kurla,2004-06-01,6,36.9,34.97,73.1,3.22,18.69,0.0,1.93,NORMAL,test
3222,kurla,2004-06-03,6,32.4,34.7,70.9,2.44,18.03,11.9,-2.3,NORMAL,train
155,kurla,2004-06-06,6,34.9,34.28,84.9,2.89,24.5,0.0,0.62,NORMAL,test
2851,kurla,2004-06-08,6,36.8,33.99,71.0,2.9,12.23,0.0,2.81,NORMAL,train
1099,kurla,2004-06-30,6,34.1,30.74,87.6,1.84,20.88,0.0,3.36,NORMAL,train
2744,kurla,2004-07-02,7,31.6,30.54,83.9,4.53,10.69,4.6,1.06,NORMAL,train
1038,kurla,2004-07-03,7,29.2,30.45,89.7,4.93,15.76,5.8,-1.25,NORMAL,test
477,kurla,2004-07-06,7,32.5,30.24,77.8,4.55,15.78,0.0,2.26,NORMAL,train
2306,kurla,2004-07-07,7,28.3,30.17,95.4,3.16,16.43,2.5,-1.87,NORMAL,train
2149,kurla,2004-07-15,7,30.6,29.65,83.5,2.39,8.86,0.0,0.95,NORMAL,train
2531,kurla,2004-07-22,7,29.3,29.3,90.5,2.59,29.29,6.8,0.0,NORMAL,train
4165,kurla,2004-08-05,8,30.4,29.01,,2.38,14.75,0.0,1.39,NORMAL,train
2089,kurla,2004-08-26,8,29.0,29.46,94.5,3.96,,53.5,-0.46,NORMAL,train
2452,kurla,2004-08-27,8,30.2,29.51,87.6,3.12,20.32,0.0,0.69,NORMAL,validation
4053,kurla,2004-08-31,8,29.9,29.71,89.6,2.58,20.48,0.0,0.19,NORMAL,validation
3550,kurla,2004-09-16,9,36.4,30.55,67.7,2.56,29.42,0.0,5.85,NORMAL,train
2212,kurla,2004-09-21,9,31.9,30.97,87.7,1.02,19.18,0.0,0.93,NORMAL,train
3534,kurla,2004-10-03,10,35.5,32.09,80.7,1.31,19.86,0.0,3.41,NORMAL,train
341,kurla,2004-10-09,10,37.2,32.65,79.3,1.4,20.44,0.0,4.55,HEATWAVE,validation
2860,kurla,2004-10-11,10,36.5,32.8,72.0,1.42,21.96,0.0,3.7,NORMAL,train
4091,kurla,2004-11-01,11,33.0,33.29,79.3,2.07,15.03,0.0,-0.29,NORMAL,train
4133,kurla,2004-11-13,11,32.7,32.9,88.2,2.6,18.42,0.0,-0.2,NORMAL,train
1636,kurla,2004-11-18,11,32.1,32.64,82.7,2.09,17.7,0.9,-0.54,NORMAL,test
97,kurla,2004-12-04,12,32.5,31.83,55.0,1.88,15.65,0.0,0.67,NORMAL,validation
2606,kurla,2004-12-05,12,37.0,31.79,17.8,2.25,18.35,0.0,5.21,HEATWAVE,train
1285,kurla,2004-12-30,12,28.7,30.4,71.6,2.2,16.27,0.0,-1.7,NORMAL,train
2117,kurla,2005-01-02,1,35.3,30.29,31.7,2.72,22.66,0.0,5.01,NORMAL,train
308,kurla,2005-01-05,1,31.7,30.17,56.7,1.71,,0.0,1.53,NORMAL,train
4628,kurla,2005-01-13,1,35.3,30.04,22.0,1.63,21.49,0.0,5.26,NORMAL,train
1296,kurla,2005-01-16,1,30.8,30.07,100.0,2.06,15.8,0.0,0.73,NORMAL,train
4086,kurla,2005-01-21,1,27.8,30.25,63.3,1.82,15.18,0.0,-2.45,NORMAL,train
4236,kurla,2005-02-13,2,36.6,31.6,33.1,1.58,24.12,0.0,5.0,NORMAL,train
2355,kurla,2005-03-03,3,39.1,33.28,,1.73,28.22,0.0,5.82,HEATWAVE,train
3212,kurla,2005-03-07,3,40.9,33.66,30.8,1.62,30.18,0.0,7.24,SEVERE_HEATWAVE,train
3521,kurla,2005-03-08,3,32.8,33.74,63.6,2.37,22.86,0.0,-0.94,NORMAL,train
520,kurla,2005-03-23,3,33.7,34.91,52.0,1.97,21.48,0.0,-1.21,NORMAL,train
1120,kurla,2005-04-10,4,42.2,35.79,26.9,2.23,27.72,0.0,6.41,SEVERE_HEATWAVE,train
4314,kurla,2005-04-19,4,42.8,36.08,29.1,1.61,26.57,0.0,6.72,SEVERE_HEATWAVE,train
1988,kurla,2005-04-20,4,36.6,36.11,40.4,2.06,25.24,0.0,0.49,NORMAL,train
1048,kurla,2005-05-04,5,35.8,36.28,69.2,2.41,21.84,2.5,-0.48,NORMAL,train
1379,kurla,2005-05-10,5,37.0,36.26,53.5,4.58,18.36,4.6,0.74,NORMAL,train
3948,kurla,2005-05-11,5,42.4,36.25,36.0,3.51,25.21,0.0,6.15,HEATWAVE,validation
4219,kurla,2005-05-16,5,35.7,36.15,66.5,2.42,22.36,0.0,-0.45,NORMAL,train
1546,kurla,2005-05-28,5,35.9,35.41,53.6,2.55,23.83,0.0,0.49,NORMAL,train
630,kurla,2005-05-29,5,34.8,35.31,63.5,2.32,20.26,0.0,-0.51,NORMAL,test
634,kurla,2005-06-20,6,36.4,32.04,61.2,1.92,21.72,0.0,4.36,NORMAL,train
3903,kurla,2005-07-12,7,28.8,29.87,86.8,4.11,13.79,22.3,-1.07,NORMAL,train
1661,kurla,2005-07-15,7,29.6,29.65,88.3,3.36,7.7,,-0.05,NORMAL,train
3105,kurla,2005-07-22,7,28.4,29.3,92.3,4.38,23.52,6.7,-0.9,NORMAL,train
3669,kurla,2005-08-02,8,28.3,29.0,90.5,2.89,15.23,2.0,-0.7,NORMAL,train
3459,kurla,2005-08-09,8,28.6,29.03,92.2,5.01,1.57,3.7,-0.43,NORMAL,train
1795,kurla,2005-08-10,8,29.9,29.02,88.9,3.24,12.8,0.0,0.88,NORMAL,test
4065,kurla,2005-08-20,8,29.2,29.21,,1.71,12.4,28.8,-0.01,NORMAL,train
3330,kurla,2005-08-22,8,29.1,29.29,92.2,3.85,12.42,24.8,-0.19,NORMAL,train
4775,kurla,2005-09-04,9,29.6,29.84,87.4,1.46,22.86,0.0,-0.24,NORMAL,test
516,kurla,2005-09-06,9,30.1,29.92,92.2,1.79,11.92,0.8,0.18,NORMAL,validation
519,kurla,2005-09-11,9,28.5,30.13,95.7,1.47,15.14,0.0,-1.63,NORMAL,test
3280,kurla,2005-09-29,9,30.9,31.72,89.5,0.89,13.53,32.0,-0.82,NORMAL,train
1329,kurla,2005-10-08,10,34.9,32.56,69.9,1.59,21.44,0.0,2.34,NORMAL,validation
4823,kurla,2005-10-14,10,27.4,33.01,76.4,1.62,15.17,6.7,-5.61,NORMAL,train
2582,kurla,2005-10-20,10,39.6,33.28,61.5,1.39,20.56,0.0,6.32,SEVERE_HEATWAVE,validation
3053,kurla,2005-11-05,11,33.8,33.16,69.4,1.36,16.28,0.0,0.64,NORMAL,validation
1326,kurla,2005-11-06,11,39.2,33.14,53.4,1.5,26.0,0.0,6.06,HEATWAVE,validation
4531,kurla,2005-11-08,11,34.2,33.07,56.9,1.89,18.22,0.0,1.13,NORMAL,train
1505,kurla,2005-11-13,11,32.4,32.9,68.2,1.85,18.06,0.0,-0.5,NORMAL,train
4603,kurla,2005-11-16,11,37.2,32.74,67.3,1.88,19.29,0.0,4.46,HEATWAVE,train
2752,kurla,2005-12-02,12,31.1,31.91,77.7,1.45,14.29,0.0,-0.81,NORMAL,train
3467,kurla,2005-12-09,12,34.4,31.58,77.7,1.5,18.67,0.0,2.82,NORMAL,train
4298,kurla,2005-12-12,12,29.3,31.4,75.0,2.2,16.25,0.0,-2.1,NORMAL,train
3846,kurla,2005-12-17,12,32.0,31.09,78.2,2.48,15.12,0.0,0.91,NORMAL,train
4870,kurla,2005-12-25,12,31.4,30.58,59.0,2.54,22.35,0.0,0.82,NORMAL,train
3191,kurla,2006-01-21,1,34.7,30.25,38.8,1.41,19.31,0.0,4.45,NORMAL,test
3179,kurla,2006-02-24,2,31.1,32.55,26.0,2.49,20.78,0.0,-1.45,NORMAL,train
412,kurla,2006-03-04,3,37.3,33.38,28.8,1.53,22.16,0.0,3.92,NORMAL,train
4489,kurla,2006-03-09,3,40.1,33.82,21.5,1.7,23.87,0.0,6.28,SEVERE_HEATWAVE,train
4593,kurla,2006-03-11,3,36.3,33.99,38.6,2.54,26.12,0.0,2.31,NORMAL,train
3674,kurla,2006-03-26,3,33.6,35.13,67.3,2.06,23.42,0.0,-1.53,NORMAL,validation
4517,kurla,2006-04-18,4,34.2,36.04,63.7,1.89,25.49,0.0,-1.84,NORMAL,train
1112,kurla,2006-04-25,4,42.7,36.2,44.7,1.9,29.74,0.0,6.5,SEVERE_HEATWAVE,train
740,kurla,2006-06-22,6,32.7,31.75,73.9,2.26,31.65,33.0,0.95,NORMAL,validation
232,kurla,2006-07-10,7,30.2,30.0,87.6,4.88,20.0,37.4,0.2,NORMAL,train
428,kurla,2006-07-13,7,31.7,29.79,83.7,3.68,22.15,0.0,1.91,NORMAL,train
1282,kurla,2006-07-24,7,27.4,29.21,81.4,4.36,7.24,3.6,-1.81,NORMAL,train
263,kurla,2006-09-03,9,31.2,29.82,81.6,2.35,18.11,0.0,1.38,NORMAL,train
4637,kurla,2006-09-15,9,30.9,30.46,86.1,5.3,17.26,,0.44,NORMAL,train
3828,kurla,2006-09-28,9,32.5,31.62,,0.78,17.29,0.0,0.88,NORMAL,train
4742,kurla,2006-10-03,10,33.2,32.09,65.0,1.32,22.41,8.2,1.11,NORMAL,train
1914,kurla,2006-10-06,10,34.6,32.38,56.3,1.52,17.26,28.2,2.22,NORMAL,train
3142,kurla,2006-10-14,10,37.4,33.01,61.2,1.62,24.42,0.0,4.39,HEATWAVE,train
24,kurla,2006-10-15,10,39.7,33.07,63.6,1.38,21.17,0.0,6.63,SEVERE_HEATWAVE,validation
2029,kurla,2006-10-24,10,37.9,33.39,56.6,1.32,21.31,0.0,4.51,HEATWAVE,test
3807,kurla,2006-10-29,10,39.3,33.38,66.3,1.76,18.86,0.0,5.92,HEATWAVE,train
3553,kurla,2006-11-02,11,33.2,33.26,72.2,1.39,16.48,0.0,-0.06,NORMAL,train
4312,kurla,2006-11-07,11,32.8,33.11,58.6,1.69,17.1,0.0,-0.31,NORMAL,train
1666,kurla,2006-11-13,11,35.1,32.9,56.9,2.29,19.21,0.0,2.2,NORMAL,train
3960,kurla,2006-11-21,11,38.1,32.49,44.0,1.09,19.89,0.0,5.61,HEATWAVE,train
1428,kurla,2006-12-05,12,34.7,31.79,48.1,2.09,18.73,0.0,2.91,NORMAL,test
1444,kurla,2006-12-09,12,31.5,31.58,58.3,1.47,14.24,0.0,-0.08,NORMAL,validation
2595,kurla,2006-12-13,12,34.8,31.34,39.9,1.69,22.5,0.0,3.46,NORMAL,train
2006,kurla,2006-12-15,12,36.0,31.23,58.4,1.1,22.17,0.0,4.77,NORMAL,train
930,kurla,2006-12-17,12,36.5,31.09,66.2,1.41,19.26,0.0,5.41,NORMAL,train
1702,kurla,2007-01-14,1,37.1,30.04,29.1,1.25,21.1,0.0,7.06,SEVERE_HEATWAVE,train
2114,kurla,2007-02-05,2,33.4,30.92,56.5,2.42,25.49,0.0,2.48,NORMAL,train
225,kurla,2007-03-04,3,37.3,33.38,23.0,1.5,24.25,0.0,3.92,NORMAL,train
692,kurla,2007-03-27,3,36.1,35.2,62.3,2.01,22.14,0.0,0.9,NORMAL,train
4494,kurla,2007-03-31,3,37.1,35.44,35.0,1.73,24.12,0.0,1.66,NORMAL,train
3758,kurla,2007-04-09,4,42.1,35.76,31.0,2.38,28.04,0.0,6.34,HEATWAVE,validation
1544,kurla,2007-04-16,4,36.1,35.96,48.7,2.29,23.62,0.0,0.14,NORMAL,test
973,kurla,2007-04-24,4,40.6,36.18,33.0,2.29,27.67,0.0,4.42,NORMAL,train
3519,kurla,2007-05-02,5,35.9,36.27,77.7,1.82,26.25,0.0,-0.37,NORMAL,train
3532,kurla,2007-05-06,5,40.1,36.29,50.6,2.82,23.01,0.0,3.81,NORMAL,test
954,kurla,2007-05-17,5,43.9,36.13,37.3,3.91,25.54,0.0,7.77,SEVERE_HEATWAVE,train
2205,kurla,2007-06-03,6,38.1,34.7,73.7,3.02,17.55,0.0,3.4,NORMAL,train
2214,kurla,2007-06-29,6,28.8,30.83,82.0,4.5,14.99,0.0,-2.03,NORMAL,test
1964,kurla,2007-07-11,7,32.0,29.94,87.4,4.21,7.05,0.0,2.06,NORMAL,train
53,kurla,2007-07-15,7,30.2,29.65,83.7,3.19,7.57,1.2,0.55,NORMAL,train
3045,kurla,2007-07-24,7,27.7,29.21,90.7,2.91,18.73,6.8,-1.51,NORMAL,train
2391,kurla,2007-08-28,8,30.2,29.56,88.8,2.99,9.68,128.7,0.64,NORMAL,train
3200,kurla,2007-09-01,9,28.6,29.75,93.7,2.43,10.12,0.7,-1.15,NORMAL,train
1449,kurla,2007-10-07,10,32.6,32.48,74.9,1.8,17.57,0.0,0.12,NORMAL,validation
455,kurla,2007-10-14,10,37.6,33.01,60.3,1.1,15.65,0.0,4.59,HEATWAVE,test
1575,kurla,2007-10-16,10,37.5,33.11,60.3,1.34,24.9,0.0,4.39,NORMAL,train
4581,kurla,2007-10-23,10,38.9,33.38,72.7,1.99,19.94,0.0,5.52,HEATWAVE,validation
1288,kurla,2007-11-06,11,34.5,33.14,72.1,1.97,18.9,0.0,1.36,NORMAL,validation
2557,kurla,2007-11-08,11,34.0,33.07,76.5,1.39,15.23,0.0,0.93,NORMAL,train
1529,kurla,2007-11-10,11,38.2,33.02,57.0,2.22,18.6,0.0,5.18,HEATWAVE,train
4056,kurla,2007-11-16,11,37.3,32.74,65.9,1.98,16.26,0.0,4.56,HEATWAVE,test
2598,kurla,2007-11-24,11,31.7,32.33,70.4,2.06,15.93,0.0,-0.63,NORMAL,train
3022,kurla,2007-12-03,12,32.2,31.87,51.0,2.49,17.33,0.0,0.33,NORMAL,train
2080,kurla,2007-12-11,12,35.9,31.46,35.1,1.86,18.71,0.0,4.44,NORMAL,validation
4982,kurla,2007-12-26,12,30.0,30.53,57.9,1.92,13.31,0.0,-0.53,NORMAL,train
4916,kurla,2007-12-27,12,31.0,30.49,73.3,2.14,,0.0,0.51,NORMAL,train
2682,kurla,2008-01-14,1,30.4,30.04,42.5,1.73,17.25,0.0,0.36,NORMAL,train
4681,kurla,2008-01-19,1,31.6,30.18,39.3,1.86,18.65,0.0,1.42,NORMAL,validation
4271,kurla,2008-01-29,1,29.9,30.51,53.5,2.16,21.23,0.0,-0.61,NORMAL,train
1739,kurla,2008-02-01,2,37.5,30.67,34.9,1.67,24.69,0.0,6.83,SEVERE_HEATWAVE,test
156,kurla,2008-02-09,2,36.9,31.26,41.1,1.4,23.92,0.0,5.64,NORMAL,train
1637,kurla,2008-02-10,2,31.2,31.35,53.5,1.85,22.88,0.0,-0.15,NORMAL,train
4639,kurla,2008-02-28,2,32.6,32.9,55.3,2.11,21.24,0.0,-0.3,NORMAL,train
23,kurla,2008-03-01,3,33.7,33.08,14.9,2.24,21.48,0.0,0.62,NORMAL,test
3202,kurla,2008-03-06,3,32.2,33.58,52.3,2.23,23.48,0.0,-1.38,NORMAL,train
4116,kurla,2008-03-09,3,42.3,33.82,11.7,1.44,28.45,0.0,8.48,SEVERE_HEATWAVE,train
75,kurla,2008-03-18,3,40.6,34.55,17.1,2.28,20.77,0.0,6.05,HEATWAVE,train
2390,kurla,2008-03-26,3,38.3,35.13,15.7,1.52,25.06,0.0,3.17,NORMAL,train
1874,kurla,2008-04-03,4,34.9,35.54,66.5,2.76,30.55,0.0,-0.64,NORMAL,train
1005,kurla,2008-04-07,4,33.9,35.68,53.7,2.42,24.2,0.0,-1.78,NORMAL,train
4904,kurla,2008-04-17,4,36.1,36.0,62.1,2.25,22.5,0.0,0.1,NORMAL,test
4429,kurla,2008-04-18,4,35.0,36.04,54.3,1.66,25.19,0.0,-1.04,NORMAL,train
1926,kurla,2008-04-24,4,33.9,36.18,52.5,2.51,28.81,0.0,-2.28,NORMAL,train
1832,kurla,2008-04-30,4,39.6,36.24,38.1,1.83,28.13,0.0,3.36,NORMAL,train
705,kurla,2008-05-11,5,36.4,36.25,64.1,2.5,28.67,0.0,0.15,NORMAL,train
1598,kurla,2008-05-17,5,40.3,36.13,49.9,2.4,25.19,,4.17,NORMAL,train
1873,kurla,2008-05-25,5,40.1,35.67,47.3,2.05,25.46,0.0,4.43,NORMAL,train
21,kurla,2008-06-11,6,34.5,33.5,67.2,3.76,20.34,0.0,1.0,NORMAL,train
3913,kurla,2008-06-13,6,33.0,33.19,69.2,7.06,14.23,0.0,-0.19,NORMAL,train
2993,kurla,2008-06-19,6,37.5,32.2,69.7,6.63,14.47,0.0,5.3,NORMAL,train
860,kurla,2008-07-02,7,31.1,30.54,82.4,4.26,8.12,12.8,0.56,NORMAL,train
4059,kurla,2008-07-07,7,32.1,30.17,85.4,4.37,18.94,0.0,1.93,NORMAL,train
2771,kurla,2008-07-18,7,30.9,29.49,86.1,2.26,11.73,0.0,1.41,NORMAL,train
2570,kurla,2008-07-21,7,29.5,29.35,96.5,4.14,20.0,34.4,0.15,NORMAL,train
3797,kurla,2008-07-25,7,27.7,29.18,90.1,4.91,20.08,42.3,-1.48,NORMAL,test
3538,kurla,2008-07-27,7,27.8,29.13,88.6,4.33,2.95,10.9,-1.33,NORMAL,train
2112,kurla,2008-07-29,7,29.8,29.07,95.3,3.93,12.75,19.3,0.73,NORMAL,train
2727,kurla,2008-08-19,8,31.6,29.18,86.3,2.98,14.04,0.0,2.42,NORMAL,train
2849,kurla,2008-09-01,9,29.0,29.75,89.4,2.64,16.93,0.0,-0.75,NORMAL,train
4154,kurla,2008-09-22,9,30.9,31.07,88.3,2.94,18.01,35.0,-0.17,NORMAL,train
3406,kurla,2008-09-25,9,31.8,31.36,82.8,2.25,17.4,0.0,0.44,NORMAL,train
2083,kurla,2008-10-18,10,32.0,33.19,82.9,1.09,22.25,0.0,-1.19,NORMAL,test
2776,kurla,2008-10-20,10,33.3,33.28,89.5,1.68,19.4,0.0,0.02,NORMAL,train
4524,kurla,2008-11-05,11,33.1,33.16,67.3,1.51,16.31,0.0,-0.06,NORMAL,train
3743,kurla,2008-11-14,11,34.0,32.85,75.0,3.02,17.7,0.0,1.15,NORMAL,train
4478,kurla,2008-11-17,11,36.6,32.69,53.0,1.99,20.42,0.3,3.91,NORMAL,train
3421,kurla,2008-11-18,11,31.6,32.64,69.1,2.45,17.48,0.0,-1.04,NORMAL,train
3501,kurla,2008-11-22,11,38.0,32.44,62.2,2.31,19.32,0.0,5.56,HEATWAVE,validation
3607,kurla,2008-12-23,12,30.8,30.69,48.5,2.1,16.92,0.0,0.11,NORMAL,train
1640,kurla,2008-12-28,12,31.3,30.46,50.5,1.83,20.96,0.0,0.84,NORMAL,train
2947,kurla,2008-12-31,12,31.2,30.37,50.8,,12.87,0.0,0.83,NORMAL,train
2816,kurla,2009-01-14,1,30.9,30.04,26.2,,19.81,0.0,0.86,NORMAL,train
1404,kurla,2009-01-26,1,28.8,30.36,39.8,1.61,19.25,0.0,-1.56,NORMAL,test
2997,kurla,2009-01-30,1,36.1,30.57,42.2,1.24,23.38,0.0,5.53,NORMAL,train
1217,kurla,2009-02-20,2,33.5,32.2,25.1,1.96,20.62,0.0,1.3,NORMAL,validation
3323,kurla,2009-03-17,3,33.6,34.48,33.1,1.91,23.24,0.0,-0.88,NORMAL,train
3802,kurla,2009-03-20,3,38.0,34.67,34.5,2.26,25.52,0.0,3.33,NORMAL,train
4560,kurla,2009-03-28,3,40.0,35.27,22.3,2.29,24.71,0.0,4.73,HEATWAVE,train
4265,kurla,2009-03-31,3,39.1,35.44,26.6,1.83,26.7,0.0,3.66,NORMAL,train
4057,kurla,2009-04-03,4,38.7,35.54,53.9,1.61,28.87,0.0,3.16,NORMAL,train
238,kurla,2009-04-08,4,39.9,35.72,31.5,2.42,27.33,0.0,4.18,NORMAL,train
3844,kurla,2009-04-14,4,43.6,35.9,39.2,1.58,28.36,0.0,7.7,SEVERE_HEATWAVE,validation
4293,kurla,2009-04-15,4,35.3,35.93,68.9,1.77,27.42,0.0,-0.63,NORMAL,test
695,kurla,2009-04-24,4,35.1,36.18,56.3,1.83,25.3,0.0,-1.08,NORMAL,train
1908,kurla,2009-05-02,5,36.1,36.27,62.9,4.0,23.14,,-0.17,NORMAL,train
2184,kurla,2009-05-06,5,43.5,36.29,34.2,2.95,28.39,0.0,7.21,SEVERE_HEATWAVE,train
2534,kurla,2009-05-17,5,36.7,36.13,57.5,3.22,20.29,0.0,0.57,NORMAL,validation
2481,kurla,2009-05-29,5,40.8,35.31,49.0,2.42,28.92,0.0,5.49,HEATWAVE,train
3737,kurla,2009-06-08,6,40.9,33.99,60.7,2.81,21.93,0.0,6.91,SEVERE_HEATWAVE,test
467,kurla,2009-06-09,6,33.8,33.82,79.9,1.99,18.13,7.4,-0.02,NORMAL,train
2052,kurla,2009-06-16,6,34.2,32.68,63.7,2.4,23.71,0.0,1.52,NORMAL,train
2897,kurla,2009-06-17,6,34.2,32.51,67.9,4.07,22.1,0.0,1.69,NORMAL,train
3144,kurla,2009-06-18,6,29.5,32.34,82.8,2.67,15.3,1.5,-2.84,NORMAL,train
2580,kurla,2009-06-29,6,30.2,30.83,84.1,2.78,16.38,0.8,-0.63,NORMAL,train
4320,kurla,2009-07-22,7,29.1,29.3,91.0,5.2,13.73,39.5,-0.2,NORMAL,train
2686,kurla,2009-07-26,7,27.1,29.15,92.6,4.55,12.46,31.0,-2.05,NORMAL,train
2420,kurla,2009-08-04,8,30.3,29.01,85.6,3.51,16.36,0.0,1.29,NORMAL,test
2299,kurla,2009-08-06,8,28.5,29.0,88.0,4.11,17.41,34.7,-0.5,NORMAL,validation
1029,kurla,2009-08-17,8,29.5,29.13,87.8,4.32,16.96,5.6,0.37,NORMAL,validation
3546,kurla,2009-08-25,8,28.7,29.41,92.2,3.98,12.85,24.8,-0.71,NORMAL,validation
452,kurla,2009-09-17,9,30.4,30.64,96.5,1.26,18.94,32.0,-0.24,NORMAL,train
4796,kurla,2009-09-20,9,30.7,30.89,92.1,2.08,22.21,0.8,-0.19,NORMAL,train
951,kurla,2009-10-04,10,33.0,32.19,77.3,1.32,17.4,0.0,0.81,NORMAL,train
3952,kurla,2009-10-17,10,37.4,33.15,72.9,1.34,21.99,0.0,4.25,NORMAL,train
923,kurla,2009-10-20,10,37.3,33.28,71.4,1.27,16.32,0.0,4.02,NORMAL,train
1347,kurla,2009-10-22,10,38.0,33.35,66.5,1.66,21.28,0.0,4.65,HEATWAVE,train
3636,kurla,2009-11-02,11,31.9,33.26,49.9,2.08,14.78,0.0,-1.36,NORMAL,train
4868,kurla,2009-11-04,11,33.4,33.19,62.6,3.03,14.91,0.0,0.21,NORMAL,test
3319,kurla,2009-11-09,11,37.5,33.04,59.1,,19.79,0.0,4.46,NORMAL,train
242,kurla,2009-11-18,11,32.6,32.64,74.7,1.48,15.92,0.0,-0.04,NORMAL,train
3474,kurla,2009-11-30,11,35.8,31.99,65.2,1.42,19.03,0.0,3.81,NORMAL,train
3031,kurla,2009-12-08,12,31.9,31.63,83.2,2.24,15.79,0.0,0.27,NORMAL,train
2193,kurla,2010-01-21,1,31.5,30.25,55.1,1.89,19.5,0.0,1.25,NORMAL,train
989,kurla,2010-01-22,1,40.2,30.27,17.8,1.93,21.22,0.0,9.93,SEVERE_HEATWAVE,train
2684,kurla,2010-01-24,1,38.3,30.31,41.5,1.48,21.33,0.0,7.99,SEVERE_HEATWAVE,train
1730,kurla,2010-01-27,1,30.1,30.41,45.1,1.93,18.14,0.0,-0.31,NORMAL,train
3047,kurla,2010-01-30,1,34.3,30.57,35.2,1.86,17.36,0.0,3.73,NORMAL,train
3628,kurla,2010-02-23,2,31.8,32.45,55.0,2.2,21.65,0.0,-0.65,NORMAL,train
4268,kurla,2010-03-05,3,34.7,33.49,32.7,1.73,24.97,0.0,1.21,NORMAL,train
3675,kurla,2010-03-13,3,38.2,34.16,20.8,1.92,23.58,0.0,4.04,NORMAL,train
4748,kurla,2010-03-14,3,41.8,34.25,13.8,1.44,25.03,0.0,7.55,SEVERE_HEATWAVE,train
2279,kurla,2010-03-26,3,37.1,35.13,25.9,1.89,28.38,0.0,1.97,NORMAL,test
3866,kurla,2010-04-11,4,43.0,35.82,23.4,1.74,28.26,0.0,7.18,SEVERE_HEATWAVE,train
2203,kurla,2010-04-18,4,36.1,36.04,44.2,2.83,24.51,0.0,0.06,NORMAL,train
1876,kurla,2010-04-21,4,42.3,36.12,31.8,2.13,27.08,0.0,6.18,SEVERE_HEATWAVE,train
4622,kurla,2010-05-04,5,39.9,36.28,46.7,2.41,28.88,0.0,3.62,NORMAL,train
2605,kurla,2010-05-19,5,43.7,36.03,43.3,1.25,30.3,0.0,7.67,SEVERE_HEATWAVE,test
2259,kurla,2010-05-20,5,36.5,35.98,55.6,1.73,25.56,0.0,0.52,NORMAL,train
499,kurla,2010-05-23,5,42.2,35.81,43.4,1.93,23.52,0.0,6.39,HEATWAVE,test
3312,kurla,2010-06-06,6,37.6,34.28,56.7,2.6,16.04,0.0,3.32,NORMAL,validation
2518,kurla,2010-06-10,6,33.4,33.66,88.6,4.8,20.99,8.5,-0.26,NORMAL,train
1599,kurla,2010-06-13,6,33.1,33.19,80.9,4.36,4.97,0.0,-0.09,NORMAL,validation
453,kurla,2010-06-15,6,36.1,32.86,69.6,3.74,26.2,20.6,3.24,NORMAL,train
1533,kurla,2010-06-22,6,31.8,31.75,93.1,1.76,17.73,18.0,0.05,NORMAL,train
4597,kurla,2010-06-30,6,30.6,30.74,87.4,3.81,13.0,4.4,-0.14,NORMAL,train
2757,kurla,2010-07-02,7,29.7,30.54,85.3,3.83,17.09,2.3,-0.84,NORMAL,train
4484,kurla,2010-07-07,7,29.1,30.17,89.4,3.48,8.29,9.1,-1.07,NORMAL,test
2473,kurla,2010-07-08,7,32.0,30.1,85.6,4.33,19.84,79.1,1.9,NORMAL,train
1201,kurla,2010-07-17,7,31.2,29.54,84.6,2.27,13.37,0.0,1.66,NORMAL,test
1769,kurla,2010-08-12,8,28.9,29.05,,3.11,16.66,14.1,-0.15,NORMAL,train
560,kurla,2010-08-14,8,28.8,29.07,95.1,2.61,18.05,0.6,-0.27,NORMAL,train
3945,kurla,2010-08-23,8,29.8,29.32,85.5,3.01,16.53,13.1,0.48,NORMAL,train
4891,kurla,2010-08-29,8,27.8,29.61,90.3,2.81,8.71,15.9,-1.81,NORMAL,test
971,kurla,2010-09-21,9,30.0,30.97,92.0,1.87,18.22,0.0,-0.97,NORMAL,test
212,kurla,2010-09-26,9,29.0,31.44,83.7,1.12,18.48,13.8,-2.44,NORMAL,train
1826,kurla,2010-10-10,10,39.5,32.72,61.1,1.61,18.07,0.0,6.78,SEVERE_HEATWAVE,validation
565,kurla,2010-10-30,10,40.5,33.35,56.4,0.71,19.69,0.0,7.15,SEVERE_HEATWAVE,train
3097,kurla,2010-11-03,11,40.6,33.22,55.9,1.81,19.09,0.0,7.38,SEVERE_HEATWAVE,validation
2505,kurla,2010-12-16,12,30.3,31.17,62.4,2.46,17.09,0.0,-0.87,NORMAL,train
4094,kurla,2010-12-17,12,33.3,31.09,66.2,1.79,15.62,0.0,2.21,NORMAL,test
1287,kurla,2010-12-19,12,37.1,30.94,,1.14,18.98,0.0,6.16,HEATWAVE,train
139,kurla,2011-01-05,1,27.3,30.17,62.1,1.82,16.59,0.0,-2.87,NORMAL,train
710,kurla,2011-01-15,1,28.7,30.05,51.9,2.4,19.37,0.0,-1.35,NORMAL,train
2571,kurla,2011-02-04,2,33.3,30.86,40.9,1.82,23.62,0.0,2.44,NORMAL,train
2088,kurla,2011-02-05,2,36.2,30.92,44.6,2.06,23.81,0.0,5.28,NORMAL,train
2464,kurla,2011-02-10,2,32.2,31.35,50.5,2.62,19.81,0.0,0.85,NORMAL,validation
610,kurla,2011-03-10,3,34.9,33.91,43.6,2.24,23.91,0.0,0.99,NORMAL,test
1335,kurla,2011-03-14,3,35.2,34.25,48.9,1.93,28.05,0.0,0.95,NORMAL,validation
1974,kurla,2011-03-18,3,39.8,34.55,48.1,2.4,25.66,0.0,5.25,HEATWAVE,train
2754,kurla,2011-03-19,3,39.4,34.61,39.0,1.88,25.65,0.0,4.79,NORMAL,train
4450,kurla,2011-04-07,4,42.1,35.68,27.9,1.73,29.58,0.0,6.42,SEVERE_HEATWAVE,validation
4814,kurla,2011-04-12,4,35.4,35.85,49.8,2.06,24.97,0.0,-0.45,NORMAL,validation
3617,kurla,2011-04-17,4,35.6,36.0,53.2,2.07,23.47,0.0,-0.4,NORMAL,test
92,kurla,2011-04-24,4,36.4,36.18,62.0,2.16,23.52,0.0,0.22,NORMAL,test
4055,kurla,2011-05-07,5,40.6,36.28,53.3,2.52,28.26,0.0,4.32,HEATWAVE,train
1612,kurla,2011-05-15,5,40.1,36.16,44.7,2.5,32.0,0.0,3.94,NORMAL,train
323,kurla,2011-05-21,5,43.9,35.92,31.1,2.15,32.0,0.0,7.98,SEVERE_HEATWAVE,train
4330,kurla,2011-06-12,6,30.2,33.35,81.2,2.33,29.06,20.2,-3.15,NORMAL,validation
4152,kurla,2011-06-26,6,28.6,31.18,93.1,2.99,21.13,7.1,-2.58,NORMAL,train
1337,kurla,2011-07-03,7,29.0,30.45,95.8,4.19,12.34,9.7,-1.45,NORMAL,train
1700,kurla,2011-07-05,7,27.6,30.3,89.8,3.65,14.29,13.3,-2.7,NORMAL,train
2187,kurla,2011-07-12,7,28.7,29.87,92.0,4.68,12.75,53.1,-1.17,NORMAL,train
568,kurla,2011-07-16,7,28.7,29.59,94.1,3.56,7.28,7.5,-0.89,NORMAL,train
4279,kurla,2011-07-17,7,31.9,29.54,85.8,5.26,16.32,222.1,2.36,NORMAL,train
945,kurla,2011-07-28,7,27.7,29.09,91.8,3.98,13.29,46.7,-1.39,NORMAL,train
4570,kurla,2011-07-30,7,30.5,29.04,86.4,2.94,17.91,23.9,1.46,NORMAL,train
4596,kurla,2011-08-05,8,27.9,29.01,89.4,2.53,23.65,18.7,-1.11,NORMAL,train
3284,kurla,2011-08-07,8,29.3,29.0,90.8,6.85,17.66,3.4,0.3,NORMAL,validation
4145,kurla,2011-08-14,8,28.4,29.07,91.5,3.02,22.82,11.6,-0.67,NORMAL,train
1271,kurla,2011-08-17,8,28.9,29.13,93.3,3.12,9.56,4.3,-0.23,NORMAL,train
855,kurla,2011-08-27,8,30.0,29.51,84.8,3.13,16.92,0.0,0.49,NORMAL,test
654,kurla,2011-09-03,9,32.6,29.82,77.0,1.79,19.29,52.5,2.78,NORMAL,train
2196,kurla,2011-09-23,9,29.1,31.16,92.5,2.44,21.17,0.0,-2.06,NORMAL,train
3614,kurla,2011-10-23,10,33.0,33.38,88.4,1.38,20.23,0.0,-0.38,NORMAL,train
2847,kurla,2011-10-24,10,37.2,33.39,69.9,1.09,21.03,0.0,3.81,NORMAL,train
4102,kurla,2011-10-27,10,32.3,33.4,81.2,1.8,13.98,0.0,-1.1,NORMAL,validation
3419,kurla,2011-11-05,11,40.1,33.16,58.9,2.06,21.22,0.0,6.94,SEVERE_HEATWAVE,train
1592,kurla,2011-11-16,11,30.4,32.74,80.5,1.22,20.61,0.0,-2.34,NORMAL,test
3121,kurla,2011-11-17,11,43.4,32.69,38.9,1.36,26.65,0.0,10.71,SEVERE_HEATWAVE,train
2880,kurla,2011-11-26,11,37.7,32.21,51.6,1.45,18.02,0.0,5.49,HEATWAVE,train
2031,kurla,2011-11-30,11,31.3,31.99,79.2,1.35,17.86,0.0,-0.69,NORMAL,test
2914,kurla,2011-12-06,12,30.6,31.74,50.0,2.15,14.29,0.0,-1.14,NORMAL,train
701,kurla,2011-12-16,12,32.1,31.17,73.2,1.74,15.85,0.0,0.93,NORMAL,train
4017,kurla,2011-12-23,12,34.3,30.69,32.5,1.42,19.41,0.0,3.61,NORMAL,train
4951,kurla,2012-01-03,1,29.2,30.24,40.6,2.02,16.1,0.0,-1.04,NORMAL,validation
3400,kurla,2012-01-04,1,31.3,30.2,54.6,1.33,19.66,0.0,1.1,NORMAL,train
1265,kurla,2012-01-23,1,30.0,30.29,71.2,1.55,20.95,0.0,-0.29,NORMAL,train
3231,kurla,2012-01-30,1,37.1,30.57,22.7,1.64,23.52,0.0,6.53,HEATWAVE,train
825,kurla,2012-01-31,1,29.1,30.62,43.8,1.96,18.75,0.0,-1.52,NORMAL,train
51,kurla,2012-02-02,2,35.7,30.72,11.6,1.6,20.25,0.0,4.98,NORMAL,train
181,kurla,2012-02-28,2,35.9,32.9,30.5,2.35,22.83,0.0,3.0,NORMAL,train
2432,kurla,2012-03-01,3,34.6,33.08,20.4,1.74,26.1,0.0,1.52,NORMAL,test
2055,kurla,2012-03-03,3,37.0,33.28,45.0,2.32,24.94,0.0,3.72,NORMAL,train
3101,kurla,2012-03-16,3,36.2,34.41,43.1,1.43,25.08,0.0,1.79,NORMAL,train
2251,kurla,2012-03-28,3,35.9,35.27,35.3,1.94,21.06,0.0,0.63,NORMAL,train
3455,kurla,2012-03-31,3,42.8,35.44,22.5,1.41,27.96,0.0,7.36,SEVERE_HEATWAVE,train
3493,kurla,2012-04-03,4,39.2,35.54,42.8,2.0,25.05,0.0,3.66,NORMAL,train
3276,kurla,2012-04-14,4,36.5,35.9,53.8,1.74,27.67,0.0,0.6,NORMAL,train
3308,kurla,2012-04-18,4,36.2,36.04,67.5,2.89,25.84,0.0,0.16,NORMAL,test
874,kurla,2012-05-14,5,37.0,36.19,48.6,0.99,19.31,0.0,0.81,NORMAL,train
1137,kurla,2012-05-29,5,39.8,35.31,42.9,2.1,25.52,0.0,4.49,HEATWAVE,train
2913,kurla,2012-06-11,6,33.6,33.5,82.6,5.12,12.15,0.0,0.1,NORMAL,train
2662,kurla,2012-06-14,6,43.9,33.02,49.2,2.75,18.65,0.0,10.88,SEVERE_HEATWAVE,train
3710,kurla,2012-06-25,6,33.5,31.31,73.6,2.7,29.61,92.0,2.19,NORMAL,train
4483,kurla,2012-07-09,7,31.1,30.04,82.3,3.43,11.97,0.0,1.06,NORMAL,test
106,kurla,2012-07-12,7,29.4,29.87,86.4,5.95,17.2,0.2,-0.47,NORMAL,train
3140,kurla,2012-07-14,7,28.5,29.72,90.9,4.29,14.9,0.6,-1.22,NORMAL,train
4573,kurla,2012-07-20,7,28.5,29.4,97.8,6.12,24.57,52.5,-0.9,NORMAL,train
3385,kurla,2012-08-19,8,28.5,29.18,88.5,2.54,11.63,0.9,-0.68,NORMAL,validation
4762,kurla,2012-08-27,8,28.0,29.51,90.2,3.36,17.68,22.4,-1.51,NORMAL,train
1741,kurla,2012-09-08,9,31.4,30.0,90.9,3.18,17.36,0.0,1.4,NORMAL,train
4937,kurla,2012-09-12,9,31.1,30.2,80.8,1.73,26.4,22.2,0.9,NORMAL,validation
425,kurla,2012-09-16,9,29.8,30.55,91.6,1.06,8.6,1.6,-0.75,NORMAL,test
349,kurla,2012-09-29,9,29.0,31.72,91.2,4.78,18.97,14.1,-2.72,NORMAL,train
979,kurla,2012-10-23,10,37.9,33.38,58.5,2.05,21.93,,4.52,NORMAL,train
297,kurla,2012-10-26,10,35.5,33.4,62.0,1.28,16.85,0.0,2.1,NORMAL,train
4028,kurla,2012-10-27,10,33.2,33.4,79.6,1.55,21.29,9.6,-0.2,NORMAL,train
3496,kurla,2012-11-14,11,35.7,32.85,74.7,1.31,18.85,0.0,2.85,NORMAL,test
603,kurla,2012-11-18,11,31.8,32.64,77.8,2.36,16.21,1.1,-0.84,NORMAL,train
4224,kurla,2012-11-22,11,31.6,32.44,64.6,2.09,20.46,0.0,-0.84,NORMAL,validation
2964,kurla,2012-12-02,12,32.0,31.91,63.9,2.48,16.28,0.0,0.09,NORMAL,test
2928,kurla,2012-12-20,12,37.6,30.87,34.8,1.86,16.48,0.0,6.73,HEATWAVE,train
3002,kurla,2013-01-17,1,30.5,30.12,46.6,2.41,17.1,0.0,0.38,NORMAL,test
3304,kurla,2013-01-20,1,31.4,30.22,61.8,1.65,15.13,0.0,1.18,NORMAL,train
1253,kurla,2013-01-21,1,37.3,30.25,37.7,1.9,21.67,0.0,7.05,SEVERE_HEATWAVE,train
3192,kurla,2013-01-24,1,30.3,30.31,69.3,1.8,18.67,0.0,-0.01,NORMAL,test
3431,kurla,2013-01-25,1,28.4,30.33,49.8,1.5,17.56,0.0,-1.93,NORMAL,test
2169,kurla,2013-02-04,2,28.3,30.86,55.8,1.86,21.85,0.0,-2.56,NORMAL,train
1375,kurla,2013-02-18,2,42.0,32.03,18.2,2.31,26.33,0.0,9.97,SEVERE_HEATWAVE,train
2329,kurla,2013-02-21,2,37.7,32.27,11.1,1.42,23.99,0.0,5.43,HEATWAVE,train
3661,kurla,2013-03-06,3,38.0,33.58,40.5,1.5,27.86,0.0,4.42,NORMAL,train
3023,kurla,2013-03-12,3,33.2,34.07,47.4,2.59,19.48,0.0,-0.87,NORMAL,train
2901,kurla,2013-03-20,3,43.6,34.67,5.0,1.16,30.16,0.0,8.93,SEVERE_HEATWAVE,train
3410,kurla,2013-04-02,4,36.1,35.51,42.7,2.3,24.43,0.0,0.59,NORMAL,train
1561,kurla,2013-04-03,4,41.1,35.54,38.3,2.36,28.18,0.0,5.56,HEATWAVE,train
4972,kurla,2013-04-06,4,35.0,35.63,48.0,2.26,23.73,0.0,-0.63,NORMAL,train
117,kurla,2013-04-11,4,39.6,35.82,50.5,1.9,27.91,0.0,3.78,NORMAL,validation
4511,kurla,2013-04-27,4,36.9,36.22,42.9,1.83,22.83,0.0,0.68,NORMAL,train
195,kurla,2013-04-29,4,41.2,36.24,24.3,1.76,28.2,0.0,4.96,HEATWAVE,validation
4672,kurla,2013-05-06,5,41.0,36.29,50.4,3.62,31.98,,4.71,HEATWAVE,train
4148,kurla,2013-05-08,5,39.9,36.28,47.5,1.45,24.35,0.0,3.62,NORMAL,train
1726,kurla,2013-05-11,5,36.7,36.25,61.9,2.34,28.08,0.0,0.45,NORMAL,test
3520,kurla,2013-05-19,5,39.4,36.03,47.8,2.35,23.02,0.0,3.37,NORMAL,train
1889,kurla,2013-05-20,5,35.6,35.98,55.5,2.13,26.64,0.0,-0.38,NORMAL,test
4174,kurla,2013-05-31,5,42.6,35.09,42.1,1.83,32.0,0.0,7.51,SEVERE_HEATWAVE,train
1524,kurla,2013-06-05,6,33.3,34.42,92.1,4.65,21.42,12.4,-1.12,NORMAL,validation
2692,kurla,2013-06-06,6,35.6,34.28,76.9,5.67,22.46,0.0,1.32,NORMAL,test
3581,kurla,2013-06-08,6,33.3,33.99,59.3,6.05,2.63,0.0,-0.69,NORMAL,train
4808,kurla,2013-06-12,6,30.0,33.35,85.3,3.77,6.26,4.7,-3.35,NORMAL,train
1784,kurla,2013-06-14,6,36.8,33.02,64.6,3.3,16.59,0.0,3.78,NORMAL,train
1857,kurla,2013-06-18,6,34.1,32.34,77.0,3.38,23.75,0.0,1.76,NORMAL,train
1115,kurla,2013-06-23,6,33.3,31.6,89.3,2.49,22.44,3.9,1.7,NORMAL,train
3721,kurla,2013-06-27,6,33.0,31.05,88.0,3.09,0.0,7.7,1.95,NORMAL,train
4243,kurla,2013-06-28,6,28.5,30.93,73.4,3.43,12.64,39.8,-2.43,NORMAL,train
2134,kurla,2013-07-04,7,29.1,30.37,90.0,4.52,11.39,5.2,-1.27,NORMAL,train
3895,kurla,2013-07-12,7,29.8,29.87,89.3,4.23,16.4,1.2,-0.07,NORMAL,test
3717,kurla,2013-07-16,7,29.5,29.59,89.4,3.44,19.75,12.8,-0.09,NORMAL,train
672,kurla,2013-07-18,7,29.3,29.49,86.8,5.31,17.86,31.5,-0.19,NORMAL,train
4067,kurla,2013-08-11,8,28.3,29.04,92.2,3.3,7.46,21.0,-0.74,NORMAL,test
1497,kurla,2013-08-12,8,33.8,29.05,74.5,2.55,22.51,0.0,4.75,NORMAL,train
1377,kurla,2013-08-30,8,29.5,29.66,92.3,2.6,15.13,35.0,-0.16,NORMAL,train
1551,kurla,2013-09-03,9,37.0,29.82,73.3,0.95,21.5,0.0,7.18,NORMAL,test
3365,kurla,2013-09-04,9,36.3,29.84,69.6,2.64,,0.0,6.46,NORMAL,train
3796,kurla,2013-09-05,9,30.5,29.87,82.3,2.66,25.21,1.2,0.63,NORMAL,train
1511,kurla,2013-09-24,9,31.9,31.26,89.4,1.85,16.71,0.1,0.64,NORMAL,train
2960,kurla,2013-09-26,9,31.5,31.44,88.7,2.7,28.64,68.9,0.06,NORMAL,test
3761,kurla,2013-10-01,10,33.0,31.9,67.4,1.89,23.69,0.0,1.1,NORMAL,train
2461,kurla,2013-10-04,10,35.2,32.19,66.3,1.54,24.09,6.8,3.01,NORMAL,validation
662,kurla,2013-10-05,10,29.7,32.29,72.8,3.03,21.46,0.0,-2.59,NORMAL,train
4227,kurla,2013-10-16,10,32.7,33.11,75.1,1.88,15.41,0.0,-0.41,NORMAL,train
318,kurla,2013-10-23,10,38.1,33.38,62.0,1.29,23.41,0.0,4.72,HEATWAVE,train
1859,kurla,2013-11-01,11,34.4,33.29,76.5,1.75,19.58,0.0,1.11,NORMAL,train
4872,kurla,2013-11-02,11,33.1,33.26,63.0,2.49,18.51,0.6,-0.16,NORMAL,validation
4810,kurla,2013-11-10,11,32.6,33.02,67.1,2.29,17.65,0.0,-0.42,NORMAL,train
1235,kurla,2013-11-25,11,32.7,32.28,88.5,1.97,15.54,1.9,0.42,NORMAL,train
4727,kurla,2013-12-02,12,36.8,31.91,46.9,1.67,19.75,0.0,4.89,NORMAL,train
3965,kurla,2013-12-10,12,30.2,31.53,66.6,2.63,14.85,0.0,-1.33,NORMAL,train
1655,kurla,2013-12-13,12,31.0,31.34,66.1,1.45,15.32,0.0,-0.34,NORMAL,train
114,kurla,2013-12-14,12,32.7,31.29,45.9,1.18,18.91,0.0,1.41,NORMAL,validation
4662,kurla,2013-12-21,12,29.7,30.81,56.7,1.23,17.27,0.0,-1.11,NORMAL,test
2469,kurla,2013-12-26,12,31.0,30.53,55.7,1.12,13.65,0.0,0.47,NORMAL,test
1251,kurla,2013-12-27,12,31.2,30.49,69.3,2.09,15.85,0.0,0.71,NORMAL,train
4339,kurla,2014-01-15,1,28.4,30.05,46.9,2.05,18.03,0.0,-1.65,NORMAL,train
1046,kurla,2014-01-23,1,30.0,30.29,60.6,1.94,20.03,0.0,-0.29,NORMAL,train
2842,kurla,2014-01-27,1,31.9,30.41,46.2,1.54,18.2,0.0,1.49,NORMAL,train
4857,kurla,2014-01-31,1,30.7,30.62,65.2,2.04,16.24,0.0,0.08,NORMAL,train
1937,kurla,2014-02-18,2,32.6,32.03,50.5,2.31,18.72,0.0,0.57,NORMAL,validation
1966,kurla,2014-03-05,3,34.9,33.49,44.4,2.36,20.98,0.0,1.41,NORMAL,train
60,kurla,2014-03-12,3,34.6,34.07,39.8,2.97,22.68,0.0,0.53,NORMAL,train
260,kurla,2014-03-13,3,36.8,34.16,38.8,2.3,28.81,,2.64,NORMAL,test
4411,kurla,2014-04-08,4,40.1,35.72,37.5,1.88,24.98,0.0,4.38,HEATWAVE,test
839,kurla,2014-04-15,4,41.2,35.93,48.4,1.86,30.28,0.0,5.27,HEATWAVE,train
304,kurla,2014-04-20,4,35.1,36.11,63.4,1.88,24.27,0.0,-1.01,NORMAL,test
777,kurla,2014-05-01,5,43.8,36.24,42.8,2.72,23.58,0.0,7.56,SEVERE_HEATWAVE,train
1972,kurla,2014-05-08,5,35.1,36.28,61.4,4.1,22.89,13.4,-1.18,NORMAL,train
4043,kurla,2014-05-20,5,41.7,35.98,49.1,2.08,28.34,0.0,5.72,HEATWAVE,test
3118,kurla,2014-05-25,5,38.9,35.67,45.5,2.8,25.23,0.0,3.23,NORMAL,train
765,kurla,2014-06-07,6,36.6,34.14,76.6,2.45,18.3,1.1,2.46,NORMAL,test
968,kurla,2014-06-08,6,37.2,33.99,88.8,2.72,30.53,0.0,3.21,NORMAL,train
2333,kurla,2014-07-11,7,36.7,29.94,69.1,3.01,17.97,0.0,6.76,SEVERE_HEATWAVE,train
2116,kurla,2014-07-19,7,25.5,29.45,89.3,3.23,15.43,94.1,-3.95,NORMAL,train
2090,kurla,2014-07-21,7,29.7,29.35,90.9,4.46,18.09,0.0,0.35,NORMAL,train
1439,kurla,2014-07-26,7,27.6,29.15,93.2,4.25,,0.0,-1.55,NORMAL,train
4012,kurla,2014-08-03,8,26.9,29.0,92.3,3.18,16.37,1.7,-2.1,NORMAL,train
3342,kurla,2014-08-10,8,29.6,29.02,89.7,2.41,15.93,12.0,0.58,NORMAL,test
3714,kurla,2014-08-15,8,31.0,29.09,88.7,3.01,18.77,0.0,1.91,NORMAL,train
4635,kurla,2014-09-13,9,37.3,30.28,,1.12,21.43,0.0,7.02,SEVERE_HEATWAVE,train
340,kurla,2014-10-08,10,35.6,32.56,73.6,0.98,23.36,0.0,3.04,NORMAL,test
937,kurla,2014-10-16,10,33.6,33.11,67.8,2.42,18.96,15.1,0.49,NORMAL,train
3056,kurla,2014-10-19,10,33.5,33.23,73.0,1.34,14.67,0.0,0.27,NORMAL,train
1574,kurla,2014-10-20,10,33.7,33.28,91.9,1.66,13.08,0.0,0.42,NORMAL,train
2427,kurla,2014-10-21,10,35.4,33.32,62.0,2.94,22.69,0.0,2.08,NORMAL,train
3684,kurla,2014-11-07,11,37.7,33.11,57.4,1.2,22.08,0.0,4.59,HEATWAVE,train
4230,kurla,2014-11-21,11,32.3,32.49,68.5,1.67,19.62,0.0,-0.19,NORMAL,train
1006,kurla,2014-11-25,11,36.7,32.28,71.5,1.11,17.4,0.0,4.42,NORMAL,test
2831,kurla,2014-12-01,12,33.1,31.94,49.0,2.48,17.44,0.0,1.16,NORMAL,train
3837,kurla,2014-12-02,12,32.1,31.91,71.9,1.97,17.31,0.0,0.19,NORMAL,validation
2665,kurla,2014-12-11,12,37.3,31.46,64.9,,19.15,0.0,5.84,NORMAL,train
4425,kurla,2014-12-21,12,30.3,30.81,57.2,1.54,17.51,0.0,-0.51,NORMAL,train
3050,kurla,2014-12-28,12,29.7,30.46,73.7,1.98,20.42,0.0,-0.76,NORMAL,validation
4940,kurla,2015-01-03,1,29.2,30.24,58.5,2.57,,0.0,-1.04,NORMAL,validation
1123,kurla,2015-01-06,1,29.1,30.14,55.3,2.15,20.08,0.0,-1.04,NORMAL,train
960,kurla,2015-01-29,1,30.5,30.51,63.1,2.17,18.01,0.0,-0.01,NORMAL,train
2772,kurla,2015-02-01,2,28.9,30.67,48.8,1.8,19.94,0.0,-1.77,NORMAL,train
4210,kurla,2015-02-03,2,30.3,30.79,59.2,2.14,21.92,0.0,-0.49,NORMAL,train
1015,kurla,2015-02-11,2,31.2,31.42,32.8,1.92,20.91,0.0,-0.22,NORMAL,test
3123,kurla,2015-03-02,3,31.0,33.17,42.0,2.82,23.35,0.0,-2.17,NORMAL,test
4813,kurla,2015-03-13,3,42.2,34.16,26.1,1.77,26.79,0.0,8.04,SEVERE_HEATWAVE,train
110,kurla,2015-03-21,3,39.4,34.75,36.3,2.19,26.92,0.0,4.65,NORMAL,train
213,kurla,2015-03-30,3,38.7,35.4,52.2,2.06,24.84,,3.3,NORMAL,train
2809,kurla,2015-04-03,4,34.1,35.54,55.6,2.57,26.36,0.0,-1.44,NORMAL,test
4066,kurla,2015-04-11,4,39.0,35.82,45.7,2.03,31.8,0.0,3.18,NORMAL,validation
2044,kurla,2015-04-17,4,43.8,36.0,27.4,1.56,31.03,0.0,7.8,SEVERE_HEATWAVE,train
4441,kurla,2015-04-24,4,41.6,36.18,35.1,2.25,24.26,0.0,5.42,HEATWAVE,train
4512,kurla,2015-05-04,5,34.3,36.28,58.9,1.44,23.61,0.5,-1.98,NORMAL,train
827,kurla,2015-05-06,5,36.6,36.29,44.3,3.31,23.71,7.0,0.31,NORMAL,train
4220,kurla,2015-05-09,5,39.5,36.28,54.4,2.48,32.0,0.0,3.22,NORMAL,test
161,kurla,2015-05-16,5,40.7,36.15,48.2,2.8,,0.0,4.55,NORMAL,train
3705,kurla,2015-06-09,6,34.7,33.82,71.2,5.56,17.19,3.6,0.88,NORMAL,train
659,kurla,2015-06-14,6,37.2,33.02,74.4,2.41,32.0,0.0,4.18,NORMAL,train
3508,kurla,2015-06-20,6,37.0,32.04,64.2,7.13,14.93,0.0,4.96,HEATWAVE,train
3415,kurla,2015-08-07,8,31.3,29.0,83.0,2.31,7.44,0.0,2.3,NORMAL,train
4274,kurla,2015-08-10,8,29.9,29.02,89.9,6.85,17.68,7.4,0.88,NORMAL,train
468,kurla,2015-08-14,8,26.7,29.07,93.6,2.67,24.12,18.1,-2.37,NORMAL,validation
3064,kurla,2015-08-22,8,27.8,29.29,89.1,1.99,15.96,0.6,-1.49,NORMAL,test
407,kurla,2015-08-27,8,29.9,29.51,89.1,5.06,14.94,2.2,0.39,NORMAL,validation
4475,kurla,2015-09-03,9,36.9,29.82,66.4,1.71,24.73,0.0,7.08,NORMAL,train
62,kurla,2015-09-20,9,31.4,30.89,78.5,2.39,12.24,4.6,0.51,NORMAL,train
1918,kurla,2015-09-22,9,31.2,31.07,88.9,2.15,11.67,18.1,0.13,NORMAL,train
2418,kurla,2015-09-24,9,30.9,31.26,96.5,3.86,18.56,0.0,-0.36,NORMAL,test
3269,kurla,2015-10-07,10,31.5,32.48,66.1,1.08,19.1,0.0,-0.98,NORMAL,train
1921,kurla,2015-10-12,10,38.1,32.87,62.4,1.61,23.94,0.0,5.23,HEATWAVE,train
1284,kurla,2015-10-27,10,38.2,33.4,55.9,1.81,20.5,0.0,4.8,HEATWAVE,train
1494,kurla,2015-10-29,10,36.1,33.38,63.2,1.14,27.28,0.0,2.72,NORMAL,train
1815,kurla,2015-10-31,10,34.4,33.32,84.5,1.86,21.91,0.9,1.08,NORMAL,train
2787,kurla,2015-11-08,11,37.4,33.07,49.1,1.76,15.09,0.0,4.33,NORMAL,train
123,kurla,2015-11-20,11,36.3,32.55,53.1,1.68,21.53,0.0,3.75,NORMAL,test
4679,kurla,2015-12-08,12,30.1,31.63,49.6,2.12,18.65,0.0,-1.53,NORMAL,test
4181,kurla,2015-12-13,12,31.4,31.34,58.3,1.19,16.95,0.0,0.06,NORMAL,train
2780,kurla,2016-01-03,1,29.4,30.24,60.6,1.58,19.0,0.0,-0.84,NORMAL,train
4550,kurla,2016-01-11,1,37.3,30.04,23.1,2.0,22.2,0.0,7.26,SEVERE_HEATWAVE,train
1240,kurla,2016-01-13,1,30.6,30.04,62.0,1.92,16.94,0.0,0.56,NORMAL,train
3075,kurla,2016-01-16,1,29.6,30.07,59.9,1.79,14.97,0.0,-0.47,NORMAL,test
3678,kurla,2016-01-26,1,39.2,30.36,15.8,1.79,23.73,0.0,8.84,SEVERE_HEATWAVE,validation
550,kurla,2016-02-03,2,29.2,30.79,25.5,2.25,20.94,0.0,-1.59,NORMAL,train
1748,kurla,2016-02-17,2,34.4,31.94,43.6,1.73,21.55,0.0,2.46,NORMAL,train
2801,kurla,2016-03-03,3,34.3,33.28,58.6,2.51,24.26,0.0,1.02,NORMAL,validation
1298,kurla,2016-03-07,3,40.2,33.66,27.7,1.67,25.69,0.0,6.54,SEVERE_HEATWAVE,train
1058,kurla,2016-03-16,3,38.4,34.41,46.4,2.18,24.48,0.0,3.99,NORMAL,train
2718,kurla,2016-03-24,3,40.8,34.98,34.9,2.0,26.89,0.0,5.82,HEATWAVE,validation
4160,kurla,2016-03-27,3,39.4,35.2,39.3,2.36,25.03,0.0,4.2,NORMAL,train
2440,kurla,2016-04-01,4,44.1,35.47,16.5,2.09,30.68,0.0,8.63,SEVERE_HEATWAVE,test
2124,kurla,2016-04-02,4,42.3,35.51,33.5,1.79,28.87,0.0,6.79,SEVERE_HEATWAVE,train
2325,kurla,2016-04-07,4,36.7,35.68,47.2,2.52,25.33,0.0,1.02,NORMAL,test
982,kurla,2016-04-16,4,40.6,35.96,53.3,2.02,30.23,0.0,4.64,NORMAL,validation
1250,kurla,2016-04-28,4,42.5,36.23,36.4,1.63,28.87,0.0,6.27,HEATWAVE,train
2206,kurla,2016-05-03,5,42.2,36.28,40.5,2.96,28.63,0.0,5.92,HEATWAVE,train
1283,kurla,2016-05-05,5,42.6,36.29,41.0,2.08,28.91,0.0,6.31,SEVERE_HEATWAVE,train
4996,kurla,2016-05-22,5,41.5,35.87,41.2,2.22,27.04,0.0,5.63,HEATWAVE,validation
1821,kurla,2016-06-19,6,29.7,32.2,71.1,2.28,18.36,1.6,-2.5,NORMAL,train
2869,kurla,2016-06-29,6,28.3,30.83,92.1,3.87,24.65,27.2,-2.53,NORMAL,train
2412,kurla,2016-06-30,6,32.2,30.74,,3.18,9.13,0.0,1.46,NORMAL,train
2484,kurla,2016-07-12,7,29.2,29.87,90.1,3.41,17.7,1.9,-0.67,NORMAL,validation
3783,kurla,2016-07-26,7,32.0,29.15,78.4,3.86,26.35,0.0,2.85,NORMAL,train
1122,kurla,2016-07-31,7,28.2,29.02,94.1,4.64,17.3,3.3,-0.82,NORMAL,train
3918,kurla,2016-08-09,8,26.8,29.03,92.9,5.38,13.83,38.5,-2.23,NORMAL,test
3249,kurla,2016-08-10,8,29.3,29.02,89.7,1.98,15.97,0.0,0.28,NORMAL,train
2070,kurla,2016-08-12,8,29.4,29.05,87.3,3.72,13.54,30.1,0.35,NORMAL,validation
147,kurla,2016-08-16,8,30.6,29.12,88.3,2.26,19.56,9.9,1.48,NORMAL,train
3201,kurla,2016-08-19,8,29.8,29.18,86.8,4.71,10.76,8.8,0.62,NORMAL,validation
1749,kurla,2016-09-13,9,29.0,30.28,89.7,2.84,14.66,,-1.28,NORMAL,train
3135,kurla,2016-09-20,9,30.3,30.89,89.0,2.17,10.38,3.0,-0.59,NORMAL,train
624,kurla,2016-09-24,9,32.9,31.26,92.8,0.7,19.13,0.0,1.64,NORMAL,train
1364,kurla,2016-10-10,10,41.2,32.72,68.4,1.19,23.75,0.0,8.48,SEVERE_HEATWAVE,test
4990,kurla,2016-10-19,10,30.3,33.23,72.8,1.55,23.08,0.0,-2.93,NORMAL,train
298,kurla,2016-11-02,11,33.1,33.26,71.8,2.12,15.93,0.0,-0.16,NORMAL,test
1242,kurla,2016-11-17,11,31.2,32.69,65.4,2.44,13.63,9.6,-1.49,NORMAL,train
2604,kurla,2016-11-28,11,35.5,32.09,55.1,1.97,18.43,0.0,3.41,NORMAL,train
4699,kurla,2016-12-17,12,30.6,31.09,,1.75,14.65,0.0,-0.49,NORMAL,train
1165,kurla,2017-01-10,1,35.5,30.04,51.1,1.53,20.05,0.0,5.46,NORMAL,train
2834,kurla,2017-01-15,1,31.0,30.05,44.2,1.05,17.54,0.0,0.95,NORMAL,test
815,kurla,2017-01-20,1,37.8,30.22,23.4,,22.06,0.0,7.58,SEVERE_HEATWAVE,train
715,kurla,2017-02-14,2,36.0,31.69,46.6,2.15,23.04,0.0,4.31,NORMAL,train
2016,kurla,2017-02-19,2,36.6,32.12,31.7,1.97,24.7,0.0,4.48,NORMAL,test
3216,kurla,2017-02-20,2,32.6,32.2,80.0,2.61,21.18,0.0,0.4,NORMAL,train
2140,kurla,2017-03-09,3,38.1,33.82,40.9,1.39,22.67,0.0,4.28,NORMAL,train
3452,kurla,2017-03-20,3,33.8,34.67,66.5,2.18,24.54,0.0,-0.87,NORMAL,test
2309,kurla,2017-03-28,3,40.0,35.27,22.9,2.2,25.28,0.0,4.73,HEATWAVE,train
756,kurla,2017-04-03,4,41.8,35.54,27.4,2.01,28.04,0.0,6.26,HEATWAVE,train
4678,kurla,2017-04-05,4,40.5,35.59,32.5,2.23,25.6,0.0,4.91,HEATWAVE,train
743,kurla,2017-04-14,4,34.0,35.9,28.0,2.64,25.56,0.0,-1.9,NORMAL,train
1509,kurla,2017-04-27,4,43.5,36.22,47.1,2.02,26.35,0.0,7.28,SEVERE_HEATWAVE,train
4633,kurla,2017-05-02,5,36.2,36.27,67.1,3.02,28.64,0.0,-0.07,NORMAL,train
3343,kurla,2017-05-10,5,36.6,36.26,66.1,2.46,20.13,0.0,0.34,NORMAL,train
2755,kurla,2017-05-14,5,39.6,36.19,44.5,2.7,26.77,0.0,3.41,NORMAL,validation
2712,kurla,2017-05-19,5,32.3,36.03,53.4,1.85,26.74,0.0,-3.73,NORMAL,test
2263,kurla,2017-06-06,6,37.1,34.28,67.2,3.92,13.5,60.6,2.82,NORMAL,validation
4896,kurla,2017-06-12,6,32.4,33.35,87.9,1.74,9.22,16.8,-0.95,NORMAL,train
3768,kurla,2017-07-05,7,31.6,30.3,83.9,3.98,15.93,0.0,1.3,NORMAL,train
4713,kurla,2017-07-13,7,29.9,29.79,91.4,4.12,17.54,5.7,0.11,NORMAL,train
3746,kurla,2017-07-20,7,32.3,29.4,82.8,5.91,17.84,0.0,2.9,NORMAL,train
1763,kurla,2017-07-30,7,28.8,29.04,86.7,2.96,16.3,23.3,-0.24,NORMAL,train
3597,kurla,2017-08-01,8,29.6,29.01,89.0,2.89,15.34,9.0,0.59,NORMAL,validation
1175,kurla,2017-08-02,8,29.1,29.0,87.8,4.67,13.59,16.1,0.1,NORMAL,test
2589,kurla,2017-08-22,8,28.2,29.29,90.9,4.55,20.19,35.7,-1.09,NORMAL,test
4159,kurla,2017-08-29,8,29.9,29.61,92.6,1.31,10.61,7.1,0.29,NORMAL,train
656,kurla,2017-09-08,9,34.4,30.0,78.8,,12.47,0.0,4.4,NORMAL,train
1675,kurla,2017-09-13,9,31.2,30.28,85.0,0.54,19.72,1.9,0.92,NORMAL,train
495,kurla,2017-10-19,10,32.6,33.23,68.7,2.16,19.52,0.0,-0.63,NORMAL,validation
3631,kurla,2017-10-24,10,33.1,33.39,79.0,0.97,16.48,0.3,-0.29,NORMAL,validation
854,kurla,2017-11-14,11,31.9,32.85,80.0,1.6,20.51,0.0,-0.95,NORMAL,train
1359,kurla,2017-11-23,11,33.1,32.38,79.1,1.41,15.26,0.0,0.72,NORMAL,validation
993,kurla,2017-12-02,12,33.7,31.91,61.7,1.33,15.89,0.0,1.79,NORMAL,train
2761,kurla,2017-12-04,12,36.7,31.83,60.1,1.14,18.49,0.0,4.87,NORMAL,test
3432,kurla,2018-01-07,1,36.7,30.12,37.1,1.4,20.48,0.0,6.58,NORMAL,train
1195,kurla,2018-01-13,1,30.2,30.04,41.7,2.29,17.29,0.0,0.16,NORMAL,train
787,kurla,2018-01-18,1,33.5,30.14,47.0,1.38,18.11,0.0,3.36,NORMAL,train
1295,kurla,2018-01-25,1,29.0,30.33,63.8,1.75,15.51,0.0,-1.33,NORMAL,test
655,kurla,2018-02-08,2,32.9,31.16,55.6,,20.61,0.0,1.74,NORMAL,validation
3413,kurla,2018-02-13,2,31.5,31.6,58.1,3.16,22.55,0.0,-0.1,NORMAL,validation
3901,kurla,2018-02-15,2,33.7,31.77,44.6,1.8,23.18,0.0,1.93,NORMAL,train
2215,kurla,2018-02-19,2,37.1,32.12,38.3,1.94,23.76,0.0,4.98,NORMAL,train
4860,kurla,2018-02-22,2,32.8,32.36,44.8,1.14,21.7,0.0,0.44,NORMAL,train
1943,kurla,2018-02-25,2,32.4,32.64,43.4,2.24,21.17,0.0,-0.24,NORMAL,test
231,kurla,2018-03-04,3,43.8,33.38,31.7,1.25,28.88,0.0,10.42,SEVERE_HEATWAVE,validation
3989,kurla,2018-03-12,3,36.6,34.07,30.3,2.43,24.79,0.0,2.53,NORMAL,test
440,kurla,2018-03-20,3,44.1,34.67,24.1,1.32,26.43,0.0,9.43,SEVERE_HEATWAVE,train
3492,kurla,2018-04-09,4,33.1,35.76,47.5,2.13,23.57,0.0,-2.66,NORMAL,train
4954,kurla,2018-04-14,4,35.2,35.9,55.4,2.69,24.66,0.0,-0.7,NORMAL,train
3104,kurla,2018-04-22,4,41.6,36.14,41.6,2.16,27.6,0.0,5.46,HEATWAVE,train
1691,kurla,2018-04-24,4,39.4,36.18,45.3,2.38,27.17,0.0,3.22,NORMAL,train
2231,kurla,2018-04-25,4,41.6,36.2,27.8,2.33,29.19,0.0,5.4,HEATWAVE,train
4822,kurla,2018-05-16,5,39.0,36.15,54.5,2.93,25.58,0.0,2.85,NORMAL,validation
4918,kurla,2018-07-01,7,31.3,30.63,83.9,5.34,11.01,53.8,0.67,NORMAL,train
3682,kurla,2018-07-07,7,30.4,30.17,91.8,3.91,6.84,3.8,0.23,NORMAL,validation
2356,kurla,2018-07-09,7,26.8,30.04,88.2,4.25,14.79,21.7,-3.24,NORMAL,train
3173,kurla,2018-07-19,7,28.5,29.45,86.3,3.01,19.24,0.0,-0.95,NORMAL,train
4139,kurla,2018-07-24,7,30.0,29.21,92.6,3.31,20.66,0.0,0.79,NORMAL,train
3322,kurla,2018-07-30,7,31.5,29.04,78.9,4.09,13.21,42.7,2.46,NORMAL,train
1504,kurla,2018-08-08,8,28.7,29.01,86.1,3.36,26.97,1.8,-0.31,NORMAL,train
2218,kurla,2018-08-11,8,26.8,29.04,89.1,2.41,26.22,13.6,-2.24,NORMAL,train
4143,kurla,2018-08-14,8,27.9,29.07,92.1,2.36,15.43,2.6,-1.17,NORMAL,validation
4782,kurla,2018-08-21,8,30.6,29.25,86.7,3.59,10.9,0.0,1.35,NORMAL,validation
4023,kurla,2018-08-25,8,30.7,29.41,89.8,3.3,16.22,0.0,1.29,NORMAL,test
1457,kurla,2018-08-31,8,28.7,29.71,87.3,3.79,11.93,83.3,-1.01,NORMAL,validation
3977,kurla,2018-09-25,9,30.1,31.36,89.4,1.82,12.66,26.2,-1.26,NORMAL,train
3260,kurla,2018-09-28,9,30.6,31.62,83.3,2.62,22.14,0.7,-1.02,NORMAL,train
2728,kurla,2018-10-17,10,33.6,33.15,72.3,2.24,18.21,0.0,0.45,NORMAL,train
623,kurla,2018-11-02,11,36.0,33.26,64.8,2.42,24.63,0.0,2.74,NORMAL,validation
1154,kurla,2018-11-17,11,32.6,32.69,64.0,2.48,18.14,0.0,-0.09,NORMAL,train
4630,kurla,2018-12-04,12,32.2,31.83,60.2,1.42,20.08,0.0,0.37,NORMAL,train
3176,kurla,2018-12-08,12,31.7,31.63,48.6,1.49,15.57,0.0,0.07,NORMAL,train
2375,kurla,2018-12-13,12,30.8,31.34,74.3,2.16,18.62,0.0,-0.54,NORMAL,train
4461,kurla,2019-01-17,1,30.3,30.12,58.3,2.02,18.52,0.0,0.18,NORMAL,train
3428,kurla,2019-01-22,1,30.9,30.27,42.3,2.33,15.07,0.0,0.63,NORMAL,test
2283,kurla,2019-01-23,1,28.9,30.29,43.2,2.2,17.95,0.0,-1.39,NORMAL,train
3863,kurla,2019-02-06,2,34.6,30.99,28.3,1.56,20.18,0.0,3.61,NORMAL,test
2061,kurla,2019-03-23,3,33.9,34.91,51.6,2.78,26.8,0.0,-1.01,NORMAL,train
1100,kurla,2019-04-06,4,39.5,35.63,38.1,2.24,24.14,0.0,3.87,NORMAL,train
4246,kurla,2019-04-08,4,41.7,35.72,25.9,1.93,28.88,0.0,5.98,HEATWAVE,train
2903,kurla,2019-04-11,4,34.2,35.82,58.3,2.36,29.31,0.0,-1.62,NORMAL,train
372,kurla,2019-04-14,4,36.5,35.9,50.9,2.79,23.43,0.0,0.6,NORMAL,validation
3234,kurla,2019-04-23,4,41.2,36.17,40.7,1.76,26.77,0.0,5.03,HEATWAVE,train
2736,kurla,2019-04-25,4,41.1,36.2,48.0,1.57,25.23,0.0,4.9,HEATWAVE,train
4500,kurla,2019-05-06,5,39.7,36.29,,2.91,29.34,0.0,3.41,NORMAL,train
4238,kurla,2019-05-14,5,41.8,36.19,47.6,2.56,24.04,0.0,5.61,HEATWAVE,train
3513,kurla,2019-06-11,6,36.3,33.5,76.0,2.98,16.77,0.0,2.8,NORMAL,train
1816,kurla,2019-06-20,6,31.9,32.04,99.8,2.74,16.05,0.3,-0.14,NORMAL,train
3107,kurla,2019-07-07,7,33.7,30.17,79.1,4.28,22.26,0.0,3.53,NORMAL,train
3476,kurla,2019-07-08,7,29.7,30.1,85.7,4.03,20.66,20.8,-0.4,NORMAL,train
4846,kurla,2019-07-26,7,28.1,29.15,90.5,4.41,17.56,51.1,-1.05,NORMAL,train
3132,kurla,2019-08-07,8,26.8,29.0,,2.6,18.92,9.1,-2.2,NORMAL,test
3831,kurla,2019-08-08,8,27.7,29.01,89.5,2.86,8.56,,-1.31,NORMAL,validation
585,kurla,2019-08-13,8,27.7,29.06,85.3,4.17,21.89,2.4,-1.36,NORMAL,train
4907,kurla,2019-08-22,8,29.7,29.29,91.4,2.56,14.29,39.4,0.41,NORMAL,train
2255,kurla,2019-09-08,9,31.6,30.0,86.2,1.69,20.7,0.0,1.6,NORMAL,validation
1147,kurla,2019-09-19,9,31.9,30.81,86.6,2.0,13.52,0.3,1.09,NORMAL,validation
2865,kurla,2019-10-13,10,32.8,32.94,67.3,2.85,18.77,,-0.14,NORMAL,train
1828,kurla,2019-11-03,11,32.6,33.22,73.2,1.83,19.25,0.0,-0.62,NORMAL,train
2398,kurla,2019-12-05,12,32.4,31.79,44.9,1.91,17.51,0.0,0.61,NORMAL,train
4687,kurla,2019-12-11,12,30.6,31.46,68.8,2.0,17.94,0.0,-0.86,NORMAL,train
1229,kurla,2019-12-14,12,31.7,31.29,77.8,1.22,17.71,0.0,0.41,NORMAL,train
4991,kurla,2019-12-21,12,28.7,30.81,51.1,2.03,17.76,0.0,-2.11,NORMAL,test
3102,kurla,2020-01-14,1,31.7,30.04,18.8,1.23,16.75,0.0,1.66,NORMAL,test
4471,kurla,2020-01-26,1,35.7,30.36,32.9,1.72,19.83,0.0,5.34,NORMAL,test
4300,kurla,2020-02-13,2,31.0,31.6,47.0,1.86,,2.7,-0.6,NORMAL,train
3966,kurla,2020-02-26,2,30.9,32.73,54.2,2.42,21.87,0.0,-1.83,NORMAL,train
3644,kurla,2020-02-29,2,32.8,32.99,50.6,2.41,19.74,0.0,-0.19,NORMAL,train
3870,kurla,2020-03-03,3,37.1,33.28,6.9,2.33,27.18,0.0,3.82,NORMAL,train
3835,kurla,2020-04-02,4,35.0,35.51,56.7,2.83,25.66,0.0,-0.51,NORMAL,train
1618,kurla,2020-04-13,4,43.6,35.88,29.8,2.04,29.17,0.0,7.72,SEVERE_HEATWAVE,validation
1482,kurla,2020-04-18,4,43.9,36.04,17.4,1.94,27.35,,7.86,SEVERE_HEATWAVE,validation
3008,kurla,2020-04-23,4,42.5,36.17,30.2,1.35,25.33,0.0,6.33,SEVERE_HEATWAVE,train
4755,kurla,2020-04-28,4,41.4,36.23,32.5,2.1,28.4,0.0,5.17,HEATWAVE,train
803,kurla,2020-05-04,5,39.1,36.28,45.9,2.76,25.49,0.0,2.82,NORMAL,train
4504,kurla,2020-05-10,5,40.5,36.26,54.5,2.47,25.89,0.0,4.24,NORMAL,validation
4556,kurla,2020-05-18,5,35.9,36.08,60.6,2.43,23.26,3.9,-0.18,NORMAL,train
422,kurla,2020-05-19,5,44.1,36.03,30.2,1.71,31.83,0.0,8.07,SEVERE_HEATWAVE,train
2617,kurla,2020-05-31,5,35.8,35.09,49.6,2.78,25.26,0.0,0.71,NORMAL,train
4244,kurla,2020-06-09,6,36.7,33.82,80.5,,24.05,0.0,2.88,NORMAL,train
4722,kurla,2020-06-20,6,28.9,32.04,85.5,4.37,25.25,5.7,-3.14,NORMAL,train
2364,kurla,2020-06-21,6,32.3,31.89,89.7,5.26,16.74,50.2,0.41,NORMAL,test
1984,kurla,2020-06-27,6,29.2,31.05,86.9,2.42,19.66,0.0,-1.85,NORMAL,train
1600,kurla,2020-06-29,6,29.5,30.83,76.4,3.38,12.11,12.7,-1.33,NORMAL,train
291,kurla,2020-07-01,7,31.6,30.63,84.3,4.22,16.74,0.0,0.97,NORMAL,train
1560,kurla,2020-07-04,7,31.3,30.37,90.9,4.55,12.54,6.8,0.93,NORMAL,train
3930,kurla,2020-07-07,7,27.8,30.17,86.5,3.59,24.47,0.7,-2.37,NORMAL,train
3471,kurla,2020-08-01,8,27.7,29.01,95.0,3.32,14.52,6.9,-1.31,NORMAL,test
718,kurla,2020-08-07,8,28.7,29.0,91.4,3.23,22.55,67.5,-0.3,NORMAL,validation
2067,kurla,2020-08-11,8,28.4,29.04,89.0,3.0,18.77,,-0.64,NORMAL,train
4360,kurla,2020-08-19,8,28.1,29.18,88.8,1.44,18.61,55.3,-1.08,NORMAL,train
9,kurla,2020-09-09,9,29.2,30.03,86.0,3.06,21.8,13.2,-0.83,NORMAL,train
1548,kurla,2020-09-25,9,34.6,31.36,80.2,1.67,25.12,11.0,3.24,NORMAL,train
1312,kurla,2020-10-08,10,37.8,32.56,46.5,1.55,17.6,0.0,5.24,HEATWAVE,train
598,kurla,2020-10-20,10,31.6,33.28,82.1,2.53,15.56,0.0,-1.68,NORMAL,train
3656,kurla,2020-10-23,10,33.9,33.38,77.6,2.22,16.66,0.0,0.52,NORMAL,test
2988,kurla,2020-11-07,11,30.2,33.11,63.8,2.07,18.18,0.0,-2.91,NORMAL,train
2295,kurla,2020-11-13,11,34.4,32.9,67.2,1.79,21.12,0.0,1.5,NORMAL,train
845,kurla,2020-11-19,11,37.8,32.6,56.8,1.88,21.59,0.0,5.2,HEATWAVE,validation
1909,kurla,2020-11-21,11,31.0,32.49,85.6,1.86,15.23,0.0,-1.49,NORMAL,train
4178,kurla,2021-01-11,1,37.2,30.04,38.5,1.75,24.17,0.0,7.16,SEVERE_HEATWAVE,train
1997,kurla,2021-01-27,1,31.1,30.41,67.2,1.23,18.8,0.0,0.69,NORMAL,validation
1907,kurla,2021-02-08,2,27.4,31.16,40.9,1.82,22.12,0.0,-3.76,NORMAL,train
2970,kurla,2021-02-09,2,32.7,31.26,36.6,1.61,20.66,0.0,1.44,NORMAL,train
1766,kurla,2021-02-11,2,37.1,31.42,18.5,1.49,21.6,0.0,5.68,HEATWAVE,train
3730,kurla,2021-02-17,2,29.5,31.94,53.8,2.51,20.19,0.0,-2.44,NORMAL,validation
2240,kurla,2021-02-21,2,31.4,32.27,47.4,1.56,21.14,0.0,-0.87,NORMAL,train
2051,kurla,2021-02-26,2,35.8,32.73,34.5,1.42,22.63,0.0,3.07,NORMAL,validation
4157,kurla,2021-03-07,3,38.5,33.66,16.2,1.56,26.74,0.0,4.84,HEATWAVE,train
3076,kurla,2021-03-26,3,38.0,35.13,21.8,2.24,22.13,0.0,2.87,NORMAL,train
4649,kurla,2021-03-29,3,36.7,35.33,,2.12,23.09,0.0,1.37,NORMAL,train
2348,kurla,2021-03-31,3,35.3,35.44,38.2,2.84,26.48,0.0,-0.14,NORMAL,train
1027,kurla,2021-04-03,4,35.2,35.54,41.7,2.5,26.68,3.8,-0.34,NORMAL,train
4604,kurla,2021-04-07,4,35.3,35.68,40.6,2.15,24.05,0.0,-0.38,NORMAL,validation
1713,kurla,2021-04-11,4,39.2,35.82,41.7,1.86,26.43,0.0,3.38,NORMAL,train
4286,kurla,2021-04-29,4,41.6,36.24,41.8,1.89,23.47,0.0,5.36,HEATWAVE,train
2822,kurla,2021-04-30,4,43.5,36.24,,1.85,27.22,0.0,7.26,SEVERE_HEATWAVE,test
2650,kurla,2021-05-21,5,35.8,35.92,69.0,3.58,23.05,0.0,-0.12,NORMAL,train
2835,kurla,2021-05-24,5,36.1,35.74,58.2,2.0,24.97,0.0,0.36,NORMAL,validation
4950,kurla,2021-07-09,7,31.8,30.04,84.5,3.86,16.17,42.7,1.76,NORMAL,train
2563,kurla,2021-07-21,7,30.9,29.35,80.1,2.24,14.04,,1.55,NORMAL,train
2764,kurla,2021-08-10,8,27.9,29.02,88.6,2.88,15.16,7.6,-1.12,NORMAL,train
4780,kurla,2021-08-11,8,25.7,29.04,87.7,1.75,4.64,19.1,-3.34,NORMAL,validation
3578,kurla,2021-08-12,8,28.9,29.05,90.0,4.25,12.12,21.1,-0.15,NORMAL,validation
1110,kurla,2021-09-14,9,31.0,30.37,91.0,0.58,10.8,8.2,0.63,NORMAL,validation
3933,kurla,2021-09-23,9,37.2,31.16,68.8,1.51,23.35,0.0,6.04,HEATWAVE,validation
975,kurla,2021-10-01,10,35.9,31.9,80.8,1.68,18.55,0.0,4.0,NORMAL,test
1845,kurla,2021-10-11,10,31.1,32.8,85.8,1.73,17.17,0.0,-1.7,NORMAL,test
2642,kurla,2021-10-13,10,38.7,32.94,48.3,1.28,20.09,0.0,5.76,HEATWAVE,test
2000,kurla,2021-10-17,10,31.7,33.15,80.8,1.92,20.76,0.0,-1.45,NORMAL,train
773,kurla,2021-10-21,10,41.3,33.32,51.6,1.31,26.32,0.0,7.98,SEVERE_HEATWAVE,train
4365,kurla,2021-10-22,10,33.4,33.35,,3.17,21.56,0.0,0.05,NORMAL,train
609,kurla,2021-10-23,10,40.4,33.38,55.7,1.54,20.06,0.0,7.02,SEVERE_HEATWAVE,train
2225,kurla,2021-10-29,10,40.8,33.38,62.4,1.77,23.08,0.0,7.42,SEVERE_HEATWAVE,train
600,kurla,2021-10-31,10,36.1,33.32,64.9,2.79,19.95,0.0,2.78,NORMAL,test
4218,kurla,2021-11-05,11,32.2,33.16,91.8,2.26,13.65,0.0,-0.96,NORMAL,train
2955,kurla,2021-11-10,11,34.5,33.02,52.6,2.46,17.44,0.0,1.48,NORMAL,validation
2019,kurla,2021-11-17,11,35.0,32.69,62.4,1.75,18.04,0.0,2.31,NORMAL,validation
2185,kurla,2021-11-24,11,36.9,32.33,45.6,0.73,21.43,0.0,4.57,HEATWAVE,train
2120,kurla,2021-12-03,12,32.7,31.87,,1.66,16.17,0.0,0.83,NORMAL,train
257,kurla,2021-12-14,12,31.1,31.29,72.5,1.45,18.36,0.0,-0.19,NORMAL,train
2639,kurla,2021-12-16,12,32.3,31.17,50.3,1.86,17.62,0.0,1.13,NORMAL,train
648,kurla,2021-12-30,12,29.4,30.4,70.0,2.59,20.22,0.0,-1.0,NORMAL,train
1445,kurla,2022-01-21,1,29.6,30.25,76.5,1.45,20.17,0.0,-0.65,NORMAL,test
2238,kurla,2022-01-25,1,31.3,30.33,48.7,1.75,17.77,0.0,0.97,NORMAL,train
1106,kurla,2022-01-30,1,32.0,30.57,67.3,1.28,15.18,0.0,1.43,NORMAL,train
3708,kurla,2022-02-02,2,27.8,30.72,66.9,1.87,21.23,0.0,-2.92,NORMAL,train
1392,kurla,2022-02-04,2,31.0,30.86,48.8,2.22,22.87,0.0,0.14,NORMAL,train
1210,kurla,2022-02-08,2,29.7,31.16,55.6,2.29,21.65,0.0,-1.46,NORMAL,train
3709,kurla,2022-02-14,2,33.4,31.69,53.9,2.34,23.89,0.0,1.71,NORMAL,test
4906,kurla,2022-02-20,2,33.3,32.2,40.5,1.88,21.02,0.0,1.1,NORMAL,validation
720,kurla,2022-03-10,3,38.1,33.91,30.7,1.94,29.5,0.0,4.19,HEATWAVE,train
2517,kurla,2022-03-12,3,40.8,34.07,26.2,1.81,27.19,0.0,6.73,SEVERE_HEATWAVE,train
1367,kurla,2022-03-15,3,34.8,34.33,63.7,2.19,24.13,0.0,0.47,NORMAL,train
255,kurla,2022-03-23,3,41.7,34.91,30.2,1.84,21.95,0.0,6.79,HEATWAVE,train
4115,kurla,2022-03-24,3,41.8,34.98,49.0,1.67,25.29,0.0,6.82,SEVERE_HEATWAVE,train
1485,kurla,2022-04-03,4,38.5,35.54,40.9,2.24,27.69,0.0,2.96,NORMAL,train
4171,kurla,2022-04-13,4,41.5,35.88,42.9,2.18,30.46,0.0,5.62,HEATWAVE,train
1113,kurla,2022-04-18,4,42.6,36.04,30.1,1.61,29.25,0.0,6.56,HEATWAVE,train
2021,kurla,2022-04-27,4,36.3,36.22,48.2,2.54,25.95,1.3,0.08,NORMAL,test
3723,kurla,2022-05-04,5,43.5,36.28,36.0,2.74,27.24,0.0,7.22,SEVERE_HEATWAVE,train
1193,kurla,2022-05-08,5,37.0,36.28,53.7,2.38,25.34,0.0,0.72,NORMAL,validation
3341,kurla,2022-05-09,5,42.8,36.28,39.9,2.29,24.38,0.0,6.52,SEVERE_HEATWAVE,train
2884,kurla,2022-05-12,5,39.6,36.24,59.0,2.18,25.86,0.0,3.36,NORMAL,train
193,kurla,2022-05-13,5,40.7,36.22,56.3,1.91,27.51,0.0,4.48,NORMAL,train
4930,kurla,2022-05-22,5,34.1,35.87,66.2,2.67,21.72,0.0,-1.77,NORMAL,test
1328,kurla,2022-05-30,5,35.5,35.2,65.1,3.09,22.98,0.0,0.3,NORMAL,train
4391,kurla,2022-06-02,6,36.0,34.83,81.5,2.3,21.86,,1.17,NORMAL,test
3906,kurla,2022-06-08,6,38.1,33.99,74.9,2.36,13.94,0.0,4.11,NORMAL,test
1608,kurla,2022-06-09,6,33.5,33.82,87.5,3.11,16.55,14.1,-0.32,NORMAL,train
619,kurla,2022-06-29,6,31.1,30.83,90.2,2.41,26.43,43.8,0.27,NORMAL,train
4912,kurla,2022-07-06,7,31.6,30.24,92.7,3.92,13.04,2.4,1.36,NORMAL,train
524,kurla,2022-07-19,7,29.4,29.45,89.7,3.7,20.39,,-0.05,NORMAL,validation
788,kurla,2022-08-01,8,26.6,29.01,89.5,2.3,15.43,4.1,-2.41,NORMAL,train
843,kurla,2022-08-06,8,31.0,29.0,82.5,3.62,7.29,6.1,2.0,NORMAL,train
1808,kurla,2022-08-07,8,29.1,29.0,91.5,2.39,21.83,0.4,0.1,NORMAL,train
1313,kurla,2022-08-17,8,27.9,29.13,89.5,3.32,6.02,1.3,-1.23,NORMAL,validation
3914,kurla,2022-08-25,8,30.8,29.41,90.6,3.64,7.35,0.0,1.39,NORMAL,train
230,kurla,2022-09-01,9,29.9,29.75,90.2,2.48,21.63,0.0,0.15,NORMAL,train
4720,kurla,2022-09-03,9,29.8,29.82,91.3,1.61,18.1,44.4,-0.02,NORMAL,train
914,kurla,2022-09-04,9,29.3,29.84,82.9,2.55,19.99,16.0,-0.54,NORMAL,validation
1411,kurla,2022-09-07,9,32.5,29.96,86.7,3.47,22.68,0.0,2.54,NORMAL,train
2538,kurla,2022-09-10,9,30.3,30.08,91.0,1.44,9.41,18.1,0.22,NORMAL,validation
3574,kurla,2022-09-11,9,30.5,30.13,84.9,1.74,20.41,0.0,0.37,NORMAL,train
3298,kurla,2022-09-19,9,31.4,30.81,95.8,0.86,22.91,0.0,0.59,NORMAL,train
2854,kurla,2022-10-15,10,34.3,33.07,64.0,2.28,21.34,0.0,1.23,NORMAL,train
1180,kurla,2022-10-17,10,38.6,33.15,66.0,1.57,17.48,0.0,5.45,HEATWAVE,train
3130,kurla,2022-10-19,10,31.3,33.23,74.6,1.24,10.76,2.3,-1.93,NORMAL,train
1148,kurla,2022-11-24,11,36.0,32.33,54.1,1.9,19.73,0.0,3.67,NORMAL,train
3530,kurla,2022-11-30,11,37.8,31.99,52.1,1.17,23.04,0.0,5.81,HEATWAVE,train
4015,kurla,2022-12-10,12,32.7,31.53,68.3,2.22,17.84,0.0,1.17,NORMAL,test
997,kurla,2022-12-21,12,32.4,30.81,46.7,2.31,18.3,0.0,1.59,NORMAL,train
3707,kurla,2023-01-01,1,30.0,30.34,44.0,2.3,15.87,0.0,-0.34,NORMAL,train
581,kurla,2023-01-13,1,28.9,30.04,58.4,2.32,17.75,0.0,-1.14,NORMAL,train
153,kurla,2023-01-21,1,26.8,30.25,61.7,,16.47,0.0,-3.45,NORMAL,train
3509,kurla,2023-01-28,1,31.8,30.46,50.6,2.08,18.52,0.0,1.34,NORMAL,test
1124,kurla,2023-02-07,2,27.5,31.07,42.2,2.66,23.38,0.0,-3.57,NORMAL,train
2910,kurla,2023-02-13,2,37.5,31.6,30.1,2.47,23.89,0.0,5.9,HEATWAVE,train
2442,kurla,2023-02-14,2,35.8,31.69,39.6,1.28,21.93,0.0,4.11,NORMAL,train
2139,kurla,2023-03-03,3,40.8,33.28,19.3,1.59,29.31,0.0,7.52,SEVERE_HEATWAVE,train
4816,kurla,2023-03-09,3,35.0,33.82,24.7,2.09,24.34,0.0,1.18,NORMAL,train
2796,kurla,2023-03-12,3,36.6,34.07,44.9,2.25,24.11,0.0,2.53,NORMAL,train
1901,kurla,2023-03-21,3,38.8,34.75,36.0,1.67,26.61,0.0,4.05,NORMAL,train
2038,kurla,2023-04-15,4,41.4,35.93,33.6,2.39,27.65,0.0,5.47,HEATWAVE,train
1258,kurla,2023-05-01,5,37.0,36.24,63.8,3.03,25.12,0.0,0.76,NORMAL,train
4983,kurla,2023-05-04,5,37.9,36.28,49.8,2.53,26.8,0.0,1.62,NORMAL,train
633,kurla,2023-06-13,6,32.9,33.19,83.5,4.42,20.93,1.1,-0.29,NORMAL,train
233,kurla,2023-06-27,6,36.9,31.05,63.7,2.42,20.19,0.0,5.85,HEATWAVE,train
1436,kurla,2023-07-08,7,30.5,30.1,87.9,3.12,19.64,53.2,0.4,NORMAL,train
811,kurla,2023-07-17,7,30.5,29.54,84.3,4.97,18.2,0.0,0.96,NORMAL,train
54,kurla,2023-07-19,7,32.2,29.45,84.4,3.27,14.66,0.0,2.75,NORMAL,train
3169,kurla,2023-08-12,8,28.3,29.05,90.5,3.99,20.92,1.8,-0.75,NORMAL,train
962,kurla,2023-08-16,8,28.4,29.12,93.7,5.07,22.2,1.3,-0.72,NORMAL,train
1777,kurla,2023-08-20,8,27.5,29.21,94.8,4.32,13.28,15.0,-1.71,NORMAL,test
1473,kurla,2023-09-14,9,30.9,30.37,85.2,4.75,11.68,39.1,0.53,NORMAL,validation
504,kurla,2023-09-24,9,30.5,31.26,88.0,3.17,16.11,5.8,-0.76,NORMAL,validation
694,kurla,2023-09-28,9,32.6,31.62,86.4,3.37,15.79,17.6,0.98,NORMAL,train
1996,kurla,2023-09-29,9,32.8,31.72,88.4,3.9,21.3,0.0,1.08,NORMAL,test
1182,kurla,2023-10-16,10,34.3,33.11,85.1,1.34,9.97,4.4,1.19,NORMAL,test
320,kurla,2023-10-18,10,33.3,33.19,77.9,1.82,25.84,0.8,0.11,NORMAL,train
3645,kurla,2023-10-22,10,34.5,33.35,69.6,2.73,,0.0,1.15,NORMAL,test
4287,kurla,2023-11-05,11,34.1,33.16,81.8,2.31,18.77,0.0,0.94,NORMAL,test
3694,kurla,2023-11-23,11,30.2,32.38,74.5,1.56,17.99,0.0,-2.18,NORMAL,test
3720,kurla,2023-12-19,12,31.4,30.94,48.2,1.78,14.06,0.0,0.46,NORMAL,test
621,kurla,2023-12-21,12,31.6,30.81,48.5,2.36,15.01,0.0,0.79,NORMAL,train
2859,kurla,2024-01-06,1,32.6,30.14,33.8,1.57,20.53,0.0,2.46,NORMAL,train
3833,kurla,2024-01-15,1,28.9,30.05,77.8,1.93,17.84,0.0,-1.15,NORMAL,test
758,kurla,2024-01-18,1,35.6,30.14,34.2,1.67,17.85,0.0,5.46,NORMAL,train
2359,kurla,2024-01-19,1,32.2,30.18,,1.87,22.5,0.0,2.02,NORMAL,train
4217,kurla,2024-02-11,2,37.1,31.42,46.0,1.21,24.3,0.0,5.68,HEATWAVE,train
3445,kurla,2024-02-14,2,40.2,31.69,8.8,1.63,26.65,0.0,8.51,SEVERE_HEATWAVE,train
1868,kurla,2024-03-03,3,37.9,33.28,23.9,1.79,25.26,0.0,4.62,NORMAL,train
3391,kurla,2024-03-15,3,38.2,34.33,60.8,1.62,23.11,0.0,3.87,NORMAL,validation
3244,kurla,2024-03-17,3,35.5,34.48,51.1,1.71,23.89,0.0,1.02,NORMAL,train
3973,kurla,2024-03-21,3,36.0,34.75,38.5,2.19,29.22,0.8,1.25,NORMAL,train
87,kurla,2024-04-19,4,40.8,36.08,41.9,1.84,26.74,0.0,4.72,HEATWAVE,train
4290,kurla,2024-04-20,4,44.0,36.11,21.0,1.52,26.93,0.0,7.89,SEVERE_HEATWAVE,train
4348,kurla,2024-04-26,4,38.1,36.21,49.7,2.34,25.82,0.0,1.89,NORMAL,test
1503,kurla,2024-06-16,6,35.6,32.68,57.0,2.22,,36.8,2.92,NORMAL,train
4474,kurla,2024-06-19,6,28.3,32.2,,2.34,13.18,27.0,-3.9,NORMAL,train
768,kurla,2024-06-22,6,33.0,31.75,64.0,6.18,10.84,0.0,1.25,NORMAL,train
4107,kurla,2024-06-24,6,32.9,31.45,81.3,4.18,19.39,0.0,1.45,NORMAL,validation
1479,kurla,2024-06-29,6,33.7,30.83,73.7,4.43,32.0,0.0,2.87,NORMAL,train
2482,kurla,2024-07-01,7,33.5,30.63,83.2,3.47,22.46,0.0,2.87,NORMAL,train
1607,kurla,2024-07-24,7,28.7,29.21,94.5,4.02,10.04,8.3,-0.51,NORMAL,train
3890,kurla,2024-08-04,8,30.9,29.01,85.5,2.89,15.29,0.0,1.89,NORMAL,train
2490,kurla,2024-08-05,8,27.7,29.01,91.0,4.65,17.54,6.3,-1.31,NORMAL,train
4134,kurla,2024-08-21,8,28.8,29.25,92.9,3.1,12.41,2.3,-0.45,NORMAL,train
1506,kurla,2024-08-25,8,28.1,29.41,93.2,6.05,17.74,0.7,-1.31,NORMAL,train
2345,kurla,2024-09-07,9,29.6,29.96,82.0,1.78,,2.1,-0.36,NORMAL,validation
127,kurla,2024-09-29,9,40.3,31.72,56.5,1.47,19.09,0.0,8.58,SEVERE_HEATWAVE,validation
4347,kurla,2024-11-08,11,37.3,33.07,46.8,1.63,21.0,0.0,4.23,NORMAL,train
1007,kurla,2024-11-12,11,33.3,32.95,69.1,1.51,13.28,0.0,0.35,NORMAL,test
3775,kurla,2024-12-16,12,28.9,31.17,66.9,1.57,14.76,0.0,-2.27,NORMAL,train
104,kurla,2024-12-17,12,31.6,31.09,74.7,2.04,19.53,0.0,0.51,NORMAL,train
2814,kurla,2024-12-18,12,31.5,31.03,,1.85,14.54,0.0,0.47,NORMAL,train
4473,kurla,2024-12-23,12,31.4,30.69,65.0,3.28,15.49,0.0,0.71,NORMAL,validation
4805,kurla,2024-12-25,12,32.3,30.58,56.1,1.66,19.72,0.0,1.72,NORMAL,train
3982,kurla,2024-12-28,12,33.6,30.46,64.2,2.91,18.73,,3.14,NORMAL,train
1671,mumbai,2000-01-23,1,37.6,30.08,30.8,1.58,22.91,0.0,7.52,NORMAL,test
3356,mumbai,2000-01-24,1,27.4,30.09,70.3,2.15,21.15,0.0,-2.69,NORMAL,train
3408,mumbai,2000-02-16,2,34.6,31.14,46.4,2.3,23.19,0.0,3.46,NORMAL,train
1634,mumbai,2000-02-24,2,36.3,31.64,46.3,1.9,21.61,0.0,4.66,NORMAL,train
1022,mumbai,2000-03-04,3,31.5,32.31,25.3,2.54,23.58,0.0,-0.81,NORMAL,train
443,mumbai,2000-03-08,3,30.2,32.62,51.5,2.17,23.85,0.0,-2.42,NORMAL,validation
493,mumbai,2000-03-13,3,35.3,32.95,44.0,2.14,26.95,0.0,2.35,NORMAL,validation
374,mumbai,2000-03-14,3,30.1,33.01,43.0,1.92,20.94,0.0,-2.91,NORMAL,validation
2456,mumbai,2000-04-10,4,35.6,34.28,36.3,1.81,26.22,0.0,1.32,NORMAL,train
832,mumbai,2000-05-03,5,41.2,34.73,,2.96,29.06,0.0,6.47,HEATWAVE,validation
4815,mumbai,2000-05-10,5,35.5,34.7,60.2,2.44,24.11,0.0,0.8,NORMAL,validation
2529,mumbai,2000-05-13,5,35.4,34.65,58.7,2.78,25.06,0.0,0.75,NORMAL,train
1448,mumbai,2000-05-14,5,41.6,34.61,48.1,3.84,27.61,0.0,6.99,SEVERE_HEATWAVE,train
2978,mumbai,2000-05-22,5,34.7,34.25,62.5,3.16,25.67,0.0,0.45,NORMAL,train
2045,mumbai,2000-06-25,6,36.6,29.82,53.8,2.6,24.42,,6.78,NORMAL,train
1460,mumbai,2000-07-01,7,27.5,29.28,87.1,2.11,15.71,9.3,-1.78,NORMAL,test
2502,mumbai,2000-07-15,7,26.5,28.53,96.7,4.0,16.34,20.6,-2.03,NORMAL,train
2303,mumbai,2000-07-17,7,31.1,28.44,80.0,4.04,24.41,0.0,2.66,NORMAL,validation
518,mumbai,2000-07-18,7,29.4,28.41,88.1,4.77,19.13,0.0,0.99,NORMAL,validation
3596,mumbai,2000-07-22,7,29.1,28.27,87.1,2.9,13.76,135.7,0.83,NORMAL,train
863,mumbai,2000-07-28,7,26.9,28.11,88.1,2.49,15.31,4.9,-1.21,NORMAL,train
2819,mumbai,2000-08-07,8,26.8,28.05,91.3,3.09,16.17,9.5,-1.25,NORMAL,train
2613,mumbai,2000-08-14,8,28.9,28.11,88.7,2.75,18.43,0.0,0.79,NORMAL,test
4088,mumbai,2000-08-23,8,28.2,28.35,89.1,2.0,14.07,0.0,-0.15,NORMAL,train
4677,mumbai,2000-08-28,8,27.6,28.54,85.2,2.95,16.36,23.7,-0.94,NORMAL,train
2100,mumbai,2000-08-31,8,27.9,28.66,89.8,2.81,15.06,37.4,-0.76,NORMAL,validation
2578,mumbai,2000-09-02,9,31.0,28.73,83.6,2.02,16.35,0.0,2.27,NORMAL,train
201,mumbai,2000-09-17,9,30.4,29.49,80.0,1.38,13.9,2.0,0.91,NORMAL,train
1547,mumbai,2000-10-06,10,30.5,31.16,85.9,1.96,24.08,0.0,-0.66,NORMAL,train
321,mumbai,2000-10-21,10,34.9,32.27,69.5,1.53,24.48,0.0,2.63,NORMAL,train
2968,mumbai,2000-11-09,11,31.3,32.42,71.6,3.46,18.5,0.0,-1.12,NORMAL,train
3735,mumbai,2000-11-15,11,36.8,32.26,59.0,1.78,25.33,0.0,4.54,HEATWAVE,test
3719,mumbai,2000-11-21,11,32.3,32.01,62.9,1.87,19.52,0.0,0.29,NORMAL,train
1440,mumbai,2000-11-22,11,32.0,31.97,71.0,1.71,20.38,0.0,0.03,NORMAL,validation
1568,mumbai,2000-12-01,12,36.7,31.57,31.4,1.4,19.37,0.0,5.13,NORMAL,train
3898,mumbai,2000-12-02,12,32.9,31.54,39.6,2.31,20.36,0.0,1.36,NORMAL,train
2710,mumbai,2000-12-14,12,39.7,30.94,45.0,1.51,20.74,0.0,8.76,SEVERE_HEATWAVE,train
1418,mumbai,2000-12-18,12,31.0,30.71,54.2,1.61,16.61,0.0,0.29,NORMAL,train
780,mumbai,2000-12-19,12,37.0,30.64,10.4,1.96,20.35,0.0,6.36,HEATWAVE,train
203,mumbai,2000-12-26,12,36.8,30.28,22.9,1.56,18.92,0.0,6.52,NORMAL,validation
11,mumbai,2001-01-04,1,30.0,29.99,63.5,2.51,18.83,0.0,0.01,NORMAL,train
3968,mumbai,2001-01-11,1,30.8,29.84,52.9,1.76,19.92,0.0,0.96,NORMAL,train
4903,mumbai,2001-01-15,1,30.1,29.86,81.1,2.18,17.69,0.0,0.24,NORMAL,train
3587,mumbai,2001-02-12,2,37.1,30.92,31.5,1.42,26.24,0.0,6.18,HEATWAVE,train
4394,mumbai,2001-02-26,2,37.9,31.79,27.2,1.56,26.15,0.0,6.11,HEATWAVE,test
1525,mumbai,2001-03-22,3,39.8,33.47,29.0,1.48,26.75,0.0,6.33,SEVERE_HEATWAVE,train
3332,mumbai,2001-03-23,3,38.8,33.54,25.3,1.42,28.32,0.0,5.26,HEATWAVE,train
3954,mumbai,2001-03-25,3,33.9,33.66,51.7,2.65,23.16,0.0,0.24,NORMAL,validation
4124,mumbai,2001-04-05,4,33.6,34.12,65.1,2.24,23.47,0.0,-0.52,NORMAL,test
3967,mumbai,2001-04-23,4,35.3,34.64,47.4,1.91,22.4,0.0,0.66,NORMAL,train
2121,mumbai,2001-05-18,5,33.9,34.48,71.7,3.1,29.38,0.0,-0.58,NORMAL,train
4092,mumbai,2001-05-20,5,33.9,34.37,56.4,3.61,24.81,0.0,-0.47,NORMAL,validation
3085,mumbai,2001-06-26,6,30.8,29.71,73.7,2.82,12.24,3.5,1.09,NORMAL,train
2248,mumbai,2001-07-02,7,29.1,29.21,90.1,4.81,12.77,36.9,-0.11,NORMAL,train
2010,mumbai,2001-07-06,7,30.3,28.99,91.1,4.17,20.1,57.3,1.31,NORMAL,test
3154,mumbai,2001-07-27,7,28.6,28.14,87.3,4.76,10.26,0.0,0.46,NORMAL,train
4895,mumbai,2001-08-08,8,27.0,28.06,88.3,4.44,23.21,0.2,-1.06,NORMAL,train
217,mumbai,2001-09-02,9,29.1,28.73,87.8,4.8,20.02,10.3,0.37,NORMAL,train
3124,mumbai,2001-09-06,9,29.0,28.82,84.3,2.69,13.5,16.6,0.18,NORMAL,train
3486,mumbai,2001-09-11,9,25.9,29.02,86.8,2.77,19.55,0.0,-3.12,NORMAL,validation
4331,mumbai,2001-09-22,9,27.0,29.87,88.8,2.25,24.62,0.0,-2.87,NORMAL,validation
1246,mumbai,2001-10-15,10,42.4,31.91,46.4,0.62,18.94,0.0,10.49,SEVERE_HEATWAVE,train
4070,mumbai,2001-10-17,10,32.7,32.02,90.7,1.45,,0.0,0.68,NORMAL,train
2316,mumbai,2001-11-03,11,34.1,32.48,60.5,,16.93,0.0,1.62,NORMAL,validation
84,mumbai,2001-11-05,11,35.3,32.47,68.6,1.99,21.15,,2.83,NORMAL,train
1762,mumbai,2001-11-23,11,36.9,31.92,63.2,1.51,16.25,0.0,4.98,NORMAL,train
1512,mumbai,2001-12-06,12,31.2,31.37,71.3,2.36,17.77,0.0,-0.17,NORMAL,train
3285,mumbai,2001-12-30,12,33.5,30.16,41.9,1.89,19.39,0.0,3.34,NORMAL,test
3697,mumbai,2001-12-31,12,37.3,30.14,36.7,0.97,22.94,0.0,7.16,SEVERE_HEATWAVE,validation
3868,mumbai,2002-01-09,1,26.3,29.85,44.2,2.62,16.66,0.0,-3.55,NORMAL,validation
3810,mumbai,2002-01-15,1,36.9,29.86,26.4,1.44,18.93,0.0,7.04,NORMAL,test
2148,mumbai,2002-02-09,2,31.7,30.73,53.4,1.88,24.99,0.0,0.97,NORMAL,train
2677,mumbai,2002-02-12,2,31.0,30.92,30.4,2.34,23.66,0.0,0.08,NORMAL,train
378,mumbai,2002-02-14,2,29.9,31.04,42.6,1.89,22.58,0.0,-1.14,NORMAL,train
4182,mumbai,2002-02-21,2,30.3,31.44,29.4,1.29,19.51,0.0,-1.14,NORMAL,train
206,mumbai,2002-03-10,3,40.3,32.76,26.9,2.2,24.51,0.0,7.54,SEVERE_HEATWAVE,validation
47,mumbai,2002-03-16,3,33.4,33.14,50.0,3.26,21.17,0.0,0.26,NORMAL,train
580,mumbai,2002-03-23,3,32.8,33.54,23.3,2.11,19.81,0.0,-0.74,NORMAL,train
330,mumbai,2002-04-18,4,38.5,34.52,37.3,1.88,28.54,0.0,3.98,NORMAL,train
4404,mumbai,2002-04-23,4,35.1,34.64,47.9,2.1,24.52,0.0,0.46,NORMAL,train
2829,mumbai,2002-05-11,5,36.6,34.69,51.1,3.36,26.1,,1.91,NORMAL,train
312,mumbai,2002-06-04,6,36.0,32.88,72.1,1.89,22.0,0.0,3.12,NORMAL,validation
2810,mumbai,2002-06-05,6,33.0,32.74,68.3,4.24,9.91,56.2,0.26,NORMAL,train
1140,mumbai,2002-06-26,6,33.9,29.71,66.3,2.36,24.62,,4.19,NORMAL,train
3345,mumbai,2002-06-27,6,29.2,29.61,72.5,2.79,23.25,15.8,-0.41,NORMAL,test
2130,mumbai,2002-06-28,6,37.1,29.52,60.6,3.25,11.7,0.0,7.58,SEVERE_HEATWAVE,train
1778,mumbai,2002-07-15,7,28.2,28.53,90.7,4.39,10.33,73.8,-0.33,NORMAL,train
245,mumbai,2002-07-19,7,27.0,28.38,92.2,4.56,0.0,3.2,-1.38,NORMAL,train
4516,mumbai,2002-08-12,8,26.7,28.1,91.7,2.09,11.47,23.6,-1.4,NORMAL,train
3137,mumbai,2002-08-31,8,29.2,28.66,86.1,3.13,16.42,0.0,0.54,NORMAL,train
3422,mumbai,2002-09-03,9,29.3,28.74,93.5,2.13,15.88,0.0,0.56,NORMAL,test
4645,mumbai,2002-09-07,9,28.4,28.85,80.6,2.01,17.31,7.3,-0.45,NORMAL,train
3753,mumbai,2002-09-26,9,32.0,30.22,88.4,3.04,19.05,,1.78,NORMAL,train
3469,mumbai,2002-09-28,9,31.3,30.39,84.6,3.39,14.83,3.9,0.91,NORMAL,train
4438,mumbai,2002-10-03,10,36.9,30.85,58.6,0.58,13.93,0.0,6.05,NORMAL,train
1659,mumbai,2002-10-07,10,30.3,31.26,65.9,1.86,17.02,2.0,-0.96,NORMAL,train
3527,mumbai,2002-10-13,10,35.7,31.76,60.1,1.2,16.83,0.0,3.94,NORMAL,train
58,mumbai,2002-10-21,10,33.1,32.27,74.3,2.27,16.63,0.0,0.83,NORMAL,test
4743,mumbai,2002-10-26,10,38.4,32.44,63.9,1.28,22.72,0.0,5.96,HEATWAVE,train
3590,mumbai,2002-10-28,10,30.9,32.48,72.2,1.72,13.1,0.0,-1.58,NORMAL,validation
3816,mumbai,2002-10-29,10,31.2,32.49,74.2,1.02,18.35,1.6,-1.29,NORMAL,train
3479,mumbai,2002-10-30,10,30.9,32.48,92.7,1.62,19.94,0.0,-1.58,NORMAL,train
3423,mumbai,2002-11-01,11,32.9,32.49,62.4,0.98,15.93,0.0,0.41,NORMAL,train
2546,mumbai,2002-11-05,11,36.5,32.47,56.2,1.37,20.4,0.0,4.03,NORMAL,test
1255,mumbai,2002-11-09,11,36.6,32.42,66.0,2.4,16.74,0.0,4.18,NORMAL,test
2838,mumbai,2002-11-30,11,33.0,31.61,59.5,2.02,16.26,0.0,1.39,NORMAL,validation
3167,mumbai,2002-12-10,12,31.1,31.17,31.8,2.28,15.06,0.0,-0.07,NORMAL,validation
4835,mumbai,2002-12-25,12,31.2,30.32,50.6,2.17,14.78,0.0,0.88,NORMAL,validation
4683,mumbai,2003-01-09,1,36.7,29.85,40.4,1.72,21.75,0.0,6.85,SEVERE_HEATWAVE,train
3731,mumbai,2003-01-12,1,27.9,29.84,81.2,1.87,21.62,0.0,-1.94,NORMAL,train
4197,mumbai,2003-01-28,1,39.3,30.17,23.2,1.48,23.57,0.0,9.13,SEVERE_HEATWAVE,train
2774,mumbai,2003-02-09,2,31.9,30.73,50.6,2.42,,0.0,1.17,NORMAL,train
3077,mumbai,2003-02-15,2,29.6,31.08,,1.96,21.59,0.0,-1.48,NORMAL,train
1799,mumbai,2003-02-20,2,32.1,31.39,37.6,1.62,20.44,0.0,0.71,NORMAL,train
2554,mumbai,2003-02-21,2,35.2,31.44,52.0,2.09,23.28,0.0,3.76,NORMAL,train
4078,mumbai,2003-02-23,2,28.2,31.57,18.9,2.11,23.36,0.0,-3.37,NORMAL,train
4250,mumbai,2003-03-11,3,33.6,32.82,39.8,2.25,23.63,0.0,0.78,NORMAL,train
3575,mumbai,2003-05-11,5,35.6,34.69,58.5,2.82,23.81,0.0,0.91,NORMAL,test
409,mumbai,2003-05-25,5,34.2,34.04,69.9,3.31,,0.0,0.16,NORMAL,validation
3873,mumbai,2003-06-22,6,35.7,30.21,67.9,3.33,17.68,0.0,5.49,NORMAL,train
2494,mumbai,2003-07-13,7,27.6,28.64,91.2,4.52,18.67,21.9,-1.04,NORMAL,validation
4865,mumbai,2003-07-15,7,26.9,28.53,92.1,4.17,14.57,42.2,-1.63,NORMAL,train
1096,mumbai,2003-07-24,7,29.6,28.2,83.2,2.16,23.37,0.0,1.4,NORMAL,test
4480,mumbai,2003-07-27,7,27.4,28.14,90.6,3.16,13.02,0.9,-0.74,NORMAL,test
3017,mumbai,2003-08-06,8,27.0,28.05,92.5,4.63,20.07,,-1.05,NORMAL,train
1063,mumbai,2003-08-07,8,29.1,28.05,90.1,3.3,11.54,0.1,1.05,NORMAL,train
2496,mumbai,2003-08-13,8,29.3,28.1,85.4,5.17,10.66,0.0,1.2,NORMAL,test
3388,mumbai,2003-08-26,8,28.3,28.46,91.7,6.15,23.82,16.5,-0.16,NORMAL,validation
1492,mumbai,2003-08-29,8,28.0,28.58,94.7,5.45,15.53,8.8,-0.58,NORMAL,validation
932,mumbai,2003-08-31,8,27.8,28.66,91.2,2.54,13.5,30.3,-0.86,NORMAL,validation
317,mumbai,2003-09-06,9,29.7,28.82,81.7,3.03,9.35,0.0,0.88,NORMAL,train
2719,mumbai,2003-09-11,9,29.5,29.02,86.8,0.77,21.09,70.4,0.48,NORMAL,train
2980,mumbai,2003-09-20,9,31.3,29.71,84.1,1.89,14.05,0.0,1.59,NORMAL,train
1867,mumbai,2003-10-10,10,33.7,31.53,80.5,,21.11,0.0,2.17,NORMAL,test
72,mumbai,2003-10-11,10,36.0,31.6,60.7,0.89,18.26,0.0,4.4,NORMAL,validation
4634,mumbai,2003-10-12,10,33.1,31.68,74.4,1.11,26.05,8.1,1.42,NORMAL,train
2317,mumbai,2003-10-26,10,32.5,32.44,73.8,1.54,14.41,0.0,0.06,NORMAL,train
2596,mumbai,2003-11-03,11,32.1,32.48,72.3,1.81,18.61,0.0,-0.38,NORMAL,train
277,mumbai,2003-11-14,11,36.6,32.3,49.1,1.89,18.72,0.0,4.3,NORMAL,train
2647,mumbai,2003-12-15,12,32.9,30.89,46.3,1.22,20.2,0.0,2.01,NORMAL,validation
276,mumbai,2003-12-23,12,30.0,30.43,52.2,1.51,13.1,0.0,-0.43,NORMAL,test
1142,mumbai,2003-12-30,12,30.3,30.16,70.0,2.23,16.32,3.8,0.14,NORMAL,train
1353,mumbai,2004-01-09,1,33.4,29.85,49.4,1.87,17.36,0.0,3.55,NORMAL,train
94,mumbai,2004-01-26,1,37.1,30.12,43.5,1.38,24.07,0.0,6.98,SEVERE_HEATWAVE,validation
4620,mumbai,2004-02-06,2,28.6,30.53,34.2,1.7,21.02,0.0,-1.93,NORMAL,test
4781,mumbai,2004-02-10,2,30.6,30.8,42.5,1.95,19.93,0.0,-0.2,NORMAL,validation
686,mumbai,2004-02-14,2,37.0,31.04,41.3,2.2,21.28,0.0,5.96,HEATWAVE,train
2802,mumbai,2004-02-18,2,32.0,31.28,23.6,1.8,20.79,0.0,0.72,NORMAL,train
192,mumbai,2004-03-19,3,37.5,33.3,42.2,2.51,26.94,0.0,4.2,NORMAL,train
4503,mumbai,2004-03-26,3,38.9,33.72,60.3,,27.12,0.0,5.18,HEATWAVE,train
4961,mumbai,2004-04-09,4,39.9,34.25,36.1,1.88,26.67,0.0,5.65,HEATWAVE,test
4601,mumbai,2004-04-17,4,33.6,34.49,47.2,2.45,25.11,0.0,-0.89,NORMAL,validation
1194,mumbai,2004-04-28,4,34.9,34.69,27.0,2.34,25.36,13.5,0.21,NORMAL,train
2852,mumbai,2004-04-30,4,40.2,34.7,35.5,1.82,25.45,0.0,5.5,HEATWAVE,train
3754,mumbai,2004-05-03,5,34.9,34.73,58.7,2.54,24.99,0.1,0.17,NORMAL,train
2182,mumbai,2004-05-15,5,34.3,34.58,63.7,3.33,24.74,0.0,-0.28,NORMAL,train
4155,mumbai,2004-05-17,5,33.5,34.53,61.6,2.94,30.93,,-1.03,NORMAL,train
2694,mumbai,2004-05-30,5,38.1,33.55,52.1,2.65,32.0,0.0,4.55,HEATWAVE,train
670,mumbai,2004-06-08,6,35.6,32.31,47.5,3.2,17.15,0.0,3.29,NORMAL,test
575,mumbai,2004-06-11,6,32.4,31.83,100.0,3.65,13.09,0.6,0.57,NORMAL,validation
4001,mumbai,2004-06-26,6,36.8,29.71,54.2,1.98,32.0,0.0,7.09,NORMAL,validation
1755,mumbai,2004-06-27,6,30.5,29.61,83.8,3.67,18.53,0.0,0.89,NORMAL,train
4938,mumbai,2004-06-29,6,27.7,29.43,,2.3,18.71,1.3,-1.73,NORMAL,train
1550,mumbai,2004-07-16,7,26.7,28.48,91.0,5.1,21.47,33.3,-1.78,NORMAL,train
2954,mumbai,2004-07-22,7,28.4,28.27,87.3,4.71,7.82,0.0,0.13,NORMAL,train
3263,mumbai,2004-08-23,8,29.0,28.35,85.5,3.5,9.36,12.7,0.65,NORMAL,train
3854,mumbai,2004-08-24,8,28.5,28.38,93.5,2.91,19.0,6.4,0.12,NORMAL,train
4515,mumbai,2004-08-29,8,34.7,28.58,,2.04,16.4,0.0,6.12,NORMAL,test
3971,mumbai,2004-09-17,9,28.5,29.49,86.2,2.09,6.39,1.0,-0.99,NORMAL,test
1837,mumbai,2004-09-28,9,30.5,30.39,88.4,2.76,24.29,4.3,0.11,NORMAL,test
3397,mumbai,2004-10-04,10,34.6,30.96,63.5,1.7,21.7,0.0,3.64,NORMAL,train
1262,mumbai,2004-10-06,10,31.6,31.16,76.8,1.93,15.4,0.0,0.44,NORMAL,train
2907,mumbai,2004-10-21,10,36.8,32.27,64.3,0.88,18.78,0.0,4.53,NORMAL,train
2489,mumbai,2004-10-26,10,35.9,32.44,58.4,1.43,18.5,0.0,3.46,NORMAL,validation
1556,mumbai,2004-11-07,11,31.0,32.45,81.5,1.55,18.99,0.0,-1.45,NORMAL,validation
3780,mumbai,2004-11-12,11,42.8,32.38,35.8,1.1,21.18,0.0,10.42,SEVERE_HEATWAVE,train
2949,mumbai,2004-12-03,12,34.7,31.5,55.2,1.67,20.78,0.0,3.2,NORMAL,test
1507,mumbai,2004-12-21,12,33.3,30.52,59.3,1.85,14.31,0.0,2.78,NORMAL,train
3893,mumbai,2004-12-23,12,29.4,30.43,51.4,2.08,15.33,0.0,-1.03,NORMAL,train
3295,mumbai,2005-01-08,1,30.6,29.87,21.2,2.21,18.95,0.0,0.73,NORMAL,train
2376,mumbai,2005-01-11,1,28.8,29.84,41.1,2.95,13.37,0.0,-1.04,NORMAL,validation
4519,mumbai,2005-01-18,1,27.0,29.95,28.9,2.14,19.77,0.0,-2.95,NORMAL,train
762,mumbai,2005-02-02,2,30.1,30.35,38.5,2.09,19.26,0.0,-0.25,NORMAL,train
2368,mumbai,2005-02-03,2,34.1,30.39,,2.12,23.08,0.0,3.71,NORMAL,train
426,mumbai,2005-02-25,2,31.4,31.72,18.9,2.38,18.28,0.0,-0.32,NORMAL,train
2190,mumbai,2005-03-04,3,33.1,32.31,56.8,2.0,22.63,0.0,0.79,NORMAL,validation
2405,mumbai,2005-03-05,3,37.6,32.4,37.7,1.75,24.91,0.0,5.2,HEATWAVE,train
816,mumbai,2005-03-10,3,38.9,32.76,22.2,2.07,22.12,0.0,6.14,HEATWAVE,train
2590,mumbai,2005-03-17,3,37.3,33.21,35.5,2.1,23.73,0.0,4.09,NORMAL,validation
1578,mumbai,2005-03-19,3,39.2,33.3,28.1,2.05,22.11,0.0,5.9,HEATWAVE,train
1999,mumbai,2005-03-20,3,31.4,33.35,37.3,2.58,17.91,0.0,-1.95,NORMAL,train
4231,mumbai,2005-03-30,3,38.0,33.93,41.2,1.75,25.74,0.0,4.07,NORMAL,train
4175,mumbai,2005-04-05,4,40.1,34.12,33.8,1.47,26.99,,5.98,HEATWAVE,train
218,mumbai,2005-04-16,4,36.7,34.45,44.4,2.07,22.61,0.0,2.25,NORMAL,train
4448,mumbai,2005-04-18,4,31.1,34.52,57.0,2.53,25.06,0.0,-3.42,NORMAL,train
1466,mumbai,2005-04-22,4,41.9,34.62,11.1,1.42,31.7,0.0,7.28,SEVERE_HEATWAVE,validation
275,mumbai,2005-04-30,4,36.9,34.7,39.5,2.43,23.5,0.0,2.2,NORMAL,test
188,mumbai,2005-05-13,5,41.5,34.65,41.8,2.64,28.7,0.0,6.85,HEATWAVE,train
2441,mumbai,2005-05-26,5,36.6,33.95,46.6,3.07,24.57,0.0,2.65,NORMAL,train
3349,mumbai,2005-06-04,6,30.0,32.88,70.6,4.27,14.57,19.7,-2.88,NORMAL,validation
1231,mumbai,2005-06-12,6,38.2,31.69,51.1,4.03,23.0,0.0,6.51,SEVERE_HEATWAVE,test
4660,mumbai,2005-06-18,6,29.2,30.75,94.3,3.3,17.85,6.3,-1.55,NORMAL,test
2702,mumbai,2005-06-20,6,28.6,30.48,82.8,3.92,13.42,2.7,-1.88,NORMAL,train
420,mumbai,2005-06-23,6,29.3,30.08,73.1,3.58,19.43,0.0,-0.78,NORMAL,train
4544,mumbai,2005-07-20,7,28.0,28.34,90.9,4.68,7.44,83.0,-0.34,NORMAL,train
2624,mumbai,2005-07-27,7,30.3,28.14,86.5,5.18,,0.0,2.16,NORMAL,train
4779,mumbai,2005-08-12,8,27.3,28.1,87.0,2.58,19.97,11.2,-0.8,NORMAL,test
4302,mumbai,2005-08-13,8,25.4,28.1,90.3,2.66,16.87,14.5,-2.7,NORMAL,validation
3082,mumbai,2005-08-15,8,27.3,28.14,88.9,4.89,11.92,85.2,-0.84,NORMAL,validation
617,mumbai,2005-09-21,9,31.3,29.79,88.1,1.91,18.15,0.0,1.51,NORMAL,train
1309,mumbai,2005-10-01,10,31.7,30.66,68.4,2.31,21.97,2.7,1.04,NORMAL,train
1061,mumbai,2005-10-02,10,36.8,30.75,40.1,1.43,16.46,0.0,6.05,SEVERE_HEATWAVE,train
2585,mumbai,2005-10-19,10,31.7,32.15,59.7,2.31,16.65,0.4,-0.45,NORMAL,validation
2281,mumbai,2005-11-08,11,31.6,32.44,70.6,1.83,18.06,0.0,-0.84,NORMAL,train
3040,mumbai,2005-11-09,11,32.6,32.42,71.6,1.85,18.12,0.0,0.18,NORMAL,train
3038,mumbai,2005-11-13,11,36.9,32.34,,1.45,24.09,0.0,4.56,HEATWAVE,test
2144,mumbai,2005-11-16,11,31.4,32.22,73.2,1.76,15.03,0.0,-0.82,NORMAL,validation
2357,mumbai,2005-11-17,11,31.9,32.17,80.7,2.04,16.52,0.0,-0.27,NORMAL,train
1464,mumbai,2005-11-18,11,32.7,32.14,70.8,1.93,14.04,0.0,0.56,NORMAL,train
2237,mumbai,2005-12-01,12,31.1,31.57,73.8,2.5,12.79,0.0,-0.47,NORMAL,train
239,mumbai,2005-12-03,12,37.3,31.5,30.7,1.68,14.89,0.0,5.8,HEATWAVE,train
3014,mumbai,2005-12-10,12,30.9,31.17,81.7,2.39,15.54,0.0,-0.27,NORMAL,train
647,mumbai,2005-12-12,12,30.8,31.05,57.9,1.19,14.71,0.0,-0.25,NORMAL,validation
1424,mumbai,2005-12-28,12,30.6,30.22,76.7,1.39,17.51,0.0,0.38,NORMAL,train
2373,mumbai,2006-01-03,1,36.7,30.02,29.4,1.59,22.67,0.0,6.68,NORMAL,train
1315,mumbai,2006-01-29,1,37.2,30.2,20.0,1.21,19.4,0.0,7.0,SEVERE_HEATWAVE,validation
1410,mumbai,2006-02-01,2,35.1,30.31,44.7,1.48,24.23,0.0,4.79,NORMAL,train
3507,mumbai,2006-02-08,2,30.0,30.65,36.9,1.84,21.97,0.0,-0.65,NORMAL,validation
4462,mumbai,2006-03-02,3,38.0,32.13,33.2,1.45,29.91,0.0,5.87,HEATWAVE,test
3003,mumbai,2006-03-04,3,32.6,32.31,23.6,1.91,26.64,0.0,0.29,NORMAL,test
2889,mumbai,2006-03-13,3,37.5,32.95,5.0,1.74,23.04,0.0,4.55,HEATWAVE,train
4578,mumbai,2006-03-18,3,37.3,33.26,20.2,1.89,27.82,0.0,4.04,NORMAL,train
439,mumbai,2006-04-03,4,37.7,34.07,41.7,2.28,25.77,0.0,3.63,NORMAL,test
3568,mumbai,2006-04-08,4,38.4,34.22,45.5,2.54,27.8,0.0,4.18,NORMAL,test
1212,mumbai,2006-04-18,4,36.1,34.52,45.8,1.81,25.65,0.0,1.58,NORMAL,train
2890,mumbai,2006-04-24,4,40.6,34.66,29.1,1.96,30.91,0.0,5.94,HEATWAVE,train
652,mumbai,2006-04-29,4,36.5,34.69,51.6,2.46,26.75,0.0,1.81,NORMAL,test
210,mumbai,2006-05-03,5,34.1,34.73,70.4,2.2,19.07,0.0,-0.63,NORMAL,test
4574,mumbai,2006-05-19,5,38.6,34.42,48.2,3.21,27.18,0.0,4.18,NORMAL,train
2977,mumbai,2006-05-31,5,34.2,33.43,68.5,3.95,29.38,0.0,0.77,NORMAL,train
408,mumbai,2006-06-17,6,27.5,30.91,70.3,2.82,10.02,10.9,-3.41,NORMAL,train
1101,mumbai,2006-06-20,6,32.2,30.48,74.0,3.16,22.64,0.0,1.72,NORMAL,validation
3845,mumbai,2006-06-26,6,25.4,29.71,72.6,1.88,19.45,0.0,-4.31,NORMAL,validation
3275,mumbai,2006-07-02,7,25.5,29.21,88.5,5.4,8.55,87.9,-3.71,NORMAL,train
563,mumbai,2006-07-14,7,30.8,28.58,85.2,4.12,23.47,0.0,2.22,NORMAL,train
505,mumbai,2006-07-27,7,28.1,28.14,85.9,2.79,9.38,8.4,-0.04,NORMAL,train
3942,mumbai,2006-08-05,8,27.4,28.06,94.1,3.89,16.06,18.5,-0.66,NORMAL,train
2269,mumbai,2006-08-09,8,26.8,28.08,92.3,1.48,13.51,18.0,-1.28,NORMAL,test
1405,mumbai,2006-08-11,8,29.2,28.09,86.0,3.31,30.4,0.0,1.11,NORMAL,train
4261,mumbai,2006-08-12,8,27.4,28.1,87.1,4.31,3.52,112.6,-0.7,NORMAL,train
1323,mumbai,2006-08-25,8,27.7,28.42,88.6,1.82,5.33,17.6,-0.72,NORMAL,train
3069,mumbai,2006-09-05,9,29.1,28.78,91.8,2.62,12.73,7.6,0.32,NORMAL,test
1825,mumbai,2006-09-10,9,30.6,28.97,84.9,1.76,19.73,0.0,1.63,NORMAL,train
4534,mumbai,2006-09-16,9,28.2,29.41,93.9,3.37,16.54,7.1,-1.21,NORMAL,test
2782,mumbai,2006-09-27,9,28.8,30.3,85.2,2.42,19.55,0.8,-1.5,NORMAL,validation
1349,mumbai,2006-10-16,10,38.3,31.97,47.5,1.23,19.31,0.0,6.33,HEATWAVE,train
3523,mumbai,2006-10-30,10,32.5,32.48,70.1,2.01,17.27,0.0,0.02,NORMAL,train
3087,mumbai,2006-11-01,11,34.1,32.49,64.9,2.58,17.88,,1.61,NORMAL,train
4741,mumbai,2006-11-02,11,32.2,32.49,65.1,2.01,12.35,0.0,-0.29,NORMAL,train
307,mumbai,2006-11-04,11,35.8,32.47,,1.66,21.15,0.0,3.33,NORMAL,test
2720,mumbai,2006-11-07,11,32.3,32.45,68.9,,18.18,0.0,-0.15,NORMAL,validation
1510,mumbai,2006-11-10,11,31.5,32.41,70.7,2.12,19.41,0.0,-0.91,NORMAL,train
1794,mumbai,2006-11-14,11,35.4,32.3,65.5,1.2,13.26,0.0,3.1,NORMAL,train
3819,mumbai,2006-11-17,11,37.1,32.17,56.8,2.03,21.34,0.0,4.93,HEATWAVE,validation
4760,mumbai,2006-11-27,11,38.2,31.75,49.1,1.75,19.96,0.0,6.45,SEVERE_HEATWAVE,train
2407,mumbai,2007-01-08,1,35.2,29.87,43.6,1.56,23.02,0.0,5.33,NORMAL,validation
1995,mumbai,2007-01-13,1,38.1,29.85,21.7,1.16,21.6,0.0,8.25,SEVERE_HEATWAVE,validation
4507,mumbai,2007-01-18,1,32.6,29.95,48.2,1.74,21.29,0.0,2.65,NORMAL,train
2714,mumbai,2007-01-21,1,29.5,30.05,70.8,1.11,20.31,0.0,-0.55,NORMAL,train
4163,mumbai,2007-01-25,1,31.8,30.1,34.0,1.53,17.72,0.0,1.7,NORMAL,train
4837,mumbai,2007-01-31,1,31.4,30.28,52.7,1.9,18.59,0.0,1.12,NORMAL,train
289,mumbai,2007-03-31,3,38.3,33.98,25.8,2.34,23.66,0.0,4.32,NORMAL,train
4269,mumbai,2007-04-06,4,38.5,34.15,35.9,2.55,25.44,0.0,4.35,NORMAL,train
981,mumbai,2007-04-07,4,37.7,34.18,46.8,2.06,23.38,0.0,3.52,NORMAL,train
2689,mumbai,2007-04-25,4,35.1,34.67,56.5,1.92,22.96,0.0,0.43,NORMAL,train
4451,mumbai,2007-04-28,4,41.2,34.69,21.1,1.89,30.85,0.0,6.51,HEATWAVE,train
2075,mumbai,2007-05-06,5,42.1,34.73,45.4,1.72,28.88,0.0,7.37,SEVERE_HEATWAVE,train
3693,mumbai,2007-05-12,5,38.9,34.67,46.8,2.51,25.91,0.0,4.23,NORMAL,train
761,mumbai,2007-05-14,5,38.1,34.61,49.3,2.89,27.17,0.0,3.49,NORMAL,train
2197,mumbai,2007-05-29,5,32.9,33.66,64.3,2.37,22.4,0.0,-0.76,NORMAL,train
1351,mumbai,2007-06-01,6,32.1,33.31,78.1,3.78,32.0,5.0,-1.21,NORMAL,validation
1792,mumbai,2007-06-02,6,36.6,33.16,79.3,3.41,13.67,0.0,3.44,NORMAL,train
1126,mumbai,2007-06-11,6,32.6,31.83,75.1,2.68,18.3,,0.77,NORMAL,train
3204,mumbai,2007-06-13,6,30.4,31.53,73.8,2.32,12.85,0.0,-1.13,NORMAL,validation
747,mumbai,2007-07-10,7,28.7,28.8,91.2,3.48,14.61,44.1,-0.1,NORMAL,train
241,mumbai,2007-07-13,7,30.5,28.64,80.4,2.5,30.14,0.0,1.86,NORMAL,test
4199,mumbai,2007-07-16,7,29.2,28.48,88.0,4.67,20.72,0.0,0.72,NORMAL,train
4201,mumbai,2007-07-30,7,26.2,28.08,90.5,4.9,18.64,81.8,-1.88,NORMAL,test
3793,mumbai,2007-08-16,8,29.1,28.16,85.6,2.5,11.88,0.0,0.94,NORMAL,validation
1771,mumbai,2007-08-18,8,28.9,28.19,91.5,2.14,24.64,84.7,0.71,NORMAL,train
4619,mumbai,2007-08-23,8,27.3,28.35,91.4,3.5,15.12,0.0,-1.05,NORMAL,train
4977,mumbai,2007-09-01,9,30.8,28.7,83.2,3.31,20.05,0.0,2.1,NORMAL,train
3554,mumbai,2007-09-15,9,32.2,29.33,82.2,1.44,18.49,0.0,2.87,NORMAL,train
3634,mumbai,2007-09-16,9,30.4,29.41,85.8,1.95,8.7,23.1,0.99,NORMAL,validation
4577,mumbai,2007-09-24,9,32.1,30.05,86.5,4.69,21.58,12.6,2.05,NORMAL,validation
4497,mumbai,2007-10-04,10,29.5,30.96,75.5,,18.31,0.0,-1.46,NORMAL,train
2331,mumbai,2007-10-08,10,32.7,31.35,79.8,1.17,22.48,0.0,1.35,NORMAL,train
4087,mumbai,2007-10-24,10,30.7,32.4,78.1,2.11,26.15,0.0,-1.7,NORMAL,train
3305,mumbai,2007-10-27,10,35.9,32.47,81.6,0.92,21.91,0.0,3.43,NORMAL,train
4299,mumbai,2007-11-12,11,30.4,32.38,74.7,2.63,16.66,8.0,-1.98,NORMAL,train
59,mumbai,2007-11-20,11,36.6,32.06,59.3,1.57,17.45,0.0,4.54,NORMAL,train
460,mumbai,2007-12-06,12,30.9,31.37,51.3,2.04,11.59,0.0,-0.47,NORMAL,train
272,mumbai,2007-12-21,12,31.0,30.52,50.4,1.66,16.5,0.0,0.48,NORMAL,train
3283,mumbai,2007-12-29,12,31.7,30.19,45.7,2.27,18.71,0.0,1.51,NORMAL,train
2672,mumbai,2008-01-05,1,29.6,29.96,56.4,1.62,17.9,0.0,-0.36,NORMAL,train
1663,mumbai,2008-01-16,1,29.7,29.88,62.1,1.61,19.29,0.0,-0.18,NORMAL,validation
2640,mumbai,2008-01-26,1,29.5,30.12,57.1,1.81,18.11,0.0,-0.62,NORMAL,test
1252,mumbai,2008-02-07,2,29.9,30.58,51.4,1.86,24.46,0.0,-0.68,NORMAL,train
3416,mumbai,2008-02-15,2,37.0,31.08,43.5,1.55,22.73,0.0,5.92,HEATWAVE,train
1773,mumbai,2008-02-16,2,36.7,31.14,25.4,2.03,23.46,0.0,5.56,NORMAL,train
2366,mumbai,2008-02-17,2,29.4,31.21,46.2,1.58,18.65,0.0,-1.81,NORMAL,train
2882,mumbai,2008-02-18,2,29.9,31.28,52.1,1.92,21.61,0.0,-1.38,NORMAL,train
333,mumbai,2008-02-23,2,32.0,31.57,69.0,2.02,19.72,0.0,0.43,NORMAL,test
750,mumbai,2008-02-26,2,35.8,31.79,39.9,1.91,24.62,0.0,4.01,NORMAL,train
2118,mumbai,2008-03-09,3,31.2,32.69,28.7,2.35,22.11,0.0,-1.49,NORMAL,test
332,mumbai,2008-03-20,3,33.1,33.35,34.5,2.8,22.38,0.0,-0.25,NORMAL,test
4828,mumbai,2008-03-22,3,38.7,33.47,21.9,2.19,25.34,0.0,5.23,HEATWAVE,train
4838,mumbai,2008-03-23,3,41.1,33.54,22.5,1.66,29.09,0.0,7.56,SEVERE_HEATWAVE,validation
258,mumbai,2008-04-06,4,34.0,34.15,57.6,1.75,26.45,0.0,-0.15,NORMAL,validation
4099,mumbai,2008-04-12,4,43.5,34.35,,1.76,27.76,0.0,9.15,SEVERE_HEATWAVE,train
737,mumbai,2008-04-19,4,41.9,34.55,31.7,2.11,29.38,0.0,7.35,SEVERE_HEATWAVE,train
2394,mumbai,2008-04-25,4,39.2,34.67,40.5,1.9,27.55,0.0,4.53,NORMAL,train
4106,mumbai,2008-04-30,4,33.8,34.7,51.4,1.94,24.6,0.0,-0.9,NORMAL,train
4255,mumbai,2008-05-20,5,41.6,34.37,41.5,2.8,26.01,0.0,7.23,SEVERE_HEATWAVE,test
4551,mumbai,2008-05-25,5,37.5,34.04,45.9,3.48,26.44,0.0,3.46,NORMAL,train
294,mumbai,2008-06-13,6,28.9,31.53,77.7,6.91,12.46,0.6,-2.63,NORMAL,train
4787,mumbai,2008-06-25,6,31.0,29.82,65.5,2.35,23.41,0.0,1.18,NORMAL,validation
2798,mumbai,2008-07-11,7,28.7,28.76,88.5,4.51,20.68,0.9,-0.06,NORMAL,test
4395,mumbai,2008-07-16,7,27.6,28.48,90.3,4.29,13.85,68.8,-0.88,NORMAL,train
35,mumbai,2008-07-27,7,29.5,28.14,,6.87,13.38,0.0,1.36,NORMAL,test
2318,mumbai,2008-08-02,8,27.7,28.04,88.2,3.18,17.4,9.2,-0.34,NORMAL,train
1003,mumbai,2008-08-08,8,27.0,28.06,90.5,4.2,6.35,1.7,-1.06,NORMAL,train
1683,mumbai,2008-08-13,8,30.2,28.1,86.7,3.13,16.78,6.7,2.1,NORMAL,train
1241,mumbai,2008-09-13,9,27.6,29.16,89.8,3.59,19.03,0.0,-1.56,NORMAL,train
1781,mumbai,2008-10-21,10,35.1,32.27,63.7,2.69,26.23,0.0,2.83,NORMAL,train
3007,mumbai,2008-11-05,11,37.8,32.47,58.1,1.59,20.68,0.0,5.33,HEATWAVE,train
3444,mumbai,2008-11-08,11,33.3,32.44,49.6,1.89,13.61,0.0,0.86,NORMAL,train
4721,mumbai,2008-11-25,11,36.9,31.84,43.7,1.65,20.8,0.0,5.06,HEATWAVE,train
3749,mumbai,2008-12-05,12,29.6,31.41,62.1,2.17,14.46,0.0,-1.81,NORMAL,train
1521,mumbai,2008-12-06,12,30.9,31.37,62.5,1.51,16.44,0.0,-0.47,NORMAL,test
1667,mumbai,2008-12-15,12,31.2,30.89,56.7,2.64,14.92,0.0,0.31,NORMAL,validation
1064,mumbai,2008-12-31,12,29.7,30.14,50.5,1.79,15.76,0.0,-0.44,NORMAL,train
1692,mumbai,2009-01-05,1,31.3,29.96,51.0,2.17,16.64,0.0,1.34,NORMAL,train
3505,mumbai,2009-01-09,1,36.5,29.85,15.6,1.39,20.58,0.0,6.65,SEVERE_HEATWAVE,train
4594,mumbai,2009-01-10,1,27.1,29.83,56.0,2.34,15.67,0.0,-2.73,NORMAL,train
2181,mumbai,2009-01-27,1,31.3,30.14,51.1,2.41,18.06,0.0,1.16,NORMAL,train
4739,mumbai,2009-02-11,2,35.5,30.86,41.7,1.77,22.38,0.0,4.64,NORMAL,validation
2658,mumbai,2009-03-13,3,30.3,32.95,59.2,2.61,19.87,0.0,-2.65,NORMAL,test
2033,mumbai,2009-03-30,3,36.9,33.93,29.8,2.53,24.84,0.0,2.97,NORMAL,test
2093,mumbai,2009-05-10,5,36.6,34.7,48.3,2.89,23.88,0.0,1.9,NORMAL,test
1303,mumbai,2009-05-13,5,34.6,34.65,57.8,3.59,30.8,0.0,-0.05,NORMAL,train
4033,mumbai,2009-06-04,6,32.3,32.88,76.5,6.24,19.18,,-0.58,NORMAL,train
3924,mumbai,2009-06-13,6,34.2,31.53,60.3,3.78,26.65,0.0,2.67,NORMAL,train
1672,mumbai,2009-06-26,6,34.7,29.71,67.1,3.47,26.32,0.0,4.99,NORMAL,train
3563,mumbai,2009-06-27,6,31.1,29.61,76.2,1.93,,2.4,1.49,NORMAL,test
4110,mumbai,2009-07-04,7,30.3,29.09,89.1,5.35,14.5,0.0,1.21,NORMAL,test
2247,mumbai,2009-07-12,7,28.2,28.71,85.7,3.98,15.17,13.5,-0.51,NORMAL,train
1501,mumbai,2009-08-03,8,29.0,28.04,86.2,2.82,13.7,26.0,0.96,NORMAL,validation
1623,mumbai,2009-10-07,10,28.5,31.26,83.5,1.46,17.77,0.4,-2.76,NORMAL,train
1721,mumbai,2009-10-21,10,39.3,32.27,41.1,1.78,24.04,0.0,7.03,SEVERE_HEATWAVE,train
3039,mumbai,2009-10-22,10,41.2,32.32,54.7,0.0,19.26,0.0,8.88,SEVERE_HEATWAVE,train
3750,mumbai,2009-10-24,10,36.6,32.4,81.9,,27.93,0.0,4.2,NORMAL,validation
2972,mumbai,2009-11-10,11,33.1,32.41,63.4,2.06,17.98,0.0,0.69,NORMAL,validation
3380,mumbai,2009-11-15,11,32.9,32.26,71.0,1.45,19.13,0.0,0.64,NORMAL,test
3366,mumbai,2009-11-27,11,30.4,31.75,54.5,1.65,,0.0,-1.35,NORMAL,train
1707,mumbai,2009-12-21,12,35.5,30.52,40.8,1.77,18.96,0.0,4.98,NORMAL,train
1582,mumbai,2009-12-24,12,28.0,30.37,54.2,1.62,17.87,0.0,-2.37,NORMAL,train
1196,mumbai,2009-12-30,12,31.1,30.16,69.5,1.51,14.35,0.0,0.94,NORMAL,train
722,mumbai,2010-01-05,1,35.1,29.96,26.5,1.73,20.75,0.0,5.14,NORMAL,test
2721,mumbai,2010-01-30,1,31.6,30.25,57.1,2.12,19.01,6.5,1.35,NORMAL,train
2338,mumbai,2010-02-01,2,28.1,30.31,59.0,2.33,18.42,0.0,-2.21,NORMAL,test
4669,mumbai,2010-02-03,2,29.2,30.39,45.8,2.3,18.36,0.0,-1.19,NORMAL,train
4423,mumbai,2010-02-11,2,33.9,30.86,46.9,1.76,22.34,0.0,3.04,NORMAL,train
578,mumbai,2010-03-02,3,36.3,32.13,46.2,2.17,23.61,0.0,4.17,NORMAL,train
1317,mumbai,2010-03-04,3,29.3,32.31,34.8,1.49,25.39,0.0,-3.01,NORMAL,train
4332,mumbai,2010-03-11,3,33.3,32.82,60.6,2.53,25.89,3.3,0.48,NORMAL,train
3128,mumbai,2010-03-14,3,40.0,33.01,14.4,1.46,31.55,0.0,6.99,SEVERE_HEATWAVE,validation
4363,mumbai,2010-04-04,4,44.0,34.11,31.3,1.68,28.31,0.0,9.89,SEVERE_HEATWAVE,train
2154,mumbai,2010-04-12,4,38.7,34.35,38.8,2.0,23.89,0.0,4.35,NORMAL,train
1170,mumbai,2010-04-17,4,43.3,34.49,18.1,1.92,27.12,0.0,8.81,SEVERE_HEATWAVE,train
2122,mumbai,2010-04-21,4,40.6,34.6,,1.99,27.06,0.0,6.0,HEATWAVE,train
4465,mumbai,2010-04-24,4,34.8,34.66,54.6,2.27,24.72,,0.14,NORMAL,train
2691,mumbai,2010-04-25,4,42.0,34.67,32.1,2.23,26.3,0.0,7.33,SEVERE_HEATWAVE,train
4420,mumbai,2010-05-04,5,33.9,34.72,64.5,2.33,23.19,0.3,-0.82,NORMAL,train
3964,mumbai,2010-05-20,5,38.5,34.37,53.6,1.57,29.13,0.0,4.13,HEATWAVE,train
3404,mumbai,2010-05-28,5,38.9,33.77,47.6,2.25,30.32,0.0,5.13,HEATWAVE,train
1368,mumbai,2010-06-13,6,32.1,31.53,82.5,3.7,17.98,16.3,0.57,NORMAL,train
2828,mumbai,2010-06-15,6,32.8,31.23,71.2,1.33,14.49,0.0,1.57,NORMAL,train
3871,mumbai,2010-07-02,7,28.6,29.21,87.3,3.5,15.75,0.5,-0.61,NORMAL,train
1555,mumbai,2010-07-09,7,29.4,28.83,91.8,1.69,27.06,0.0,0.57,NORMAL,train
2047,mumbai,2010-07-12,7,28.0,28.71,85.2,2.5,11.2,10.3,-0.71,NORMAL,train
3215,mumbai,2010-07-19,7,30.2,28.38,87.1,4.63,11.52,0.0,1.82,NORMAL,train
3414,mumbai,2010-07-24,7,26.8,28.2,86.1,,21.13,2.6,-1.4,NORMAL,train
3344,mumbai,2010-08-08,8,27.6,28.06,91.8,2.4,9.59,72.5,-0.46,NORMAL,train
2666,mumbai,2010-08-09,8,27.9,28.08,89.9,1.39,11.26,24.4,-0.18,NORMAL,train
3240,mumbai,2010-09-05,9,32.2,28.78,75.4,1.89,19.57,0.0,3.42,NORMAL,train
167,mumbai,2010-09-07,9,29.9,28.85,82.2,2.36,15.67,0.0,1.05,NORMAL,test
134,mumbai,2010-09-15,9,30.5,29.33,86.4,2.02,19.04,0.0,1.17,NORMAL,train
700,mumbai,2010-09-25,9,30.4,30.14,86.8,1.94,11.57,28.2,0.26,NORMAL,train
169,mumbai,2010-09-28,9,31.1,30.39,81.0,2.61,15.2,0.0,0.71,NORMAL,train
3119,mumbai,2010-10-04,10,37.7,30.96,54.9,1.64,19.44,0.0,6.74,SEVERE_HEATWAVE,train
3497,mumbai,2010-10-14,10,31.8,31.85,79.5,1.56,22.7,24.2,-0.05,NORMAL,train
2837,mumbai,2010-10-16,10,36.8,31.97,68.8,1.32,24.06,0.0,4.83,NORMAL,train
284,mumbai,2010-10-31,10,33.2,32.49,70.5,1.71,16.94,5.5,0.71,NORMAL,train
2448,mumbai,2010-11-05,11,36.6,32.47,54.9,2.21,21.92,0.0,4.13,NORMAL,train
368,mumbai,2010-11-07,11,34.4,32.45,70.7,1.65,20.09,0.0,1.95,NORMAL,validation
4984,mumbai,2010-11-29,11,35.8,31.65,58.3,1.37,19.71,0.0,4.15,NORMAL,train
4044,mumbai,2010-12-10,12,34.9,31.17,57.1,1.25,23.75,0.0,3.73,NORMAL,test
4771,mumbai,2010-12-11,12,31.8,31.11,38.8,1.82,21.79,0.0,0.69,NORMAL,train
3659,mumbai,2010-12-15,12,29.3,30.89,71.5,2.1,18.7,0.0,-1.59,NORMAL,train
3238,mumbai,2010-12-25,12,29.2,30.32,76.7,2.56,15.2,0.0,-1.12,NORMAL,train
4435,mumbai,2011-01-01,1,30.9,30.1,68.3,2.43,20.15,0.0,0.8,NORMAL,validation
1300,mumbai,2011-01-04,1,27.1,29.99,49.6,2.12,,0.0,-2.89,NORMAL,train
3660,mumbai,2011-01-22,1,31.5,30.07,33.9,1.18,18.12,0.0,1.43,NORMAL,train
1094,mumbai,2011-01-23,1,29.8,30.08,62.1,1.43,16.98,0.0,-0.28,NORMAL,test
3725,mumbai,2011-01-30,1,31.6,30.25,59.7,2.32,17.35,0.0,1.35,NORMAL,validation
2995,mumbai,2011-02-03,2,34.1,30.39,35.0,2.0,22.25,0.0,3.71,NORMAL,validation
491,mumbai,2011-02-06,2,30.9,30.53,30.8,2.1,20.32,0.0,0.37,NORMAL,train
4830,mumbai,2011-02-23,2,37.0,31.57,35.9,1.66,25.39,0.0,5.43,HEATWAVE,test
1463,mumbai,2011-02-27,2,44.0,31.86,22.0,1.45,26.83,0.0,12.14,SEVERE_HEATWAVE,test
2649,mumbai,2011-03-06,3,31.2,32.48,77.8,1.84,20.81,0.0,-1.28,NORMAL,train
4052,mumbai,2011-03-20,3,38.4,33.35,16.5,1.86,23.46,0.0,5.05,HEATWAVE,test
4214,mumbai,2011-03-28,3,33.2,33.84,24.3,1.63,24.07,0.0,-0.64,NORMAL,train
2850,mumbai,2011-03-31,3,41.5,33.98,33.2,1.51,28.49,0.0,7.52,SEVERE_HEATWAVE,train
1174,mumbai,2011-04-04,4,34.2,34.11,61.7,1.72,26.15,0.0,0.09,NORMAL,test
2113,mumbai,2011-04-12,4,33.7,34.35,55.5,2.35,27.21,0.0,-0.65,NORMAL,train
757,mumbai,2011-04-16,4,38.6,34.45,42.6,0.0,28.05,0.0,4.15,NORMAL,train
3239,mumbai,2011-04-24,4,43.1,34.66,21.2,1.69,28.56,0.0,8.44,SEVERE_HEATWAVE,train
2609,mumbai,2011-04-29,4,32.4,34.69,54.5,1.74,26.0,0.0,-2.29,NORMAL,train
2381,mumbai,2011-05-06,5,35.5,34.73,58.6,,22.39,1.0,0.77,NORMAL,train
3744,mumbai,2011-05-14,5,38.9,34.61,46.5,2.92,29.17,0.0,4.29,NORMAL,validation
514,mumbai,2011-05-17,5,34.8,34.53,68.2,2.86,23.43,0.0,0.27,NORMAL,train
1491,mumbai,2011-05-29,5,33.7,33.66,66.2,3.29,29.88,0.0,0.04,NORMAL,train
572,mumbai,2011-06-03,6,34.1,33.02,75.2,2.2,19.08,8.3,1.08,NORMAL,train
733,mumbai,2011-06-08,6,29.3,32.31,68.7,2.51,25.55,0.2,-3.01,NORMAL,train
2924,mumbai,2011-06-19,6,34.2,30.62,59.0,3.57,16.31,0.0,3.58,NORMAL,train
2292,mumbai,2011-06-22,6,32.5,30.21,75.7,3.27,14.98,0.0,2.29,NORMAL,train
2521,mumbai,2011-07-05,7,28.0,29.04,86.6,4.2,8.66,0.9,-1.04,NORMAL,train
4022,mumbai,2011-07-08,7,29.3,28.88,88.6,3.66,9.98,4.8,0.42,NORMAL,train
2111,mumbai,2011-07-26,7,27.1,28.15,90.8,4.16,5.69,3.7,-1.05,NORMAL,train
3158,mumbai,2011-07-29,7,29.0,28.09,88.1,4.37,24.12,1.7,0.91,NORMAL,validation
1344,mumbai,2011-08-20,8,29.9,28.24,83.3,3.12,,0.0,1.66,NORMAL,validation
2845,mumbai,2011-08-22,8,28.4,28.32,85.9,3.85,15.58,0.0,0.08,NORMAL,test
3879,mumbai,2011-08-26,8,29.8,28.46,85.9,1.9,12.9,0.0,1.34,NORMAL,test
352,mumbai,2011-09-01,9,30.6,28.7,83.5,2.0,,0.0,1.9,NORMAL,train
3650,mumbai,2011-09-13,9,28.6,29.16,86.4,1.89,17.84,2.7,-0.56,NORMAL,test
2673,mumbai,2011-09-16,9,28.7,29.41,89.6,1.49,22.89,71.9,-0.71,NORMAL,train
1036,mumbai,2011-09-17,9,30.0,29.49,85.1,1.99,19.54,3.4,0.51,NORMAL,validation
4910,mumbai,2011-09-18,9,28.2,29.57,84.6,4.15,19.7,29.2,-1.37,NORMAL,train
4328,mumbai,2011-09-22,9,29.2,29.87,93.6,2.65,16.49,16.1,-0.67,NORMAL,train
3804,mumbai,2011-09-23,9,36.4,29.96,63.0,1.79,15.77,0.0,6.44,NORMAL,train
558,mumbai,2011-10-03,10,30.8,30.85,82.9,1.49,18.53,0.0,-0.05,NORMAL,train
3463,mumbai,2011-10-04,10,34.5,30.96,62.7,1.77,29.05,0.0,3.54,NORMAL,validation
927,mumbai,2011-10-05,10,30.7,31.06,78.7,1.51,19.74,0.0,-0.36,NORMAL,train
489,mumbai,2011-10-09,10,28.2,31.45,78.3,3.12,20.11,0.0,-3.25,NORMAL,train
2773,mumbai,2011-10-10,10,30.6,31.53,61.9,1.52,16.28,0.0,-0.93,NORMAL,train
3592,mumbai,2011-10-13,10,37.7,31.76,68.2,1.11,26.99,0.0,5.94,HEATWAVE,train
3357,mumbai,2011-10-18,10,33.9,32.08,61.8,1.34,19.89,0.0,1.82,NORMAL,train
3252,mumbai,2011-11-06,11,36.3,32.47,44.2,1.76,15.93,0.0,3.83,NORMAL,train
1756,mumbai,2011-11-14,11,37.3,32.3,59.9,1.57,20.94,0.0,5.0,HEATWAVE,validation
713,mumbai,2011-11-19,11,36.4,32.1,41.7,2.57,21.17,0.0,4.3,HEATWAVE,train
3541,mumbai,2011-11-24,11,37.1,31.88,50.4,1.36,20.4,0.0,5.22,HEATWAVE,test
3608,mumbai,2011-12-09,12,31.2,31.21,50.0,2.69,15.1,0.0,-0.01,NORMAL,train
1532,mumbai,2011-12-29,12,29.6,30.19,48.8,2.12,18.53,0.0,-0.59,NORMAL,train
3062,mumbai,2011-12-31,12,36.6,30.14,47.3,,17.67,0.0,6.46,NORMAL,train
2656,mumbai,2012-01-04,1,30.4,29.99,57.4,2.06,15.03,0.0,0.41,NORMAL,train
2165,mumbai,2012-01-07,1,29.7,29.9,63.3,1.96,18.68,0.0,-0.2,NORMAL,test
1149,mumbai,2012-01-13,1,41.7,29.85,17.7,1.8,21.85,0.0,11.85,SEVERE_HEATWAVE,train
2638,mumbai,2012-02-17,2,36.6,31.21,25.7,2.0,23.04,0.0,5.39,NORMAL,train
194,mumbai,2012-02-18,2,33.8,31.28,32.4,1.46,20.03,0.0,2.52,NORMAL,train
2874,mumbai,2012-03-10,3,30.4,32.76,45.2,1.98,22.51,0.0,-2.36,NORMAL,train
3876,mumbai,2012-03-19,3,33.8,33.3,68.6,2.63,22.84,0.0,0.5,NORMAL,validation
2800,mumbai,2012-03-25,3,38.3,33.66,5.0,2.34,31.67,0.0,4.64,HEATWAVE,train
1119,mumbai,2012-03-30,3,39.4,33.93,27.0,2.1,24.98,0.0,5.47,HEATWAVE,validation
2362,mumbai,2012-04-03,4,35.1,34.07,47.7,1.97,27.07,0.0,1.03,NORMAL,test
4905,mumbai,2012-04-09,4,40.4,34.25,35.0,2.13,28.13,0.0,6.15,HEATWAVE,test
3899,mumbai,2012-04-11,4,34.9,34.31,58.1,2.64,23.15,0.0,0.59,NORMAL,train
1540,mumbai,2012-04-15,4,33.8,34.43,56.5,2.07,27.57,0.0,-0.63,NORMAL,test
935,mumbai,2012-04-29,4,35.7,34.69,55.3,2.19,29.15,0.0,1.01,NORMAL,train
325,mumbai,2012-05-03,5,41.6,34.73,46.6,1.86,30.2,0.0,6.87,SEVERE_HEATWAVE,train
3409,mumbai,2012-05-05,5,36.3,34.72,58.9,3.13,25.99,0.0,1.58,NORMAL,train
1688,mumbai,2012-05-16,5,34.0,34.56,60.7,4.32,27.99,0.0,-0.56,NORMAL,train
1213,mumbai,2012-05-18,5,34.7,34.48,65.6,3.27,25.79,0.0,0.22,NORMAL,train
3666,mumbai,2012-05-19,5,39.0,34.42,58.7,2.17,25.6,,4.58,HEATWAVE,train
3020,mumbai,2012-06-17,6,33.0,30.91,,3.2,19.99,8.1,2.09,NORMAL,test
503,mumbai,2012-06-19,6,37.3,30.62,52.4,2.31,25.74,0.0,6.68,SEVERE_HEATWAVE,train
4820,mumbai,2012-06-29,6,26.9,29.43,85.5,2.29,13.76,0.0,-2.53,NORMAL,train
2284,mumbai,2012-07-12,7,29.1,28.71,88.8,4.41,22.84,15.9,0.39,NORMAL,train
3881,mumbai,2012-07-19,7,28.7,28.38,86.0,3.47,16.65,0.0,0.32,NORMAL,validation
3236,mumbai,2012-07-21,7,30.3,28.31,87.0,5.11,15.86,46.4,1.99,NORMAL,train
1819,mumbai,2012-07-27,7,27.7,28.14,92.3,2.48,15.83,70.7,-0.44,NORMAL,test
264,mumbai,2012-07-31,7,30.2,28.06,84.3,3.54,17.61,,2.14,NORMAL,validation
2637,mumbai,2012-08-03,8,27.4,28.04,88.6,1.48,21.64,2.1,-0.64,NORMAL,test
1567,mumbai,2012-08-17,8,27.4,28.18,90.8,1.76,28.41,6.6,-0.78,NORMAL,train
4390,mumbai,2012-08-24,8,27.0,28.38,91.6,1.98,17.7,0.0,-1.38,NORMAL,train
506,mumbai,2012-09-05,9,30.6,28.78,85.3,3.06,12.07,17.2,1.82,NORMAL,validation
4941,mumbai,2012-09-09,9,29.0,28.92,87.9,1.75,17.47,1.0,0.08,NORMAL,validation
2115,mumbai,2012-09-16,9,28.8,29.41,89.4,3.85,20.31,74.4,-0.61,NORMAL,train
3447,mumbai,2012-10-15,10,31.1,31.91,82.6,2.26,19.77,0.0,-0.81,NORMAL,train
1581,mumbai,2012-10-16,10,36.1,31.97,71.3,1.3,22.15,,4.13,NORMAL,train
345,mumbai,2012-11-02,11,34.9,32.49,71.7,2.17,18.69,0.0,2.41,NORMAL,train
418,mumbai,2012-11-05,11,38.3,32.47,53.6,2.09,21.1,0.0,5.83,HEATWAVE,train
3475,mumbai,2012-11-07,11,36.6,32.45,45.5,1.56,17.95,0.0,4.15,NORMAL,validation
1557,mumbai,2012-11-13,11,37.1,32.34,53.8,2.27,14.11,0.0,4.76,HEATWAVE,train
1020,mumbai,2012-12-02,12,37.1,31.54,40.5,1.55,19.5,0.0,5.56,HEATWAVE,train
4557,mumbai,2013-01-04,1,36.9,29.99,33.9,2.46,20.29,0.0,6.91,SEVERE_HEATWAVE,train
4976,mumbai,2013-01-06,1,36.3,29.93,24.1,1.06,21.97,0.0,6.37,NORMAL,validation
4746,mumbai,2013-01-17,1,33.8,29.92,42.0,1.87,18.24,0.0,3.88,NORMAL,test
3363,mumbai,2013-01-24,1,37.5,30.09,24.5,1.56,23.52,0.0,7.41,SEVERE_HEATWAVE,test
4851,mumbai,2013-02-07,2,35.6,30.58,25.1,2.26,26.41,0.0,5.02,NORMAL,test
4007,mumbai,2013-02-16,2,33.8,31.14,26.7,1.97,24.61,0.0,2.66,NORMAL,test
381,mumbai,2013-02-20,2,34.9,31.39,47.4,2.06,22.04,0.0,3.51,NORMAL,train
1956,mumbai,2013-03-04,3,30.8,32.31,31.2,2.18,22.17,0.0,-1.51,NORMAL,train
3325,mumbai,2013-03-20,3,34.3,33.35,39.1,1.9,27.67,0.0,0.95,NORMAL,train
4774,mumbai,2013-03-21,3,34.5,33.41,20.8,1.82,29.11,0.0,1.09,NORMAL,train
4831,mumbai,2013-03-27,3,37.3,33.78,32.6,1.57,27.27,0.0,3.52,NORMAL,validation
2209,mumbai,2013-04-12,4,41.2,34.35,44.8,1.5,28.62,0.0,6.85,SEVERE_HEATWAVE,validation
1869,mumbai,2013-04-15,4,42.0,34.43,20.3,1.71,30.65,0.0,7.57,SEVERE_HEATWAVE,validation
1334,mumbai,2013-04-17,4,37.7,34.49,37.0,2.62,27.47,0.0,3.21,NORMAL,test
4826,mumbai,2013-04-22,4,38.4,34.62,34.9,2.15,25.47,0.0,3.78,NORMAL,train
2136,mumbai,2013-05-09,5,33.6,34.72,65.6,2.38,25.01,0.0,-1.12,NORMAL,train
353,mumbai,2013-05-13,5,36.2,34.65,51.1,2.73,30.17,0.0,1.55,NORMAL,validation
1841,mumbai,2013-05-15,5,34.7,34.58,56.9,2.95,26.08,0.0,0.12,NORMAL,train
1214,mumbai,2013-05-16,5,39.0,34.56,45.4,2.35,28.24,0.0,4.44,HEATWAVE,validation
2087,mumbai,2013-05-28,5,39.9,33.77,44.0,2.51,29.54,0.0,6.13,HEATWAVE,train
1513,mumbai,2013-06-08,6,37.5,32.31,65.7,1.86,25.48,0.0,5.19,NORMAL,train
544,mumbai,2013-06-25,6,31.1,29.82,62.1,2.4,20.99,0.0,1.28,NORMAL,train
3248,mumbai,2013-07-02,7,27.9,29.21,86.8,3.32,12.51,10.1,-1.31,NORMAL,train
2594,mumbai,2013-07-03,7,26.3,29.15,91.2,5.13,13.13,3.6,-2.85,NORMAL,test
3639,mumbai,2013-07-21,7,27.9,28.31,88.0,4.7,10.72,10.9,-0.41,NORMAL,validation
1706,mumbai,2013-07-31,7,29.2,28.06,86.4,3.54,14.04,0.0,1.14,NORMAL,test
4295,mumbai,2013-08-15,8,27.6,28.14,90.7,2.37,24.24,6.7,-0.54,NORMAL,train
1894,mumbai,2013-08-16,8,27.4,28.16,90.5,2.22,15.33,17.5,-0.76,NORMAL,validation
458,mumbai,2013-08-19,8,27.3,28.21,88.9,5.07,21.48,5.5,-0.91,NORMAL,train
636,mumbai,2013-08-23,8,27.9,28.35,89.0,4.51,17.38,22.1,-0.45,NORMAL,train
4718,mumbai,2013-09-20,9,28.7,29.71,96.5,2.4,15.77,1.6,-1.01,NORMAL,test
2334,mumbai,2013-09-24,9,27.8,30.05,91.8,1.94,11.57,0.0,-2.25,NORMAL,train
2372,mumbai,2013-09-30,9,33.4,30.56,74.8,2.51,21.21,0.0,2.84,NORMAL,test
4422,mumbai,2013-10-05,10,29.6,31.06,75.7,1.48,23.17,0.1,-1.46,NORMAL,train
1382,mumbai,2013-10-16,10,36.6,31.97,70.3,2.17,18.64,0.0,4.63,NORMAL,test
653,mumbai,2013-10-17,10,36.6,32.02,67.8,1.54,26.56,0.0,4.58,NORMAL,train
2244,mumbai,2013-10-20,10,41.4,32.21,44.4,1.05,14.71,0.0,9.19,SEVERE_HEATWAVE,test
4931,mumbai,2013-11-03,11,32.4,32.48,78.6,1.94,17.84,0.0,-0.08,NORMAL,train
1693,mumbai,2013-11-05,11,32.1,32.47,68.4,1.86,,0.0,-0.37,NORMAL,train
1200,mumbai,2013-11-08,11,31.3,32.44,51.7,1.93,20.26,0.0,-1.14,NORMAL,train
3309,mumbai,2013-11-11,11,31.0,32.4,56.7,1.63,17.74,0.0,-1.4,NORMAL,train
879,mumbai,2013-11-19,11,37.3,32.1,52.4,1.94,19.29,0.0,5.2,HEATWAVE,train
4141,mumbai,2013-11-27,11,36.7,31.75,45.1,1.88,18.95,0.0,4.95,NORMAL,test
3395,mumbai,2013-12-04,12,32.4,31.45,61.1,2.25,12.83,0.0,0.95,NORMAL,test
3371,mumbai,2013-12-11,12,32.8,31.11,69.7,2.08,17.55,0.0,1.69,NORMAL,test
4827,mumbai,2014-01-17,1,28.2,29.92,38.1,2.2,20.83,0.0,-1.72,NORMAL,test
2986,mumbai,2014-01-22,1,37.2,30.07,26.3,1.87,21.0,0.0,7.13,SEVERE_HEATWAVE,train
3580,mumbai,2014-01-25,1,35.6,30.1,37.9,1.26,18.64,0.0,5.5,NORMAL,validation
3843,mumbai,2014-02-04,2,34.5,30.44,29.2,1.62,22.85,0.0,4.06,NORMAL,train
1775,mumbai,2014-02-08,2,30.4,30.65,35.8,2.22,24.7,0.0,-0.25,NORMAL,train
1718,mumbai,2014-02-27,2,34.1,31.86,34.2,2.04,21.65,0.0,2.24,NORMAL,test
3091,mumbai,2014-03-01,3,36.5,32.06,34.9,1.68,22.58,0.0,4.44,NORMAL,train
2912,mumbai,2014-03-18,3,39.2,33.26,13.0,1.54,30.25,0.0,5.94,HEATWAVE,test
891,mumbai,2014-03-28,3,33.1,33.84,29.6,2.16,26.53,0.0,-0.74,NORMAL,train
3028,mumbai,2014-04-02,4,43.9,34.04,30.8,1.66,30.77,0.0,9.86,SEVERE_HEATWAVE,train
3035,mumbai,2014-04-08,4,40.8,34.22,25.3,2.13,31.13,0.0,6.58,SEVERE_HEATWAVE,train
577,mumbai,2014-04-12,4,37.9,34.35,53.1,2.05,25.48,0.0,3.55,NORMAL,validation
4716,mumbai,2014-05-20,5,38.4,34.37,48.8,4.09,32.0,0.0,4.03,NORMAL,train
2435,mumbai,2014-05-29,5,37.4,33.66,48.9,3.02,22.55,0.0,3.74,NORMAL,validation
2853,mumbai,2014-05-30,5,39.2,33.55,30.6,2.06,26.23,0.0,5.65,HEATWAVE,test
2451,mumbai,2014-06-15,6,36.7,31.23,65.0,4.66,27.64,0.0,5.47,NORMAL,train
3896,mumbai,2014-06-18,6,31.7,30.75,86.0,2.1,20.98,0.0,0.95,NORMAL,train
1138,mumbai,2014-06-20,6,28.2,30.48,79.1,3.83,24.41,3.5,-2.28,NORMAL,train
4845,mumbai,2014-06-25,6,30.6,29.82,68.8,3.34,17.86,3.3,0.78,NORMAL,train
1986,mumbai,2014-07-23,7,29.0,28.23,83.3,4.32,17.88,0.0,0.77,NORMAL,train
531,mumbai,2014-08-04,8,27.8,28.05,93.2,2.65,13.94,4.5,-0.25,NORMAL,validation
1714,mumbai,2014-08-05,8,28.9,28.06,89.2,3.08,19.4,30.9,0.84,NORMAL,train
4608,mumbai,2014-08-13,8,30.1,28.1,81.9,2.52,18.89,0.0,2.0,NORMAL,train
1079,mumbai,2014-08-19,8,28.3,28.21,88.8,2.62,17.04,9.9,0.09,NORMAL,train
4756,mumbai,2014-08-22,8,27.4,28.32,90.1,3.19,6.7,0.0,-0.92,NORMAL,train
2537,mumbai,2014-08-26,8,27.5,28.46,89.2,3.17,16.54,,-0.96,NORMAL,train
2843,mumbai,2014-09-08,9,28.6,28.88,90.1,5.34,8.89,8.3,-0.28,NORMAL,validation
4385,mumbai,2014-09-13,9,27.8,29.16,94.8,4.73,6.28,28.8,-1.36,NORMAL,train
1388,mumbai,2014-09-24,9,28.4,30.05,87.9,1.01,26.49,0.0,-1.65,NORMAL,train
1306,mumbai,2014-09-30,9,30.5,30.56,,1.74,21.2,9.7,-0.06,NORMAL,train
4989,mumbai,2014-10-04,10,36.1,30.96,62.9,1.24,19.5,0.0,5.14,NORMAL,train
2151,mumbai,2014-10-29,10,44.0,32.49,45.3,1.18,27.15,0.0,11.51,SEVERE_HEATWAVE,train
1350,mumbai,2014-11-03,11,33.6,32.48,61.9,2.24,14.4,0.0,1.12,NORMAL,train
3375,mumbai,2014-11-04,11,32.5,32.47,68.3,1.91,,0.0,0.03,NORMAL,train
1711,mumbai,2014-11-11,11,39.9,32.4,53.9,1.13,25.4,0.0,7.5,SEVERE_HEATWAVE,train
4447,mumbai,2014-11-19,11,32.8,32.1,67.3,2.51,19.77,0.0,0.7,NORMAL,validation
256,mumbai,2014-11-21,11,39.3,32.01,30.2,1.35,,0.0,7.29,SEVERE_HEATWAVE,test
0,mumbai,2014-11-24,11,31.5,31.88,65.2,1.66,19.16,0.0,-0.38,NORMAL,train
26,mumbai,2014-11-30,11,30.5,31.61,57.6,1.28,15.56,0.0,-1.11,NORMAL,train
1396,mumbai,2014-12-07,12,29.5,31.32,66.8,2.97,14.67,0.0,-1.82,NORMAL,validation
2902,mumbai,2014-12-12,12,34.7,31.05,54.7,1.46,23.17,0.0,3.65,NORMAL,train
2337,mumbai,2014-12-15,12,31.4,30.89,54.7,1.94,18.3,0.0,0.51,NORMAL,train
4242,mumbai,2014-12-23,12,31.0,30.43,67.0,1.98,17.45,0.0,0.57,NORMAL,train
4459,mumbai,2014-12-24,12,34.3,30.37,44.9,1.85,19.09,0.0,3.93,NORMAL,train
1139,mumbai,2014-12-25,12,30.0,30.32,80.1,2.41,19.15,0.0,-0.32,NORMAL,train
4135,mumbai,2015-01-04,1,36.2,29.99,21.4,1.82,21.73,0.0,6.21,NORMAL,test
738,mumbai,2015-01-11,1,29.8,29.84,28.2,1.55,16.98,0.0,-0.04,NORMAL,validation
1860,mumbai,2015-01-17,1,28.3,29.92,38.6,1.37,18.52,0.0,-1.62,NORMAL,test
587,mumbai,2015-01-24,1,26.1,30.09,86.3,1.65,15.99,0.0,-3.99,NORMAL,validation
3153,mumbai,2015-01-30,1,28.0,30.25,42.7,2.43,16.03,0.0,-2.25,NORMAL,train
2001,mumbai,2015-02-03,2,34.3,30.39,15.8,1.36,21.81,0.0,3.91,NORMAL,train
1450,mumbai,2015-02-09,2,31.8,30.73,38.5,1.86,23.9,0.0,1.07,NORMAL,train
753,mumbai,2015-02-11,2,29.7,30.86,57.1,2.25,20.03,0.0,-1.16,NORMAL,train
283,mumbai,2015-02-16,2,40.6,31.14,17.4,1.67,26.34,0.0,9.46,SEVERE_HEATWAVE,train
4412,mumbai,2015-02-23,2,30.8,31.57,42.4,2.24,20.77,0.0,-0.77,NORMAL,train
416,mumbai,2015-03-14,3,31.3,33.01,54.7,2.04,24.4,0.0,-1.71,NORMAL,train
461,mumbai,2015-03-20,3,39.8,33.35,5.0,1.99,24.08,0.0,6.45,HEATWAVE,test
4651,mumbai,2015-04-02,4,33.8,34.04,48.4,2.78,20.67,0.0,-0.24,NORMAL,train
3957,mumbai,2015-04-15,4,37.9,34.43,46.2,1.64,23.93,0.0,3.47,NORMAL,train
4003,mumbai,2015-04-19,4,38.9,34.55,28.6,1.62,25.13,0.0,4.35,HEATWAVE,train
3772,mumbai,2015-04-24,4,33.3,34.66,61.8,1.82,23.18,0.0,-1.36,NORMAL,train
1983,mumbai,2015-04-26,4,39.0,34.68,53.3,2.22,26.48,0.0,4.32,NORMAL,train
4326,mumbai,2015-04-28,4,40.4,34.69,32.4,1.78,28.71,0.0,5.71,HEATWAVE,train
970,mumbai,2015-05-12,5,33.3,34.67,65.8,3.44,24.57,0.0,-1.37,NORMAL,validation
1336,mumbai,2015-05-14,5,38.1,34.61,56.5,2.85,29.71,0.0,3.49,NORMAL,train
3577,mumbai,2015-05-22,5,34.4,34.25,63.4,2.27,24.78,0.0,0.15,NORMAL,train
1032,mumbai,2015-06-03,6,35.3,33.02,84.7,2.97,25.7,0.0,2.28,NORMAL,train
3579,mumbai,2015-06-05,6,33.7,32.74,82.3,2.7,11.42,1.9,0.96,NORMAL,train
2739,mumbai,2015-07-21,7,28.8,28.31,91.5,2.37,25.31,9.2,0.49,NORMAL,test
4125,mumbai,2015-08-01,8,30.2,28.05,83.0,2.21,11.22,16.4,2.15,NORMAL,train
4539,mumbai,2015-08-28,8,29.1,28.54,87.3,1.31,8.68,35.3,0.56,NORMAL,train
2873,mumbai,2015-08-29,8,30.6,28.58,84.3,2.39,18.68,0.0,2.02,NORMAL,train
4985,mumbai,2015-08-31,8,28.1,28.66,89.2,4.29,14.45,9.2,-0.56,NORMAL,train
1782,mumbai,2015-09-06,9,29.1,28.82,91.6,3.66,7.43,16.6,0.28,NORMAL,test
370,mumbai,2015-09-16,9,28.7,29.41,88.8,3.22,20.8,5.6,-0.71,NORMAL,train
103,mumbai,2015-09-22,9,29.7,29.87,86.3,1.74,17.06,15.5,-0.17,NORMAL,train
4969,mumbai,2015-09-25,9,34.4,30.14,80.2,1.8,20.97,0.0,4.26,NORMAL,test
2967,mumbai,2015-10-02,10,36.0,30.75,61.8,1.53,25.43,0.0,5.25,NORMAL,validation
4763,mumbai,2015-10-11,10,30.9,31.6,82.1,1.65,19.15,0.0,-0.7,NORMAL,train
390,mumbai,2015-11-01,11,32.6,32.49,80.7,2.02,19.28,0.0,0.11,NORMAL,train
3934,mumbai,2015-11-15,11,37.3,32.26,55.6,2.15,17.12,0.0,5.04,HEATWAVE,train
3704,mumbai,2015-11-29,11,33.1,31.65,61.4,1.2,18.76,0.0,1.45,NORMAL,train
4049,mumbai,2015-12-02,12,41.7,31.54,43.0,1.09,21.18,0.0,10.16,SEVERE_HEATWAVE,train
3442,mumbai,2015-12-04,12,32.0,31.45,49.1,3.5,16.11,0.0,0.55,NORMAL,test
2204,mumbai,2015-12-08,12,29.7,31.27,64.8,2.17,17.35,0.0,-1.57,NORMAL,train
4843,mumbai,2015-12-09,12,36.9,31.21,48.6,1.44,16.45,0.0,5.69,NORMAL,test
3464,mumbai,2015-12-23,12,28.7,30.43,22.4,2.25,14.98,0.0,-1.73,NORMAL,validation
4753,mumbai,2016-01-01,1,28.3,30.1,53.4,2.09,18.25,0.0,-1.8,NORMAL,train
3326,mumbai,2016-01-04,1,28.9,29.99,66.8,1.89,17.7,0.0,-1.09,NORMAL,train
4006,mumbai,2016-01-11,1,35.5,29.84,27.2,2.18,19.41,0.0,5.66,NORMAL,train
4168,mumbai,2016-01-24,1,31.8,30.09,32.2,1.7,18.8,0.0,1.71,NORMAL,train
3838,mumbai,2016-01-25,1,30.6,30.1,53.8,1.76,16.0,0.0,0.5,NORMAL,train
2127,mumbai,2016-02-22,2,34.7,31.5,51.0,2.07,24.47,0.0,3.2,NORMAL,train
4215,mumbai,2016-02-24,2,32.9,31.64,20.5,1.61,19.38,0.0,1.26,NORMAL,train
778,mumbai,2016-03-19,3,33.1,33.3,45.3,2.24,24.29,0.0,-0.2,NORMAL,train
144,mumbai,2016-03-24,3,37.8,33.61,30.8,1.7,28.87,0.0,4.19,NORMAL,test
2085,mumbai,2016-04-02,4,33.2,34.04,42.4,2.46,22.88,0.0,-0.84,NORMAL,validation
3612,mumbai,2016-04-04,4,32.0,34.11,56.6,1.78,25.08,0.0,-2.11,NORMAL,train
3219,mumbai,2016-04-09,4,34.3,34.25,57.0,1.77,24.25,0.0,0.05,NORMAL,train
984,mumbai,2016-04-12,4,39.6,34.35,28.5,1.85,26.91,0.0,5.25,HEATWAVE,train
2467,mumbai,2016-04-17,4,33.5,34.49,56.3,1.59,25.34,0.0,-0.99,NORMAL,train
4195,mumbai,2016-04-18,4,40.7,34.52,35.7,2.45,27.23,0.0,6.18,HEATWAVE,train
1129,mumbai,2016-04-30,4,41.0,34.7,35.2,1.65,26.44,0.0,6.3,HEATWAVE,validation
1517,mumbai,2016-05-14,5,34.2,34.61,58.4,3.07,26.83,12.2,-0.41,NORMAL,train
4144,mumbai,2016-05-28,5,39.3,33.77,58.9,2.37,30.16,0.0,5.53,HEATWAVE,train
1668,mumbai,2016-05-29,5,35.4,33.66,62.9,3.22,,0.0,1.74,NORMAL,train
892,mumbai,2016-05-31,5,40.4,33.43,46.9,2.68,28.94,0.0,6.97,SEVERE_HEATWAVE,validation
4370,mumbai,2016-06-15,6,40.5,31.23,63.5,2.39,22.89,0.0,9.27,SEVERE_HEATWAVE,train
4356,mumbai,2016-07-04,7,25.4,29.09,88.1,3.47,18.73,4.7,-3.69,NORMAL,train
3331,mumbai,2016-07-13,7,29.3,28.64,86.1,4.08,4.84,25.3,0.66,NORMAL,train
4621,mumbai,2016-07-23,7,27.3,28.23,93.1,2.93,20.38,12.2,-0.93,NORMAL,validation
3760,mumbai,2016-08-06,8,28.3,28.05,87.7,4.93,26.42,5.8,0.25,NORMAL,train
3133,mumbai,2016-08-07,8,28.3,28.05,93.6,5.23,17.78,0.0,0.25,NORMAL,train
1609,mumbai,2016-08-11,8,27.9,28.09,89.3,2.49,17.1,11.4,-0.19,NORMAL,train
1243,mumbai,2016-09-12,9,30.9,29.09,84.7,2.41,13.82,10.5,1.81,NORMAL,test
4879,mumbai,2016-10-04,10,32.6,30.96,77.6,1.08,24.83,20.7,1.64,NORMAL,test
1545,mumbai,2016-10-16,10,37.0,31.97,55.0,0.66,22.82,0.0,5.03,HEATWAVE,train
4964,mumbai,2016-10-29,10,36.5,32.49,61.0,2.81,24.78,0.0,4.01,HEATWAVE,validation
4987,mumbai,2016-11-10,11,36.9,32.41,53.8,1.88,21.9,0.0,4.49,NORMAL,train
4508,mumbai,2016-11-27,11,32.0,31.75,73.9,2.87,20.79,0.0,0.25,NORMAL,train
2495,mumbai,2016-12-01,12,36.2,31.57,38.4,1.22,18.53,0.0,4.63,NORMAL,validation
2558,mumbai,2016-12-02,12,38.1,31.54,60.7,1.34,18.15,0.0,6.56,HEATWAVE,train
500,mumbai,2017-01-20,1,28.1,30.02,50.9,1.24,19.78,0.0,-1.92,NORMAL,train
385,mumbai,2017-01-30,1,33.0,30.25,53.8,1.74,18.81,0.0,2.75,NORMAL,validation
532,mumbai,2017-02-12,2,28.4,30.92,38.0,2.08,20.24,0.0,-2.52,NORMAL,train
2909,mumbai,2017-02-20,2,36.9,31.39,26.5,1.29,23.9,0.0,5.51,NORMAL,train
66,mumbai,2017-03-03,3,35.6,32.22,16.8,1.6,26.42,0.0,3.38,NORMAL,train
717,mumbai,2017-03-08,3,31.1,32.62,44.4,1.94,21.93,0.0,-1.52,NORMAL,train
2392,mumbai,2017-03-09,3,38.7,32.69,19.4,1.62,,0.0,6.01,HEATWAVE,train
552,mumbai,2017-03-12,3,38.0,32.88,46.2,1.63,22.52,0.0,5.12,HEATWAVE,train
2944,mumbai,2017-03-13,3,33.5,32.95,23.7,1.66,24.77,0.0,0.55,NORMAL,train
3367,mumbai,2017-03-18,3,38.2,33.26,46.4,1.27,,0.0,4.94,HEATWAVE,train
3175,mumbai,2017-03-27,3,40.6,33.78,18.9,1.44,24.76,0.0,6.82,HEATWAVE,validation
586,mumbai,2017-04-12,4,38.6,34.35,43.7,2.4,27.95,0.0,4.25,NORMAL,train
4540,mumbai,2017-05-01,5,34.1,34.7,72.0,3.26,30.12,0.0,-0.6,NORMAL,validation
4037,mumbai,2017-05-04,5,34.9,34.72,57.6,2.99,24.24,0.0,0.18,NORMAL,train
1069,mumbai,2017-05-14,5,39.8,34.61,51.8,3.01,23.46,0.0,5.19,HEATWAVE,test
2400,mumbai,2017-05-18,5,38.3,34.48,54.5,1.8,25.84,0.0,3.82,NORMAL,train
1925,mumbai,2017-05-19,5,41.5,34.42,36.2,1.63,29.88,0.0,7.08,SEVERE_HEATWAVE,train
2839,mumbai,2017-05-26,5,41.5,33.95,30.4,1.53,25.57,0.0,7.55,SEVERE_HEATWAVE,validation
853,mumbai,2017-05-29,5,38.3,33.66,54.1,2.6,27.59,0.0,4.64,HEATWAVE,validation
719,mumbai,2017-05-31,5,32.3,33.43,54.2,2.43,23.02,0.0,-1.13,NORMAL,validation
2402,mumbai,2017-06-01,6,33.0,33.31,75.6,5.63,14.39,0.0,-0.31,NORMAL,validation
3699,mumbai,2017-06-03,6,30.9,33.02,87.2,4.28,11.44,0.0,-2.12,NORMAL,train
2868,mumbai,2017-06-06,6,32.9,32.6,81.4,3.71,13.16,20.6,0.3,NORMAL,train
3164,mumbai,2017-06-07,6,36.5,32.46,69.3,3.28,22.33,61.9,4.04,NORMAL,validation
4967,mumbai,2017-06-08,6,37.1,32.31,71.8,4.88,17.78,12.7,4.79,NORMAL,train
3820,mumbai,2017-07-11,7,27.8,28.76,88.9,5.55,12.29,56.6,-0.96,NORMAL,validation
3799,mumbai,2017-07-13,7,32.8,28.64,80.8,,8.74,0.0,4.16,NORMAL,train
4095,mumbai,2017-07-19,7,28.3,28.38,83.4,4.6,13.42,110.3,-0.08,NORMAL,validation
1801,mumbai,2017-07-21,7,27.7,28.31,92.9,4.33,17.18,96.6,-0.61,NORMAL,train
2687,mumbai,2017-07-25,7,27.0,28.17,89.4,6.27,16.02,19.4,-1.17,NORMAL,train
4932,mumbai,2017-07-31,7,27.2,28.06,87.9,3.81,16.81,7.6,-0.86,NORMAL,train
3528,mumbai,2017-08-03,8,27.8,28.04,88.3,3.15,16.41,40.5,-0.24,NORMAL,test
4061,mumbai,2017-08-18,8,26.1,28.19,94.1,5.17,15.22,18.3,-2.09,NORMAL,train
108,mumbai,2017-08-24,8,29.0,28.38,89.0,2.46,9.79,0.0,0.62,NORMAL,train
2104,mumbai,2017-09-10,9,30.4,28.97,85.3,2.68,17.8,15.1,1.43,NORMAL,train
1417,mumbai,2017-09-24,9,29.3,30.05,87.0,1.33,26.09,0.0,-0.75,NORMAL,test
783,mumbai,2017-10-10,10,36.4,31.53,62.2,1.63,16.73,0.0,4.87,NORMAL,test
4702,mumbai,2017-10-11,10,31.3,31.6,77.0,1.38,18.61,0.0,-0.3,NORMAL,test
2878,mumbai,2017-10-15,10,30.1,31.91,81.5,1.47,19.95,0.0,-1.81,NORMAL,train
3923,mumbai,2017-10-21,10,33.4,32.27,74.4,1.58,9.23,0.0,1.13,NORMAL,validation
3611,mumbai,2017-10-29,10,31.8,32.49,72.4,1.14,,25.4,-0.69,NORMAL,train
4257,mumbai,2017-11-04,11,36.7,32.47,53.5,1.83,21.71,0.0,4.23,NORMAL,train
2726,mumbai,2017-11-05,11,31.7,32.47,75.1,3.53,17.5,0.0,-0.77,NORMAL,validation
86,mumbai,2017-11-11,11,32.0,32.4,72.5,1.49,18.22,0.0,-0.4,NORMAL,train
4502,mumbai,2017-11-24,11,37.4,31.88,60.5,1.95,22.41,0.0,5.52,HEATWAVE,train
4915,mumbai,2017-11-27,11,37.4,31.75,50.4,1.62,22.54,0.0,5.65,HEATWAVE,test
1786,mumbai,2017-12-03,12,31.0,31.5,51.1,1.88,15.83,6.3,-0.5,NORMAL,validation
3665,mumbai,2017-12-18,12,37.9,30.71,27.2,1.19,20.19,0.0,7.19,SEVERE_HEATWAVE,train
2734,mumbai,2017-12-19,12,30.5,30.64,66.8,0.0,18.7,0.0,-0.14,NORMAL,train
2848,mumbai,2017-12-23,12,32.1,30.43,71.5,2.01,17.77,0.0,1.67,NORMAL,train
4728,mumbai,2017-12-27,12,31.7,30.25,69.2,2.33,15.48,0.0,1.45,NORMAL,validation
833,mumbai,2018-01-07,1,29.3,29.9,62.4,2.25,18.5,0.0,-0.6,NORMAL,train
2125,mumbai,2018-01-14,1,37.2,29.85,28.4,1.83,24.93,0.0,7.35,SEVERE_HEATWAVE,validation
4776,mumbai,2018-01-24,1,37.0,30.09,24.2,1.54,24.31,0.0,6.91,SEVERE_HEATWAVE,train
2049,mumbai,2018-02-05,2,30.7,30.48,57.3,1.65,22.08,0.0,0.22,NORMAL,train
4071,mumbai,2018-02-19,2,36.7,31.34,24.9,1.41,21.42,0.0,5.36,HEATWAVE,train
3207,mumbai,2018-02-20,2,29.1,31.39,63.0,2.3,20.93,2.1,-2.29,NORMAL,train
3253,mumbai,2018-03-03,3,36.5,32.22,33.8,1.69,28.77,0.0,4.28,NORMAL,validation
2756,mumbai,2018-03-05,3,31.4,32.4,43.0,2.48,22.08,0.0,-1.0,NORMAL,validation
3601,mumbai,2018-03-07,3,36.1,32.55,51.8,2.5,25.5,0.0,3.55,NORMAL,train
3213,mumbai,2018-03-16,3,30.9,33.14,32.9,1.87,19.75,0.0,-2.24,NORMAL,validation
4947,mumbai,2018-03-22,3,42.5,33.47,13.9,1.38,29.57,0.0,9.03,SEVERE_HEATWAVE,train
548,mumbai,2018-04-13,4,42.8,34.38,24.8,1.73,27.5,0.0,8.42,SEVERE_HEATWAVE,train
3951,mumbai,2018-04-15,4,32.5,34.43,48.4,2.12,23.52,0.0,-1.93,NORMAL,test
806,mumbai,2018-04-21,4,34.1,34.6,44.2,1.94,23.3,0.0,-0.5,NORMAL,train
2530,mumbai,2018-04-24,4,36.2,34.66,44.5,2.59,27.72,0.0,1.54,NORMAL,train
1437,mumbai,2018-04-28,4,38.2,34.69,36.6,1.96,28.58,0.0,3.51,NORMAL,validation
2503,mumbai,2018-05-05,5,34.6,34.72,63.3,4.23,21.22,0.8,-0.12,NORMAL,train
3958,mumbai,2018-05-19,5,34.9,34.42,67.0,2.38,22.46,0.0,0.48,NORMAL,train
2506,mumbai,2018-06-03,6,33.6,33.02,63.4,3.51,18.72,49.6,0.58,NORMAL,train
809,mumbai,2018-06-15,6,34.6,31.23,69.7,2.03,27.87,0.0,3.37,NORMAL,train
4523,mumbai,2018-06-23,6,26.9,30.08,72.7,3.39,24.38,0.8,-3.18,NORMAL,train
4794,mumbai,2018-07-05,7,34.5,29.04,70.5,3.44,19.86,0.0,5.46,NORMAL,train
1527,mumbai,2018-07-20,7,30.1,28.34,86.7,3.93,10.13,42.4,1.76,NORMAL,train
4981,mumbai,2018-07-21,7,26.6,28.31,92.7,5.03,8.55,108.3,-1.71,NORMAL,train
1833,mumbai,2018-07-25,7,27.7,28.17,91.1,3.44,24.79,46.2,-0.47,NORMAL,train
3769,mumbai,2018-07-27,7,28.2,28.14,87.1,3.12,11.58,65.8,0.06,NORMAL,train
1725,mumbai,2018-08-20,8,29.5,28.24,86.1,2.26,16.93,9.6,1.26,NORMAL,test
492,mumbai,2018-08-27,8,26.5,28.5,87.0,4.22,18.2,3.6,-2.0,NORMAL,train
2969,mumbai,2018-09-02,9,29.4,28.73,92.9,1.88,16.68,5.6,0.67,NORMAL,train
445,mumbai,2018-09-03,9,30.1,28.74,94.4,2.24,14.93,11.3,1.36,NORMAL,train
944,mumbai,2018-09-26,9,30.5,30.22,87.7,0.99,20.81,28.7,0.28,NORMAL,validation
3700,mumbai,2018-10-06,10,32.8,31.16,78.0,1.49,15.72,0.0,1.64,NORMAL,validation
3297,mumbai,2018-10-08,10,40.5,31.35,61.2,0.7,22.78,0.0,9.15,SEVERE_HEATWAVE,train
2610,mumbai,2018-10-09,10,32.4,31.45,65.3,2.13,21.0,0.0,0.95,NORMAL,train
1587,mumbai,2018-10-11,10,40.1,31.6,53.9,1.51,29.43,0.0,8.5,SEVERE_HEATWAVE,test
542,mumbai,2018-10-18,10,39.4,32.08,52.5,1.52,25.05,0.0,7.32,SEVERE_HEATWAVE,train
2378,mumbai,2018-10-19,10,37.6,32.15,45.0,1.15,13.52,0.0,5.45,HEATWAVE,test
3151,mumbai,2018-10-29,10,34.2,32.49,73.9,1.74,19.88,0.0,1.71,NORMAL,test
4350,mumbai,2018-11-01,11,30.9,32.49,84.2,1.66,14.81,0.0,-1.59,NORMAL,train
3491,mumbai,2018-11-27,11,31.5,31.75,62.8,2.17,17.76,0.0,-0.25,NORMAL,test
2991,mumbai,2018-12-17,12,30.7,30.77,57.0,1.18,18.93,0.0,-0.07,NORMAL,validation
4917,mumbai,2018-12-19,12,31.4,30.64,35.5,1.23,18.4,0.0,0.76,NORMAL,validation
324,mumbai,2018-12-23,12,36.9,30.43,48.9,2.91,22.32,0.0,6.47,NORMAL,train
175,mumbai,2018-12-31,12,35.2,30.14,52.3,2.22,14.37,0.0,5.06,NORMAL,train
3888,mumbai,2019-01-10,1,31.9,29.83,50.5,1.82,22.74,0.0,2.07,NORMAL,train
326,mumbai,2019-02-09,2,37.3,30.73,10.6,1.59,25.17,0.0,6.57,SEVERE_HEATWAVE,train
2648,mumbai,2019-02-16,2,36.6,31.14,42.3,,21.35,0.0,5.46,NORMAL,train
1065,mumbai,2019-03-07,3,30.6,32.55,43.2,1.75,25.32,0.0,-1.95,NORMAL,test
182,mumbai,2019-03-18,3,37.9,33.26,47.3,2.13,21.88,0.0,4.64,HEATWAVE,validation
2027,mumbai,2019-03-20,3,41.7,33.35,15.7,1.32,27.98,0.0,8.35,SEVERE_HEATWAVE,test
4811,mumbai,2019-03-24,3,34.2,33.61,51.8,2.03,25.87,0.0,0.59,NORMAL,train
814,mumbai,2019-03-26,3,36.8,33.72,34.3,1.81,24.58,0.0,3.08,NORMAL,test
4321,mumbai,2019-03-27,3,32.4,33.78,47.2,,23.42,0.0,-1.38,NORMAL,train
2699,mumbai,2019-03-29,3,38.8,33.89,27.2,1.8,24.72,0.0,4.91,HEATWAVE,train
3256,mumbai,2019-04-04,4,33.9,34.11,49.8,1.44,24.79,0.0,-0.21,NORMAL,validation
775,mumbai,2019-04-06,4,40.6,34.15,39.5,2.05,27.58,0.0,6.45,SEVERE_HEATWAVE,test
4513,mumbai,2019-04-07,4,32.6,34.18,36.0,2.64,23.49,0.0,-1.58,NORMAL,validation
1001,mumbai,2019-04-26,4,34.2,34.68,39.6,2.26,24.91,0.0,-0.48,NORMAL,train
1294,mumbai,2019-05-03,5,39.1,34.73,47.7,2.62,26.58,8.2,4.37,NORMAL,validation
4684,mumbai,2019-05-08,5,41.3,34.72,27.4,2.74,26.62,0.0,6.58,SEVERE_HEATWAVE,validation
2483,mumbai,2019-05-16,5,41.2,34.56,31.7,1.27,,0.0,6.64,SEVERE_HEATWAVE,test
1770,mumbai,2019-05-19,5,33.9,34.42,61.4,3.76,23.6,0.0,-0.52,NORMAL,test
1642,mumbai,2019-07-06,7,25.9,28.99,93.8,2.77,9.8,11.7,-3.09,NORMAL,train
2477,mumbai,2019-07-24,7,28.0,28.2,84.1,5.01,20.12,30.0,-0.2,NORMAL,train
1654,mumbai,2019-07-27,7,28.8,28.14,87.2,5.35,6.18,0.0,0.66,NORMAL,test
3378,mumbai,2019-07-28,7,27.8,28.11,87.3,3.01,16.31,13.4,-0.31,NORMAL,test
3991,mumbai,2019-07-31,7,26.8,28.06,88.0,4.02,18.53,17.9,-1.26,NORMAL,train
608,mumbai,2019-08-01,8,28.8,28.05,88.3,2.21,11.65,0.0,0.75,NORMAL,train
3766,mumbai,2019-08-09,8,28.8,28.08,90.6,3.83,12.87,0.0,0.72,NORMAL,validation
402,mumbai,2019-08-26,8,31.0,28.46,83.2,2.63,15.75,32.3,2.54,NORMAL,train
3576,mumbai,2019-08-30,8,28.6,28.62,89.7,1.91,5.98,9.5,-0.02,NORMAL,train
1953,mumbai,2019-09-05,9,27.3,28.78,87.8,2.33,11.79,22.9,-1.48,NORMAL,train
2705,mumbai,2019-10-01,10,30.4,30.66,74.4,0.69,17.93,0.0,-0.26,NORMAL,train
1412,mumbai,2019-10-02,10,30.9,30.75,82.6,2.25,15.46,11.2,0.15,NORMAL,train
1455,mumbai,2019-10-09,10,31.1,31.45,73.0,1.79,19.86,0.0,-0.35,NORMAL,train
735,mumbai,2019-10-30,10,34.6,32.48,82.4,2.01,26.4,0.0,2.12,NORMAL,train
1880,mumbai,2019-11-05,11,36.9,32.47,54.5,1.54,19.94,0.0,4.43,NORMAL,train
1682,mumbai,2019-11-15,11,40.7,32.26,68.8,1.8,13.3,0.0,8.44,SEVERE_HEATWAVE,train
908,mumbai,2019-12-06,12,29.8,31.37,77.3,2.68,11.25,0.0,-1.57,NORMAL,train
1840,mumbai,2019-12-08,12,37.0,31.27,42.0,2.27,19.78,0.0,5.73,NORMAL,train
2961,mumbai,2019-12-15,12,37.4,30.89,59.3,1.64,20.33,0.0,6.51,HEATWAVE,train
4402,mumbai,2019-12-18,12,35.6,30.71,16.0,2.31,21.93,0.0,4.89,NORMAL,train
1042,mumbai,2019-12-19,12,36.3,30.64,42.0,1.49,18.91,0.0,5.66,NORMAL,train
1531,mumbai,2019-12-27,12,29.6,30.25,56.7,1.77,16.59,31.3,-0.65,NORMAL,train
3182,mumbai,2020-01-02,1,29.3,30.06,72.3,2.18,13.85,0.0,-0.76,NORMAL,train
69,mumbai,2020-01-03,1,30.4,30.02,35.7,1.5,16.27,0.0,0.38,NORMAL,train
3206,mumbai,2020-01-19,1,36.7,29.99,13.7,2.25,22.91,0.0,6.71,NORMAL,train
4528,mumbai,2020-01-23,1,31.1,30.08,45.1,2.68,16.88,0.0,1.02,NORMAL,train
1549,mumbai,2020-01-31,1,33.2,30.28,51.8,2.06,21.04,0.0,2.92,NORMAL,train
2095,mumbai,2020-02-11,2,29.8,30.86,40.0,1.73,20.65,0.0,-1.06,NORMAL,validation
61,mumbai,2020-02-27,2,35.9,31.86,10.5,1.72,23.04,0.0,4.04,NORMAL,train
4767,mumbai,2020-03-07,3,29.8,32.55,62.8,2.4,23.21,0.0,-2.75,NORMAL,train
373,mumbai,2020-03-13,3,36.3,32.95,7.2,1.95,24.89,0.0,3.35,NORMAL,test
42,mumbai,2020-03-15,3,30.4,33.08,44.9,2.91,23.84,0.0,-2.68,NORMAL,test
4482,mumbai,2020-04-01,4,35.6,34.01,52.2,1.87,24.54,0.0,1.59,NORMAL,train
699,mumbai,2020-04-10,4,34.6,34.28,56.3,2.46,24.81,0.4,0.32,NORMAL,validation
3815,mumbai,2020-04-15,4,34.4,34.43,52.3,1.99,26.05,0.0,-0.03,NORMAL,train
4697,mumbai,2020-04-19,4,34.5,34.55,57.4,1.85,23.9,0.0,-0.05,NORMAL,train
419,mumbai,2020-04-26,4,39.8,34.68,29.7,1.65,26.83,0.0,5.12,HEATWAVE,train
2167,mumbai,2020-05-05,5,39.6,34.72,52.8,3.9,27.01,0.0,4.88,HEATWAVE,train
1384,mumbai,2020-05-10,5,38.0,34.7,53.9,3.55,27.38,0.0,3.3,NORMAL,train
618,mumbai,2020-05-11,5,37.9,34.69,50.0,4.2,30.46,0.0,3.21,NORMAL,train
310,mumbai,2020-05-18,5,34.0,34.48,70.2,2.58,27.45,0.0,-0.48,NORMAL,test
642,mumbai,2020-05-23,5,37.2,34.19,49.8,2.52,26.93,0.0,3.01,NORMAL,validation
2039,mumbai,2020-05-26,5,35.5,33.95,57.7,1.19,27.16,0.0,1.55,NORMAL,train
4169,mumbai,2020-05-29,5,33.1,33.66,59.0,,26.88,0.0,-0.56,NORMAL,train
2471,mumbai,2020-06-02,6,35.1,33.16,71.0,3.91,10.98,0.0,1.94,NORMAL,train
2867,mumbai,2020-06-08,6,27.0,32.31,88.9,5.95,11.26,9.8,-5.31,NORMAL,validation
3320,mumbai,2020-06-14,6,36.7,31.38,82.5,1.8,18.89,0.0,5.32,HEATWAVE,validation
2987,mumbai,2020-06-16,6,35.1,31.06,57.5,1.52,21.59,0.0,4.04,NORMAL,train
243,mumbai,2020-07-13,7,27.8,28.64,85.9,4.2,21.53,121.6,-0.84,NORMAL,train
872,mumbai,2020-07-14,7,29.4,28.58,89.6,3.97,16.06,0.0,0.82,NORMAL,test
375,mumbai,2020-07-21,7,29.6,28.31,90.9,5.64,12.37,114.0,1.29,NORMAL,train
81,mumbai,2020-07-27,7,31.0,28.14,82.3,3.19,19.96,0.0,2.86,NORMAL,validation
1891,mumbai,2020-08-06,8,29.1,28.05,86.5,5.18,15.16,2.0,1.05,NORMAL,train
4193,mumbai,2020-08-20,8,27.8,28.24,90.8,2.59,13.07,38.6,-0.44,NORMAL,train
3586,mumbai,2020-08-23,8,27.4,28.35,89.3,4.6,11.19,28.2,-0.95,NORMAL,train
2655,mumbai,2020-09-10,9,30.7,28.97,88.7,1.7,,1.5,1.73,NORMAL,train
4611,mumbai,2020-09-23,9,31.5,29.96,86.2,1.54,12.43,0.0,1.54,NORMAL,test
4953,mumbai,2020-09-24,9,31.2,30.05,82.5,1.84,21.59,18.7,1.15,NORMAL,train
4650,mumbai,2020-10-12,10,35.2,31.68,70.0,0.66,19.24,0.0,3.52,NORMAL,validation
3177,mumbai,2020-10-17,10,31.1,32.02,83.5,1.35,21.58,0.0,-0.92,NORMAL,train
436,mumbai,2020-10-18,10,33.4,32.08,71.4,2.09,16.72,0.0,1.32,NORMAL,train
2443,mumbai,2020-10-28,10,33.9,32.48,85.2,1.22,21.97,7.3,1.42,NORMAL,train
856,mumbai,2020-11-08,11,32.0,32.44,59.3,2.1,22.81,0.0,-0.44,NORMAL,validation
909,mumbai,2020-11-09,11,36.8,32.42,50.4,1.14,22.14,0.0,4.38,NORMAL,test
344,mumbai,2020-11-23,11,36.4,31.92,52.0,1.63,21.46,0.0,4.48,NORMAL,test
362,mumbai,2020-12-11,12,35.5,31.11,53.8,2.16,14.94,0.0,4.39,NORMAL,train
885,mumbai,2020-12-14,12,32.0,30.94,53.4,3.5,18.85,0.0,1.06,NORMAL,train
1040,mumbai,2020-12-17,12,35.9,30.77,43.2,1.36,19.11,0.0,5.13,NORMAL,train
760,mumbai,2021-01-02,1,35.4,30.06,42.9,1.31,21.62,0.0,5.34,NORMAL,train
1279,mumbai,2021-01-08,1,28.6,29.87,75.2,1.91,17.67,0.0,-1.27,NORMAL,train
4235,mumbai,2021-01-30,1,43.2,30.25,5.0,1.29,26.48,0.0,12.95,SEVERE_HEATWAVE,train
1376,mumbai,2021-02-11,2,33.9,30.86,34.6,1.88,22.92,0.0,3.04,NORMAL,train
2779,mumbai,2021-02-14,2,36.9,31.04,24.3,1.61,23.51,0.0,5.86,HEATWAVE,train
3019,mumbai,2021-02-19,2,35.9,31.34,10.5,1.76,22.83,0.0,4.56,NORMAL,train
433,mumbai,2021-03-01,3,38.2,32.06,29.5,2.08,25.44,0.0,6.14,HEATWAVE,test
3277,mumbai,2021-03-03,3,34.3,32.22,28.5,1.73,27.15,0.0,2.08,NORMAL,validation
2249,mumbai,2021-03-06,3,36.5,32.48,24.4,1.66,29.72,0.0,4.02,NORMAL,test
46,mumbai,2021-03-10,3,32.8,32.76,40.0,2.35,22.85,0.0,0.04,NORMAL,validation
4011,mumbai,2021-03-14,3,31.8,33.01,59.0,2.2,22.26,0.0,-1.21,NORMAL,train
2422,mumbai,2021-03-15,3,35.5,33.08,27.3,2.37,24.17,0.0,2.42,NORMAL,train
921,mumbai,2021-03-16,3,38.6,33.14,37.5,1.61,23.75,0.0,5.46,HEATWAVE,train
4674,mumbai,2021-03-18,3,37.8,33.26,34.6,1.67,27.2,0.0,4.54,HEATWAVE,train
4319,mumbai,2021-04-10,4,33.4,34.28,44.8,2.12,22.51,0.0,-0.88,NORMAL,validation
939,mumbai,2021-04-11,4,41.5,34.31,35.1,1.97,29.14,0.0,7.19,SEVERE_HEATWAVE,validation
95,mumbai,2021-04-24,4,39.0,34.66,31.7,2.15,29.34,0.0,4.34,NORMAL,train
2053,mumbai,2021-04-25,4,35.1,34.67,33.7,2.07,26.18,0.0,0.43,NORMAL,train
2487,mumbai,2021-04-30,4,39.0,34.7,35.7,1.92,28.05,0.0,4.3,HEATWAVE,train
1855,mumbai,2021-05-21,5,35.5,34.31,56.1,2.04,26.72,0.0,1.19,NORMAL,train
926,mumbai,2021-05-22,5,40.7,34.25,46.7,2.41,26.61,0.0,6.45,SEVERE_HEATWAVE,train
91,mumbai,2021-06-11,6,36.9,31.83,52.8,2.45,18.66,0.0,5.07,NORMAL,train
1185,mumbai,2021-06-23,6,35.6,30.08,63.1,2.08,26.95,0.0,5.52,NORMAL,train
3824,mumbai,2021-06-29,6,30.8,29.43,73.6,3.25,5.76,0.0,1.37,NORMAL,train
3336,mumbai,2021-07-03,7,30.5,29.15,80.3,4.42,14.25,53.8,1.35,NORMAL,train
1293,mumbai,2021-07-06,7,27.3,28.99,,5.39,14.95,26.3,-1.69,NORMAL,train
917,mumbai,2021-07-28,7,27.4,28.11,88.1,2.35,20.65,,-0.71,NORMAL,validation
2875,mumbai,2021-08-04,8,28.6,28.05,87.6,2.58,13.82,0.0,0.55,NORMAL,train
4158,mumbai,2021-08-13,8,27.8,28.1,89.1,3.12,4.84,1.2,-0.3,NORMAL,train
884,mumbai,2021-08-14,8,27.6,28.11,89.5,2.84,17.57,0.5,-0.51,NORMAL,train
2547,mumbai,2021-08-16,8,28.7,28.16,92.5,4.23,11.04,1.8,0.54,NORMAL,train
878,mumbai,2021-08-18,8,30.2,28.19,82.1,1.66,14.87,0.0,2.01,NORMAL,train
3552,mumbai,2021-08-20,8,29.6,28.24,86.3,1.61,12.42,0.0,1.36,NORMAL,train
2141,mumbai,2021-08-22,8,34.0,28.32,73.4,2.32,17.24,0.0,5.68,NORMAL,train
1779,mumbai,2021-09-10,9,29.7,28.97,88.7,4.13,21.17,0.0,0.73,NORMAL,test
3247,mumbai,2021-09-18,9,28.0,29.57,88.6,4.8,22.94,25.0,-1.57,NORMAL,test
1441,mumbai,2021-10-04,10,32.3,30.96,68.8,2.09,14.43,0.0,1.34,NORMAL,validation
1000,mumbai,2021-10-09,10,31.8,31.45,73.6,,16.2,0.0,0.35,NORMAL,train
3095,mumbai,2021-10-10,10,32.0,31.53,75.7,1.53,19.42,0.0,0.47,NORMAL,train
987,mumbai,2021-10-25,10,30.4,32.43,83.2,2.44,18.03,0.1,-2.03,NORMAL,test
3059,mumbai,2021-10-28,10,37.4,32.48,72.2,0.98,19.08,,4.92,HEATWAVE,train
268,mumbai,2021-10-29,10,31.5,32.49,83.5,1.24,13.18,2.5,-0.99,NORMAL,validation
4834,mumbai,2021-11-07,11,41.8,32.45,50.0,0.96,22.35,0.0,9.35,SEVERE_HEATWAVE,train
4921,mumbai,2021-11-16,11,36.9,32.22,48.8,1.53,19.66,0.0,4.68,NORMAL,train
1863,mumbai,2021-11-17,11,30.5,32.17,85.3,1.54,16.3,0.0,-1.67,NORMAL,train
3327,mumbai,2021-12-03,12,37.3,31.5,49.6,1.55,21.48,0.0,5.8,HEATWAVE,train
1493,mumbai,2021-12-22,12,37.0,30.47,36.4,1.01,19.78,0.0,6.53,NORMAL,train
888,mumbai,2021-12-23,12,30.9,30.43,73.0,2.19,16.79,0.0,0.47,NORMAL,train
1744,mumbai,2021-12-26,12,29.6,30.28,50.2,1.49,16.97,0.0,-0.68,NORMAL,train
249,mumbai,2022-01-06,1,31.3,29.93,49.0,2.04,21.43,0.0,1.37,NORMAL,test
1973,mumbai,2022-01-20,1,30.3,30.02,73.9,2.15,14.81,0.0,0.28,NORMAL,train
2069,mumbai,2022-01-21,1,28.9,30.05,38.9,2.43,18.52,0.0,-1.15,NORMAL,train
2472,mumbai,2022-01-26,1,37.6,30.12,35.2,1.81,22.02,0.0,7.48,SEVERE_HEATWAVE,test
3872,mumbai,2022-01-29,1,37.1,30.2,,1.16,23.83,0.0,6.9,SEVERE_HEATWAVE,train
1847,mumbai,2022-02-14,2,34.9,31.04,,1.65,23.76,0.0,3.86,NORMAL,train
3159,mumbai,2022-02-23,2,40.4,31.57,28.2,1.91,25.33,0.0,8.83,SEVERE_HEATWAVE,train
1103,mumbai,2022-03-13,3,30.8,32.95,62.0,2.12,21.8,0.0,-2.15,NORMAL,train
285,mumbai,2022-03-14,3,38.0,33.01,50.7,1.86,25.94,0.0,4.99,NORMAL,train
2982,mumbai,2022-03-20,3,31.8,33.35,32.1,2.25,23.2,0.0,-1.55,NORMAL,validation
3134,mumbai,2022-03-21,3,33.2,33.41,37.7,2.86,23.28,0.0,-0.21,NORMAL,train
2230,mumbai,2022-03-29,3,37.8,33.89,38.7,2.32,,0.0,3.91,NORMAL,train
4807,mumbai,2022-04-19,4,35.7,34.55,48.1,2.12,24.52,0.0,1.15,NORMAL,train
3131,mumbai,2022-04-23,4,34.7,34.64,42.7,2.04,24.89,0.0,0.06,NORMAL,train
482,mumbai,2022-04-24,4,36.4,34.66,50.4,1.8,28.52,0.0,1.74,NORMAL,train
1085,mumbai,2022-04-25,4,39.5,34.67,46.5,1.74,31.99,0.0,4.83,HEATWAVE,train
622,mumbai,2022-05-27,5,31.9,33.87,76.2,3.89,24.37,0.0,-1.97,NORMAL,train
1696,mumbai,2022-05-30,5,38.0,33.55,54.3,2.81,28.45,0.0,4.45,HEATWAVE,train
4549,mumbai,2022-06-01,6,39.2,33.31,67.6,3.25,24.57,0.0,5.89,HEATWAVE,train
4765,mumbai,2022-06-04,6,27.5,32.88,75.0,3.62,5.7,11.3,-5.38,NORMAL,train
3673,mumbai,2022-06-05,6,33.4,32.74,75.1,3.63,29.17,9.1,0.66,NORMAL,train
1023,mumbai,2022-06-07,6,38.8,32.46,59.5,,28.93,0.0,6.34,SEVERE_HEATWAVE,train
4638,mumbai,2022-06-14,6,33.6,31.38,86.1,2.46,20.66,0.0,2.22,NORMAL,validation
3024,mumbai,2022-06-22,6,33.4,30.21,77.7,5.13,22.04,0.0,3.19,NORMAL,test
4093,mumbai,2022-06-26,6,36.8,29.71,50.5,2.75,20.28,0.0,7.09,NORMAL,test
2389,mumbai,2022-07-01,7,27.7,29.28,88.2,5.01,12.56,28.9,-1.58,NORMAL,train
4691,mumbai,2022-07-19,7,28.3,28.38,88.1,4.38,14.02,90.1,-0.08,NORMAL,test
2315,mumbai,2022-07-22,7,27.2,28.27,87.4,2.79,10.77,24.0,-1.07,NORMAL,train
599,mumbai,2022-08-06,8,29.3,28.05,85.8,1.47,17.8,0.0,1.25,NORMAL,validation
1135,mumbai,2022-08-13,8,27.4,28.1,90.2,1.65,17.29,9.4,-0.7,NORMAL,train
2893,mumbai,2022-08-26,8,27.2,28.46,91.3,3.92,14.08,0.0,-1.26,NORMAL,test
2465,mumbai,2022-09-09,9,31.0,28.92,84.8,2.22,27.0,,2.08,NORMAL,train
1416,mumbai,2022-09-11,9,30.8,29.02,86.5,2.61,17.42,17.6,1.78,NORMAL,train
3449,mumbai,2022-09-12,9,31.5,29.09,81.4,1.63,23.87,0.4,2.41,NORMAL,validation
1472,mumbai,2022-09-13,9,31.2,29.16,81.0,1.91,12.61,0.3,2.04,NORMAL,train
1731,mumbai,2022-09-29,9,28.1,30.48,86.6,1.76,16.99,8.9,-2.38,NORMAL,test
2855,mumbai,2022-10-02,10,30.3,30.75,93.5,1.32,12.12,6.0,-0.45,NORMAL,test
3690,mumbai,2022-10-06,10,36.7,31.16,58.5,1.88,20.25,0.0,5.54,NORMAL,train
2342,mumbai,2022-10-08,10,38.8,31.35,46.1,0.92,23.14,0.0,7.45,SEVERE_HEATWAVE,train
2344,mumbai,2022-10-12,10,30.8,31.68,71.9,1.21,15.83,0.0,-0.88,NORMAL,train
4956,mumbai,2022-10-20,10,34.1,32.21,59.3,1.39,19.91,0.0,1.89,NORMAL,train
4368,mumbai,2022-10-22,10,32.9,32.32,74.8,1.69,17.33,0.0,0.58,NORMAL,train
4333,mumbai,2022-10-23,10,36.5,32.37,63.4,1.31,14.87,0.0,4.13,NORMAL,train
3000,mumbai,2022-11-03,11,36.8,32.48,62.5,1.91,23.38,0.0,4.32,NORMAL,train
4034,mumbai,2022-11-06,11,32.5,32.47,62.3,2.27,16.17,0.0,0.03,NORMAL,train
709,mumbai,2022-11-12,11,32.5,32.38,78.9,2.38,19.9,0.0,0.12,NORMAL,test
3653,mumbai,2022-11-25,11,33.4,31.84,,2.24,17.02,0.0,1.56,NORMAL,train
3640,mumbai,2022-11-27,11,36.7,31.75,54.5,1.09,16.28,0.0,4.95,HEATWAVE,validation
4899,mumbai,2022-11-28,11,43.9,31.7,28.9,1.02,21.73,0.0,12.2,SEVERE_HEATWAVE,train
2025,mumbai,2022-12-28,12,29.8,30.22,68.1,1.45,14.07,0.0,-0.42,NORMAL,train
132,mumbai,2023-01-09,1,35.7,29.85,34.1,2.39,21.59,0.0,5.85,NORMAL,validation
2028,mumbai,2023-01-24,1,27.4,30.09,34.1,1.43,19.5,0.0,-2.69,NORMAL,train
3821,mumbai,2023-02-13,2,32.8,30.98,42.3,2.02,24.38,0.0,1.82,NORMAL,train
952,mumbai,2023-02-15,2,34.4,31.08,46.3,2.07,22.51,0.0,3.32,NORMAL,train
4880,mumbai,2023-03-08,3,30.7,32.62,31.1,1.67,19.12,0.0,-1.92,NORMAL,train
3251,mumbai,2023-03-22,3,40.3,33.47,31.7,1.99,24.52,0.0,6.83,SEVERE_HEATWAVE,validation
2608,mumbai,2023-03-23,3,39.9,33.54,26.1,1.74,25.13,0.0,6.36,HEATWAVE,train
682,mumbai,2023-04-06,4,38.8,34.15,30.9,1.65,25.95,0.0,4.65,NORMAL,test
1875,mumbai,2023-04-08,4,37.2,34.22,35.5,1.65,26.66,0.0,2.98,NORMAL,train
4809,mumbai,2023-05-03,5,33.6,34.73,55.6,3.26,20.94,0.0,-1.13,NORMAL,train
4505,mumbai,2023-05-09,5,44.0,34.72,33.0,1.65,27.36,0.0,9.28,SEVERE_HEATWAVE,train
2077,mumbai,2023-05-20,5,37.7,34.37,59.3,1.85,29.61,0.0,3.33,NORMAL,train
2597,mumbai,2023-05-26,5,34.5,33.95,60.3,3.27,24.01,7.2,0.55,NORMAL,train
14,mumbai,2023-06-13,6,31.7,31.53,,4.71,20.54,0.0,0.17,NORMAL,test
2013,mumbai,2023-06-17,6,42.9,30.91,48.7,2.12,13.62,0.0,11.99,SEVERE_HEATWAVE,test
4626,mumbai,2023-06-27,6,36.7,29.61,55.9,2.52,24.83,0.0,7.09,NORMAL,train
2146,mumbai,2023-07-13,7,30.0,28.64,90.9,5.23,12.73,6.0,1.36,NORMAL,train
1620,mumbai,2023-08-05,8,27.3,28.06,91.0,6.43,19.19,115.0,-0.76,NORMAL,test
2524,mumbai,2023-08-07,8,28.5,28.05,91.1,4.21,19.2,5.6,0.45,NORMAL,train
2423,mumbai,2023-08-16,8,26.5,28.16,91.2,3.81,18.8,26.0,-1.66,NORMAL,test
3437,mumbai,2023-08-20,8,29.0,28.24,90.2,1.98,16.31,31.3,0.76,NORMAL,validation
2102,mumbai,2023-08-23,8,26.9,28.35,93.3,2.93,6.11,20.4,-1.45,NORMAL,train
861,mumbai,2023-08-25,8,33.6,28.42,74.3,2.47,27.98,0.0,5.18,NORMAL,validation
228,mumbai,2023-08-31,8,30.0,28.66,83.0,5.63,6.94,0.0,1.34,NORMAL,train
2411,mumbai,2023-09-16,9,28.4,29.41,89.5,2.57,16.46,0.0,-1.01,NORMAL,test
2750,mumbai,2023-09-28,9,29.6,30.39,85.3,3.08,11.72,24.1,-0.79,NORMAL,train
1805,mumbai,2023-10-07,10,33.3,31.26,66.5,1.12,15.19,0.0,2.04,NORMAL,validation
1887,mumbai,2023-10-17,10,30.8,32.02,83.5,2.47,18.67,31.6,-1.22,NORMAL,train
2084,mumbai,2023-10-22,10,36.6,32.32,60.4,1.18,21.17,0.0,4.28,HEATWAVE,test
4367,mumbai,2023-11-21,11,35.2,32.01,59.7,1.95,20.08,0.0,3.19,NORMAL,train
3701,mumbai,2023-12-02,12,36.4,31.54,53.1,1.17,16.14,,4.86,HEATWAVE,train
2466,mumbai,2023-12-08,12,42.0,31.27,37.3,0.86,19.54,0.0,10.73,SEVERE_HEATWAVE,train
1802,mumbai,2023-12-27,12,33.4,30.25,51.3,0.91,17.82,0.0,3.15,NORMAL,train
1325,mumbai,2024-01-05,1,36.8,29.96,24.1,0.88,24.4,0.0,6.84,NORMAL,train
16,mumbai,2024-01-06,1,30.7,29.93,53.4,1.9,19.17,0.0,0.77,NORMAL,validation
154,mumbai,2024-01-10,1,29.0,29.83,,1.75,17.28,0.0,-0.83,NORMAL,train
1017,mumbai,2024-01-24,1,29.9,30.09,41.0,1.2,19.98,0.0,-0.19,NORMAL,test
2012,mumbai,2024-02-02,2,35.6,30.35,6.0,1.7,23.36,0.0,5.25,NORMAL,test
2632,mumbai,2024-02-11,2,25.7,30.86,51.1,1.8,20.56,0.0,-5.16,NORMAL,train
931,mumbai,2024-02-20,2,35.7,31.39,5.0,2.1,25.04,0.0,4.31,NORMAL,train
4383,mumbai,2024-02-22,2,36.5,31.5,28.5,2.15,22.21,0.0,5.0,NORMAL,train
2222,mumbai,2024-02-27,2,37.2,31.86,36.8,2.22,26.2,0.0,5.34,HEATWAVE,train
1327,mumbai,2024-04-02,4,43.8,34.04,28.9,1.84,30.56,0.0,9.76,SEVERE_HEATWAVE,train
3688,mumbai,2024-04-08,4,36.9,34.22,52.0,1.92,26.59,0.0,2.68,NORMAL,train
354,mumbai,2024-04-09,4,33.6,34.25,58.3,2.19,22.82,0.0,-0.65,NORMAL,train
497,mumbai,2024-04-12,4,41.1,34.35,49.0,1.49,29.14,0.0,6.75,HEATWAVE,test
3632,mumbai,2024-04-21,4,41.9,34.6,27.5,2.09,30.42,0.0,7.3,SEVERE_HEATWAVE,test
4617,mumbai,2024-04-28,4,43.7,34.69,9.4,1.93,30.21,0.0,9.01,SEVERE_HEATWAVE,train
674,mumbai,2024-05-03,5,39.6,34.73,47.2,2.87,26.64,0.0,4.87,HEATWAVE,train
3051,mumbai,2024-05-05,5,33.6,34.72,60.5,3.14,19.47,0.0,-1.12,NORMAL,train
4792,mumbai,2024-06-06,6,29.6,32.6,84.4,2.63,20.56,0.0,-3.0,NORMAL,train
2020,mumbai,2024-06-12,6,30.9,31.69,83.2,2.33,20.62,39.5,-0.79,NORMAL,validation
4818,mumbai,2024-06-19,6,30.6,30.62,79.5,3.74,22.22,39.6,-0.02,NORMAL,validation
1009,mumbai,2024-06-22,6,30.2,30.21,68.8,3.1,7.48,13.5,-0.01,NORMAL,test
1028,mumbai,2024-06-30,6,26.0,29.36,76.1,2.69,11.3,,-3.36,NORMAL,validation
2300,mumbai,2024-07-23,7,27.2,28.23,91.5,4.46,14.43,0.1,-1.03,NORMAL,train
1959,mumbai,2024-07-28,7,28.2,28.11,93.9,4.83,20.14,0.0,0.09,NORMAL,train
3883,mumbai,2024-07-30,7,25.9,28.08,88.9,6.18,12.32,0.0,-2.18,NORMAL,test
1830,mumbai,2024-09-14,9,29.1,29.24,88.5,3.67,21.92,5.0,-0.14,NORMAL,train
4648,mumbai,2024-09-22,9,29.2,29.87,,2.67,25.7,1.3,-0.67,NORMAL,test
1178,mumbai,2024-09-27,9,29.3,30.3,94.0,1.67,12.16,3.0,-1.0,NORMAL,train
150,mumbai,2024-09-28,9,29.4,30.39,84.4,2.08,4.4,1.7,-0.99,NORMAL,train
4361,mumbai,2024-10-01,10,30.6,30.66,73.0,1.62,21.53,6.7,-0.06,NORMAL,test
3029,mumbai,2024-10-06,10,36.7,31.16,59.7,0.96,12.07,0.0,5.54,NORMAL,train
1884,mumbai,2024-10-07,10,30.4,31.26,90.5,0.95,21.5,0.0,-0.86,NORMAL,train
3671,mumbai,2024-10-17,10,31.9,32.02,71.4,1.68,18.38,5.3,-0.12,NORMAL,train
2573,mumbai,2024-10-18,10,30.6,32.08,75.4,2.25,19.24,0.0,-1.48,NORMAL,test
1232,mumbai,2024-11-11,11,37.0,32.4,45.9,1.32,15.14,0.0,4.6,NORMAL,validation
4121,mumbai,2024-12-07,12,31.0,31.32,60.2,2.47,14.81,0.0,-0.32,NORMAL,test
4998,mumbai,2024-12-08,12,31.4,31.27,63.2,1.8,14.03,0.0,0.13,NORMAL,test
3174,mumbai,2024-12-09,12,31.3,31.21,39.9,1.91,16.92,0.0,0.09,NORMAL,train
3161,mumbai,2024-12-14,12,36.8,30.94,55.4,1.53,23.21,0.0,5.86,HEATWAVE,train
